{
	"code": "motor",
	"creativeinventory": {
		"qptech-parts": [ "*" ]
	},
	"variantgroups": [
		{
			"code": "level",
			"states": [ "mv" ]
		}
	],
	"attributes": {
		"groundStorageTransform": {
			"rotation": {
				"x": 0,
				"y": 23,
				"z": 0
			},
			"origin": {
				"x": 0.5,
				"y": 0,
				"z": 0.5
			},
			"scale": 0.6
		}
	},
		"behaviors": [
		{
			"name": "GroundStorable",
			"properties": {
				"layout": "Quadrants",
				"collisionBox": {
					"x1": 0,
					"y1": 0,
					"z1": 0,
					"x2": 1,
					"y2": 0.375,
					"z2": 1
				}
			}
		}
	],
	"drawtype": "json",
	"shape": { "base": "item/part/motor-mv" },
	"maxstacksize": 4,
	"guiTransform": {
		"translation": {
			"x": 0,
			"y": 0,
			"z": 0
		},
		"rotation": {
			"x": -10,
			"y": -36,
			"z": 0
		},
		"origin": {
			"x": 0.5,
			"y": 0.48,
			"z": 0.48
		},
		"scale": 1.08
	},
	"fpHandTransform": {
		"translation": {
			"x": -0.1,
			"y": 0.2,
			"z": 0
		},
		"rotation": {
			"x": 8,
			"y": 1,
			"z": -42
		},
		"origin": {
			"x": 0.5,
			"y": 0,
			"z": 0.5
		},
		"scale": 1.27
	},
	"groundTransform": {
		"translation": {
			"x": 0,
			"y": 0,
			"z": 0
		},
		"rotation": {
			"x": 0,
			"y": 0,
			"z": 0
		},
		"origin": {
			"x": 0.5,
			"y": 0,
			"z": 0.5
		},
		"scale": 1.85
	},
	"tpHandTransform": {
		"translation": {
			"x": -2.1,
			"y": -0.09,
			"z": -1.5
		},
		"rotation": {
			"x": -2,
			"y": 9,
			"z": -8
		},
		"origin": {
			"x": 0.5,
			"y": 0,
			"z": 0.5
		},
		"scale": 0.31
	}

}