{
	"editor": {
		"allAngles": false,
		"entityTextureMode": false
	},
	"textureWidth": 16,
	"textureHeight": 16,
	"textureSizes": {
	},
	"textures": {
		"shinybrass": "block/shinybrass",
		"machinery-tin": "block/machinery-tin"
	},
	"elements": [
		{
			"name": "Light",
			"from": [ 0.0, 1.0, 0.0 ], 
			"to": [ 16.0, 15.0, 16.0 ], 
			"rotationOrigin": [ 0.0, 1.0, 0.0 ],
			"faces": {
				"north": { "texture": "#shinybrass", "uv": [ 0.0, 0.0, 16.0, 14.0 ] },
				"east": { "texture": "#shinybrass", "uv": [ 0.0, 0.0, 16.0, 14.0 ] },
				"south": { "texture": "#shinybrass", "uv": [ 0.0, 0.0, 16.0, 14.0 ] },
				"west": { "texture": "#shinybrass", "uv": [ 0.0, 0.0, 16.0, 14.0 ] },
				"up": { "texture": "#shinybrass", "uv": [ 0.0, 0.0, 16.0, 16.0 ] },
				"down": { "texture": "#shinybrass", "uv": [ 0.0, 0.0, 16.0, 16.0 ], "glow": 255 }
			}
		},
		{
			"name": "Light4",
			"from": [ 1.0, 0.0, 1.0 ], 
			"to": [ 15.0, 1.0, 15.0 ], 
			"rotationOrigin": [ 1.0, 0.0, 1.0 ],
			"faces": {
				"north": { "texture": "#shinybrass", "uv": [ 0.0, 0.0, 14.0, 1.0 ] },
				"east": { "texture": "#shinybrass", "uv": [ 0.0, 0.0, 14.0, 1.0 ] },
				"south": { "texture": "#shinybrass", "uv": [ 0.0, 0.0, 14.0, 1.0 ] },
				"west": { "texture": "#shinybrass", "uv": [ 0.0, 0.0, 14.0, 1.0 ] },
				"up": { "texture": "#shinybrass", "uv": [ 0.0, 0.0, 14.0, 14.0 ] },
				"down": { "texture": "#shinybrass", "uv": [ 0.0, 0.0, 14.0, 14.0 ], "glow": 255 }
			},
			"children": [
				{
					"name": "Cube7",
					"from": [ -1.0, 0.0, -1.0 ], 
					"to": [ 15.0, 1.0, 0.0 ], 
					"rotationOrigin": [ -1.0, 0.0, -1.0 ],
					"faces": {
						"north": { "texture": "#machinery-tin", "uv": [ 0.0, 0.0, 16.0, 1.0 ] },
						"east": { "texture": "#machinery-tin", "uv": [ 0.0, 0.0, 1.0, 1.0 ] },
						"south": { "texture": "#machinery-tin", "uv": [ 0.0, 0.0, 16.0, 1.0 ] },
						"west": { "texture": "#machinery-tin", "uv": [ 0.0, 0.0, 1.0, 1.0 ] },
						"up": { "texture": "#machinery-tin", "uv": [ 0.0, 0.0, 16.0, 1.0 ] },
						"down": { "texture": "#machinery-tin", "uv": [ 0.0, 0.0, 16.0, 1.0 ] }
					}
				},
				{
					"name": "Cube5",
					"from": [ -1.0, 0.0, 14.0 ], 
					"to": [ 15.0, 1.0, 15.0 ], 
					"rotationOrigin": [ -1.0, 0.0, 14.0 ],
					"faces": {
						"north": { "texture": "#machinery-tin", "uv": [ 0.0, 0.0, 16.0, 1.0 ] },
						"east": { "texture": "#machinery-tin", "uv": [ 0.0, 0.0, 1.0, 1.0 ] },
						"south": { "texture": "#machinery-tin", "uv": [ 0.0, 0.0, 16.0, 1.0 ] },
						"west": { "texture": "#machinery-tin", "uv": [ 0.0, 0.0, 1.0, 1.0 ] },
						"up": { "texture": "#machinery-tin", "uv": [ 0.0, 0.0, 16.0, 1.0 ] },
						"down": { "texture": "#machinery-tin", "uv": [ 0.0, 0.0, 16.0, 1.0 ] }
					}
				},
				{
					"name": "Cube6",
					"from": [ -1.0, 0.0, 0.0 ], 
					"to": [ 0.0, 1.0, 14.0 ], 
					"rotationOrigin": [ -1.0, 0.0, 0.0 ],
					"faces": {
						"north": { "texture": "#machinery-tin", "uv": [ 0.0, 0.0, 1.0, 1.0 ] },
						"east": { "texture": "#machinery-tin", "uv": [ 0.0, 0.0, 14.0, 1.0 ] },
						"south": { "texture": "#machinery-tin", "uv": [ 0.0, 0.0, 1.0, 1.0 ] },
						"west": { "texture": "#machinery-tin", "uv": [ 0.0, 0.0, 14.0, 1.0 ] },
						"up": { "texture": "#machinery-tin", "uv": [ 0.0, 0.0, 1.0, 14.0 ] },
						"down": { "texture": "#machinery-tin", "uv": [ 0.0, 0.0, 1.0, 14.0 ] }
					}
				},
				{
					"name": "Cube8",
					"from": [ 14.0, 0.0, 0.0 ], 
					"to": [ 15.0, 1.0, 14.0 ], 
					"rotationOrigin": [ 14.0, 0.0, 0.0 ],
					"faces": {
						"north": { "texture": "#machinery-tin", "uv": [ 0.0, 0.0, 1.0, 1.0 ] },
						"east": { "texture": "#machinery-tin", "uv": [ 0.0, 0.0, 14.0, 1.0 ] },
						"south": { "texture": "#machinery-tin", "uv": [ 0.0, 0.0, 1.0, 1.0 ] },
						"west": { "texture": "#machinery-tin", "uv": [ 0.0, 0.0, 14.0, 1.0 ] },
						"up": { "texture": "#machinery-tin", "uv": [ 0.0, 0.0, 1.0, 14.0 ] },
						"down": { "texture": "#machinery-tin", "uv": [ 0.0, 0.0, 1.0, 14.0 ] }
					}
				}
			]
		},
		{
			"name": "Light7",
			"from": [ 1.0, 15.0, 1.0 ], 
			"to": [ 15.0, 16.0, 15.0 ], 
			"rotationOrigin": [ 1.0, 15.0, 1.0 ],
			"faces": {
				"north": { "texture": "#shinybrass", "uv": [ 0.0, 0.0, 14.0, 1.0 ] },
				"east": { "texture": "#shinybrass", "uv": [ 0.0, 0.0, 14.0, 1.0 ] },
				"south": { "texture": "#shinybrass", "uv": [ 0.0, 0.0, 14.0, 1.0 ] },
				"west": { "texture": "#shinybrass", "uv": [ 0.0, 0.0, 14.0, 1.0 ] },
				"up": { "texture": "#shinybrass", "uv": [ 0.0, 0.0, 14.0, 14.0 ] },
				"down": { "texture": "#shinybrass", "uv": [ 0.0, 0.0, 14.0, 14.0 ], "glow": 255 }
			},
			"children": [
				{
					"name": "Cube9",
					"from": [ -1.0, 0.0, -1.0 ], 
					"to": [ 15.0, 1.0, 0.0 ], 
					"rotationOrigin": [ -1.0, 0.0, -1.0 ],
					"faces": {
						"north": { "texture": "#machinery-tin", "uv": [ 0.0, 0.0, 16.0, 1.0 ] },
						"east": { "texture": "#machinery-tin", "uv": [ 0.0, 0.0, 1.0, 1.0 ] },
						"south": { "texture": "#machinery-tin", "uv": [ 0.0, 0.0, 16.0, 1.0 ] },
						"west": { "texture": "#machinery-tin", "uv": [ 0.0, 0.0, 1.0, 1.0 ] },
						"up": { "texture": "#machinery-tin", "uv": [ 0.0, 0.0, 16.0, 1.0 ] },
						"down": { "texture": "#machinery-tin", "uv": [ 0.0, 0.0, 16.0, 1.0 ] }
					}
				},
				{
					"name": "Cube9",
					"from": [ -1.0, 0.0, 14.0 ], 
					"to": [ 15.0, 1.0, 15.0 ], 
					"rotationOrigin": [ -1.0, 0.0, 14.0 ],
					"faces": {
						"north": { "texture": "#machinery-tin", "uv": [ 0.0, 0.0, 16.0, 1.0 ] },
						"east": { "texture": "#machinery-tin", "uv": [ 0.0, 0.0, 1.0, 1.0 ] },
						"south": { "texture": "#machinery-tin", "uv": [ 0.0, 0.0, 16.0, 1.0 ] },
						"west": { "texture": "#machinery-tin", "uv": [ 0.0, 0.0, 1.0, 1.0 ] },
						"up": { "texture": "#machinery-tin", "uv": [ 0.0, 0.0, 16.0, 1.0 ] },
						"down": { "texture": "#machinery-tin", "uv": [ 0.0, 0.0, 16.0, 1.0 ] }
					}
				},
				{
					"name": "Cube10",
					"from": [ -1.0, 0.0, 0.0 ], 
					"to": [ 0.0, 1.0, 14.0 ], 
					"rotationOrigin": [ -1.0, 0.0, 0.0 ],
					"faces": {
						"north": { "texture": "#machinery-tin", "uv": [ 0.0, 0.0, 1.0, 1.0 ] },
						"east": { "texture": "#machinery-tin", "uv": [ 0.0, 0.0, 14.0, 1.0 ] },
						"south": { "texture": "#machinery-tin", "uv": [ 0.0, 0.0, 1.0, 1.0 ] },
						"west": { "texture": "#machinery-tin", "uv": [ 0.0, 0.0, 14.0, 1.0 ] },
						"up": { "texture": "#machinery-tin", "uv": [ 0.0, 0.0, 1.0, 14.0 ] },
						"down": { "texture": "#machinery-tin", "uv": [ 0.0, 0.0, 1.0, 14.0 ] }
					}
				},
				{
					"name": "Cube11",
					"from": [ 14.0, 0.0, 0.0 ], 
					"to": [ 15.0, 1.0, 14.0 ], 
					"rotationOrigin": [ 14.0, 0.0, 0.0 ],
					"faces": {
						"north": { "texture": "#machinery-tin", "uv": [ 0.0, 0.0, 1.0, 1.0 ] },
						"east": { "texture": "#machinery-tin", "uv": [ 0.0, 0.0, 14.0, 1.0 ] },
						"south": { "texture": "#machinery-tin", "uv": [ 0.0, 0.0, 1.0, 1.0 ] },
						"west": { "texture": "#machinery-tin", "uv": [ 0.0, 0.0, 14.0, 1.0 ] },
						"up": { "texture": "#machinery-tin", "uv": [ 0.0, 0.0, 1.0, 14.0 ] },
						"down": { "texture": "#machinery-tin", "uv": [ 0.0, 0.0, 1.0, 14.0 ] }
					}
				}
			]
		}
	]}