{
	"code": "signalswitch",
	"class": "BlockSignalSwitch",
	
	"attributesByType": {
		 
		 "*-down-north": {"replace":"rustandrails:signalswitch-up-north"},
		 "*-down-east": {"replace":"rustandrails:signalswitch-up-east"},
		 "*-down-south": {"replace":"rustandrails:signalswitch-up-south"},
		 "*-down-west": {"replace":"rustandrails:signalswitch-up-west"},
		 "*-up-north": {"replace":"rustandrails:signalswitch-down-north"},
		 "*-up-east": {"replace":"rustandrails:signalswitch-down-east"},
		 "*-up-south": {"replace":"rustandrails:signalswitch-down-south"},
		 "*-up-west": {"replace":"rustandrails:signalswitch-down-west"},
	},
	"behaviors": [
		{ "name": "Lockable" },
		{ "name": "Container" },
		{
			"name": "HorizontalOrientable",
			"properties": { "dropBlockFace": "east" }
		}
		
	],
	"variantgroups": [
		{
			"code": "state","states": ["up","down"]
		},
		{
			"code": "side",
			"loadFromProperties": "abstract/horizontalorientation"
		}
	],

	"creativeinventory": {
		
		"R&R": [ "*-down-east" ]
	},
	"blockmaterial": "Metal",
	"shape": { "base": "block/rails/railswitch-{state}" },
	"shapeByType": {
		"*-up-north": {"base": "block/rails/railswitch-up","rotateY": 0},
		"*-up-east": {"base": "block/rails/railswitch-up","rotateY": 270},
		"*-up-west": {"base": "block/rails/railswitch-up","rotateY": 90},
		"*-up-south": {"base": "block/rails/railswitch-up","rotateY": 180},
		"*-down-north": {"base": "block/rails/railswitch-down","rotateY": 0},
		"*-down-east": {"base": "block/rails/railswitch-down","rotateY": 270},
		"*-down-west": {"base": "block/rails/railswitch-down","rotateY": 90},
		"*-down-south": {"base": "block/rails/railswitch-down","rotateY": 180},
		
	},
	"drawtype": "json",
	
	"resistance": 1,
	"sideopaque": {
		"all": false
	},
	"sounds": {
		"place": "game:block/anvil",
		"walk": "game:walk/stone"
	},
	"guiTransform": {
		"origin": {
			"x": 0.5,
			"y": 0.5,
			"z": 0.5
		},
		"scale": 1
	},
	
		"selectionBox": { x1: 0.125, y1: 0, z1: 0.15, x2: 0.75, y2: 0.8125, z2: 0.75 }
		
}