{
	code: "switchedrails",
	"class": "BlockRail",
	behaviors: [ {name: "Unstable"} ],
	
	"attributesByType": {
		"*-flat_we": {"railswitch": "rustandrails:switchedrails-flat_ns"},
		"*-flat_ns": {"railswitch": "rustandrails:switchedrails-flat_we"}
	},
	variantgroups: [
		{ code: "type", states: ["flat_ns", "flat_we"] }
	],
	creativeinventory: { "R&R": ["*-flat_ns"] },
	drops: [
		{ type: "block", code: "rustandrails:switchedrails-flat_ns" }
	],
	shapeByType: {
		"*-flat_we":  { base: "rustandrails:block/rails/switchingrails-flat_ns", rotateY: 90 },
		"*-flat_ns":  { base: "rustandrails:block/rails/switchingrails-flat_ns", rotateY: 0 },
	},
	blockmaterial: "Wood",
	textures: {
		wood: { base: "game:block/wood/planks/generic" },
	},
	sidesolid: {
		all: false
	},
	sideopaque: {
		all: false
	},
	resistance: 0.5,
	lightAbsorption: 0,
	collisionbox: null,
	selectionbox: { x1: 0, y1: 0, z1: 0, x2: 1, y2: 0.125, z2: 1 },
	sounds: {
		"place": "block/planks",
		"hit": "block/planks",
		"break": "block/planks",
		"walk": "walk/wood"
	},
	guiTransform: {
		translation: { x: 0, y: 2, z: 0 },
		origin: { x: 0.5, y: 0.0625, z: 0.5 },
		scale: 1.3
	},
	tpHandTransform: {
		translation: { x: -1.2, y: -0.4, z: -1.3 },
		rotation: { x: -68, y: 0, z: 0 },
		origin: { x: 0.5, y: 0.1, z: 0.5 },
		scale: 0.4
	},
	groundTransform: {
		origin: { x: 0.5, y: 0, z: 0.5 },
		scale: 2
	},
	fpHandTransform: {
		translation: { x: 0, y: 0.1, z: 0 },
		rotation: { x: 0, y: -50, z: 67 },
		origin: { x: 0.5, y: 0.13, z: 0.5 }
	}
}