{
	"code": "dummygauge",
	"creativeinventory": {
		
		"qptech": [ "" ]
	},
	
	"entityclass": "BETextureTest",
	
	"shape": {
		
			"base": "machines:block/metal/electric/roundgauge0",
			
	},
	"blockmaterial": "Wood",
	"lightAbsorption": 0,
	"sidesolid": {
		"all": false
	},
	"sideopaque": {
		"all": false
	},
	"faceCullMode": "NeverCull",
	"replaceable": 500,
	"resistance": 3,
	
	"sounds": {
		"place": "block/planks",
		"hit": "block/planks",
		"break": "block/planks",
		"walk": "walk/wood"
	}
	
}