{
	"code": "watertower",
	"creativeinventory": {
		"general": [ "*" ],
		"qptech": [ "*" ]

	},
	"entityclass": "BEWaterTower",
	"class": "BlockMBT",
	"blockmaterial": "Metal",
	"drawtype": "json",
	"shape": { "base": "block/wood/watertower" },
	"attributes": {
		"tick": 10000,
		"waterPerTick": 1,
		"bonusRainWaterPerTick": 2,
		"internalStorageCapacity": 512,
		"mboffset": [ 1, 1, 0 ],
		"multiblockStructure": {
			"blockNumbers": {
				"metalblock-*": 1,
				"planks-*": 2,
				"machines:watertower": 3,
				"woodenfence-*": 4

			},
			"offsets": [
				{
					"x": -1,
					"y": 1,
					"z": 1,
					"w": 1
				},
				{
					"x": -1,
					"y": 1,
					"z": -1,
					"w": 1
				},
				{
					"x": -1,
					"y": 2,
					"z": 1,
					"w": 2
				},
				{
					"x": -1,
					"y": 2,
					"z": -1,
					"w": 2
				},
				{
					"x": -1,
					"y": 0,
					"z": 1,
					"w": 2
				},
				{
					"x": -1,
					"y": 0,
					"z": -1,
					"w": 2
				},
				{
					"x": -1,
					"y": -1,
					"z": 0,
					"w": 3
				},
				{
					"x": -1,
					"y": -1,
					"z": 1,
					"w": 4
				},
				{
					"x": -1,
					"y": -1,
					"z": -1,
					"w": 4
				},
				{
					"x": 0,
					"y": 1,
					"z": 0,
					"w": 1
				},
				{
					"x": 0,
					"y": 1,
					"z": 1,
					"w": 1
				},
				{
					"x": 0,
					"y": 1,
					"z": -1,
					"w": 1
				},
				{
					"x": 0,
					"y": 2,
					"z": 0,
					"w": 2
				},
				{
					"x": 0,
					"y": 2,
					"z": 1,
					"w": 2
				},
				{
					"x": 0,
					"y": 2,
					"z": -1,
					"w": 2
				},
				{
					"x": 0,
					"y": 0,
					"z": 0,
					"w": 2
				},
				{
					"x": 0,
					"y": 0,
					"z": 1,
					"w": 2
				},
				{
					"x": 0,
					"y": 0,
					"z": -1,
					"w": 2
				},
				{
					"x": 0,
					"y": -1,
					"z": 0,
					"w": 4
				},
				{
					"x": 0,
					"y": -1,
					"z": 1,
					"w": 4
				},
				{
					"x": 0,
					"y": -1,
					"z": -1,
					"w": 4
				},
				{
					"x": -2,
					"y": 1,
					"z": 0,
					"w": 1
				},
				{
					"x": -2,
					"y": 1,
					"z": 1,
					"w": 1
				},
				{
					"x": -2,
					"y": 1,
					"z": -1,
					"w": 1
				},
				{
					"x": -2,
					"y": 2,
					"z": 0,
					"w": 2
				},
				{
					"x": -2,
					"y": 2,
					"z": 1,
					"w": 2
				},
				{
					"x": -2,
					"y": 2,
					"z": -1,
					"w": 2
				},
				{
					"x": -2,
					"y": 0,
					"z": 0,
					"w": 2
				},
				{
					"x": -2,
					"y": 0,
					"z": 1,
					"w": 2
				},
				{
					"x": -2,
					"y": 0,
					"z": -1,
					"w": 2
				},
				{
					"x": -2,
					"y": -1,
					"z": 0,
					"w": 4
				},
				{
					"x": -2,
					"y": -1,
					"z": 1,
					"w": 4
				},
				{
					"x": -2,
					"y": -1,
					"z": -1,
					"w": 4
				}
			]
		}

	},
	"resistance": 1,
	"sideopaque": {
		"all": false
	},
	"sounds": {
		"place": "game:block/anvil",
		"walk": "game:walk/stone"
	}


}