{
	"code": "multiblocktest",
	"class":  "BlockMBT",
	"entityclass": "MultiBlockTest",
	"creativeinventory": {
		"general": [ "*" ],
		"qptech": [ "*" ]
	},
	"attributes": {
		"multiblockStructure": {
			"blockNumbers": {
				"metalblock-*": 1,
				"planks-*": 2,
				"machines:watertower": 3,
				"woodenfence-*": 4
				
			},
			"offsets": [
				{
					"x": -1,
					"y": 1,
					"z": 1,
					"w": 1
				},
				{
					"x": -1,
					"y": 1,
					"z": -1,
					"w": 1
				},
				{
					"x": -1,
					"y": 2,
					"z": 1,
					"w": 2
				},
				{
					"x": -1,
					"y": 2,
					"z": -1,
					"w": 2
				},
				{
					"x": -1,
					"y": 0,
					"z": 1,
					"w": 2
				},
				{
					"x": -1,
					"y": 0,
					"z": -1,
					"w": 2
				},
				{
					"x": -1,
					"y": -1,
					"z": 0,
					"w": 3
				},
				{
					"x": -1,
					"y": -1,
					"z": 1,
					"w": 4
				},
				{
					"x": -1,
					"y": -1,
					"z": -1,
					"w": 4
				},
				{
					"x": 0,
					"y": 1,
					"z": 0,
					"w": 1
				},
				{
					"x": 0,
					"y": 1,
					"z": 1,
					"w": 1
				},
				{
					"x": 0,
					"y": 1,
					"z": -1,
					"w": 1
				},
				{
					"x": 0,
					"y": 2,
					"z": 0,
					"w": 2
				},
				{
					"x": 0,
					"y": 2,
					"z": 1,
					"w": 2
				},
				{
					"x": 0,
					"y": 2,
					"z": -1,
					"w": 2
				},
				{
					"x": 0,
					"y": 0,
					"z": 0,
					"w": 2
				},
				{
					"x": 0,
					"y": 0,
					"z": 1,
					"w": 2
				},
				{
					"x": 0,
					"y": 0,
					"z": -1,
					"w": 2
				},
				{
					"x": 0,
					"y": -1,
					"z": 0,
					"w": 4
				},
				{
					"x": 0,
					"y": -1,
					"z": 1,
					"w": 4
				},
				{
					"x": 0,
					"y": -1,
					"z": -1,
					"w": 4
				},
				{
					"x": -2,
					"y": 1,
					"z": 0,
					"w": 1
				},
				{
					"x": -2,
					"y": 1,
					"z": 1,
					"w": 1
				},
				{
					"x": -2,
					"y": 1,
					"z": -1,
					"w": 1
				},
				{
					"x": -2,
					"y": 2,
					"z": 0,
					"w": 2
				},
				{
					"x": -2,
					"y": 2,
					"z": 1,
					"w": 2
				},
				{
					"x": -2,
					"y": 2,
					"z": -1,
					"w": 2
				},
				{
					"x": -2,
					"y": 0,
					"z": 0,
					"w": 2
				},
				{
					"x": -2,
					"y": 0,
					"z": 1,
					"w": 2
				},
				{
					"x": -2,
					"y": 0,
					"z": -1,
					"w": 2
				},
				{
					"x": -2,
					"y": -1,
					"z": 0,
					"w": 4
				},
				{
					"x": -2,
					"y": -1,
					"z": 1,
					"w": 4
				},
				{
					"x": -2,
					"y": -1,
					"z": -1,
					"w": 4
				}
			]
		}


	},
	blockmaterial: "Metal",
	drawtype: "Cube",
	textures: {
		all: { 
			base: "block/castironpeekaboo",
		},
	},
	resistance: 1,
	sounds: {
		"place": "game:block/anvil",
		"walk": "game:walk/stone"
	}
}