{
	ingredientPattern: "XDX	SMR	XCX",
	ingredients: {
		"X": {
			"type": "item",
			"code": "screw-steel",

			"quantity": 1
		},

		"D": {
			"type": "item",
			"code": "screwdriver-*",
			"isTool": true
		},
		"M": {
			"type": "item",
			"code": "motor-mv",
			"quantity": 1
		},
		"S": {
			"type": "block",
			"code": "machineryblock-steel",
			"quantity": 1
		},
		"R": {
			"type": "item",
			"code": "game:poundercap-steel",
			"quantity": 4
		},
		"C": {
			"type": "item",
			"code": "cable-copper",
			"quantity": 2
		}
	},
	width: 3,
	height: 3,
	output: { type: "block", code: "crusher-mv-east", quantity: 1  }
}