{
	"code": "planterpots",
	"classByType": {
		"*-raw-empty": "Block",
		"*": "BlockPlantLongContainer"
	},
	"entityClass": "LongPlantContainer",
	"behaviors": [
		{
			"name": "UnstableFalling",
			"properties": {
				"attachmentArea": {
					"x1": 5,
					"y1": 0,
					"z1": 5,
					"x2": 10,
					"y2": 0,
					"z2": 10
				}
			}
		}
	],
	"attributes": {
		"sitHeight": 0.90,
		"beeFeedByType": {
			"*-empty": false,
			"*": true
		},
		"butterflyFeedByType": {
			"*-empty": false,
			"*": true
		},
		"plantContainerSize": "long",
		"filledShape": { "base": "block/planter/full" },
		"fillHeight": 0.375
	},
	"variantgroups": [
		{
			"code": "type",
			"states": [ "raw", "burnt", "amber", "boneash", "celadon", "copper", "earthern", "moss", "ochre", "rutile", "seasalt", "tenmoku" ]
		}
	],
	"shape": { "base": "block/planter/empty" },
	"creativeinventory": {
		"general": [ "*" ],
		"decorative": [ "*" ]
	},
	"blockmaterial": "Ceramic",
	"replaceable": 900,
	"resistance": 1.5,
	"lightAbsorption": 1,
	"texturesByType": {
		"*-raw": { "all": { "base": "game:block/clay/blueclay" } },
		"*": {
			"sides": { "base": "game:block/clay/flowerpot/sides/{type}" },
			"topbottom": { "base": "game:block/clay/flowerpot/topbottom/{type}" },
			"soil": { "base": "game:block/clay/planter/soil" }
		}
	},
	"sidesolid": {
		"all": false
	},
	"sideopaque": {
		"all": false
	},
	"emitsideao": {
		"all": false
	},
	"drawtype": "json",
	"faceCullMode": "NeverCull",
	"renderpass": "OpaqueNoCull",
	"vertexFlags": {
		"grassWindwave": true,
		"weakWave": true
	},
	"combustiblePropsByType": {
		"planterpots-raw": {
			"meltingPoint": 600,
			"meltingDuration": 30,
			"smeltedRatio": 1,
			"smeltingType": "bake",
			"smeltedStack": {
				"type": "block",
				"code": "planterpots-burnt"
			},
			"requiresContainer": false
		}
	},
	"tpHandTransform": {
		"translation": {
			"x": -1.5,
			"y": -0.9,
			"z": -1
		},
		"rotation": {
			"x": -78,
			"y": 32,
			"z": -95
		},
		"scale": 0.45
	},
	"guiTransform": {
		"origin": {
			"x": 0.5,
			"y": 0.3,
			"z": 0.5
		},
		"scale": 1.5
	}
}
