{
	"editor": {
		"allAngles": false,
		"entityTextureMode": false
	},
	"textureWidth": 16,
	"textureHeight": 16,
	"textureSizes": {
	},
	"textures": {
		"log": "C:/Users/andy-/AppData/Roaming/Vintagestory/assets/survival/textures/block/wood/firepit/log"
	},
	"elements": [
		{
			"name": "wood middle",
			"from": [ 17.0, -2.0, 14.1 ], 
			"to": [ 19.0, 25.5, 16.6 ], 
			"rotationOrigin": [ 16.0, -2.0, 14.0 ],
			"rotationY": -45.0,
			"rotationZ": 55.0,
			"faces": {
				"north": { "texture": "#log", "uv": [ 0.0, 0.0, 15.5, 1.5 ], "rotation": 90, "autoUv": false },
				"east": { "texture": "#log", "uv": [ 0.0, 0.0, 16.0, 3.0 ], "rotation": 90, "autoUv": false },
				"south": { "texture": "#log", "uv": [ 0.0, 0.0, 16.0, 1.5 ], "rotation": 90, "autoUv": false },
				"west": { "texture": "#log", "uv": [ 0.0, 0.0, 16.0, 2.0 ], "rotation": 90, "autoUv": false },
				"up": { "texture": "#log", "uv": [ 0.0, 0.0, 2.0, 2.5 ] },
				"down": { "texture": "#log", "uv": [ 0.0, 0.0, 2.0, 2.5 ] }
			}
		}
	]}