{
	"editor": {
		"allAngles": false,
		"entityTextureMode": false
	},
	"textureWidth": 16,
	"textureHeight": 16,
	"textureSizes": {
	},
	"textures": {
		"bricks": "C:/Users/andy-/AppData/Roaming/Vintagestory/assets/survival/textures/block/stone/brick/granite1",
		"log": "C:/Users/andy-/AppData/Roaming/Vintagestory/assets/survival/textures/block/wood/firepit/log",
		"shingles": "C:/Users/andy-/AppData/Roaming/Vintagestory/assets/survival/textures/block/clay/shingles/red"
	},
	"elements": [
		{
			"name": "Master",
			"from": [ 8.0, 8.0, 8.0 ], 
			"to": [ 8.0, 8.0, 8.0 ], 
			"rotationOrigin": [ 8.0, 8.0, 8.0 ],
			"faces": {
				"north": { "texture": "#log", "uv": [ 0.0, 0.0, 0.5, 0.5 ], "enabled": false },
				"east": { "texture": "#log", "uv": [ 0.0, 0.0, 0.5, 0.5 ], "enabled": false },
				"south": { "texture": "#log", "uv": [ 0.0, 0.0, 0.5, 0.5 ], "enabled": false },
				"west": { "texture": "#log", "uv": [ 0.0, 0.0, 0.5, 0.5 ], "enabled": false },
				"up": { "texture": "#log", "uv": [ 0.0, 0.0, 0.5, 0.5 ], "enabled": false },
				"down": { "texture": "#log", "uv": [ 0.0, 0.0, 0.5, 0.5 ], "enabled": false }
			},
			"children": [
				{
					"name": "Roofs",
					"from": [ -8.0, -8.0, -5.0 ], 
					"to": [ -8.0, -8.0, -5.0 ], 
					"rotationOrigin": [ -8.0, -8.0, -5.0 ],
					"faces": {
						"north": { "texture": "#bricks", "uv": [ 0.0, 0.0, 0.5, 0.5 ], "enabled": false },
						"east": { "texture": "#bricks", "uv": [ 0.0, 0.0, 0.5, 0.5 ], "enabled": false },
						"south": { "texture": "#bricks", "uv": [ 0.0, 0.0, 0.5, 0.5 ], "enabled": false },
						"west": { "texture": "#bricks", "uv": [ 0.0, 0.0, 0.5, 0.5 ], "enabled": false },
						"up": { "texture": "#bricks", "uv": [ 0.0, 0.0, 0.5, 0.5 ], "enabled": false },
						"down": { "texture": "#bricks", "uv": [ 0.0, 0.0, 0.5, 0.5 ], "enabled": false }
					},
					"children": [
						{
							"name": "Roof1",
							"from": [ 0.0, 14.0, -2.0 ], 
							"to": [ 16.0, 16.0, -1.0 ], 
							"rotationOrigin": [ 0.0, 14.0, -2.0 ],
							"rotationX": -44.99999632180179,
							"faces": {
								"north": { "texture": "#shingles", "uv": [ 0.0, 0.0, 16.0, 2.0 ] },
								"east": { "texture": "#shingles", "uv": [ 0.0, 0.0, 1.0, 2.0 ] },
								"south": { "texture": "#shingles", "uv": [ 0.0, 0.0, 16.0, 2.0 ] },
								"west": { "texture": "#shingles", "uv": [ 0.0, 0.0, 1.0, 2.0 ] },
								"up": { "texture": "#shingles", "uv": [ 0.0, 0.0, 16.0, 1.0 ] },
								"down": { "texture": "#shingles", "uv": [ 0.0, 0.0, 16.0, 1.0 ], "enabled": false }
							},
							"children": [
								{
									"name": "Cube39",
									"from": [ 0.0, -2.0, 1.0 ], 
									"to": [ 7.0, -1.0, 1.5 ], 
									"rotationOrigin": [ 0.0, -1.0, 0.0 ],
									"rotationX": -45.0,
									"faces": {
										"north": { "texture": "#shingles", "uv": [ 0.0, 0.0, 7.0, 1.0 ] },
										"east": { "texture": "#shingles", "uv": [ 0.0, 0.0, 0.5, 1.0 ], "enabled": false },
										"south": { "texture": "#shingles", "uv": [ 0.0, 2.5, 7.0, 3.5 ] },
										"west": { "texture": "#shingles", "uv": [ 0.0, 0.0, 0.5, 1.0 ] },
										"up": { "texture": "#shingles", "uv": [ 0.0, 0.0, 7.0, 0.5 ], "enabled": false },
										"down": { "texture": "#shingles", "uv": [ 11.0, 3.0, 11.5, 3.5 ], "autoUv": false }
									}
								},
								{
									"name": "Cube41",
									"from": [ 7.0, -2.0, 1.0 ], 
									"to": [ 10.0, -1.0, 1.5 ], 
									"rotationOrigin": [ 7.0, -1.0, 0.0 ],
									"rotationX": -45.0,
									"faces": {
										"north": { "texture": "#shingles", "uv": [ 0.0, 0.0, 3.0, 1.0 ] },
										"east": { "texture": "#shingles", "uv": [ 0.0, 0.0, 0.5, 1.0 ], "enabled": false },
										"south": { "texture": "#shingles", "uv": [ 7.0, 3.5, 10.0, 4.5 ], "autoUv": false },
										"west": { "texture": "#shingles", "uv": [ 0.0, 0.0, 0.5, 1.0 ], "enabled": false },
										"up": { "texture": "#shingles", "uv": [ 0.0, 0.0, 3.0, 0.5 ], "enabled": false },
										"down": { "texture": "#shingles", "uv": [ 11.0, 3.0, 11.5, 3.5 ], "autoUv": false }
									}
								},
								{
									"name": "Cube42",
									"from": [ 10.0, -2.0, 1.0 ], 
									"to": [ 16.0, -1.0, 1.5 ], 
									"rotationOrigin": [ 10.0, -1.0, 0.0 ],
									"rotationX": -45.0,
									"faces": {
										"north": { "texture": "#shingles", "uv": [ 5.5, 0.5, 0.0, 0.0 ], "autoUv": false },
										"east": { "texture": "#shingles", "uv": [ 0.0, 0.0, 0.5, 1.0 ] },
										"south": { "texture": "#shingles", "uv": [ 10.0, 2.5, 16.0, 3.5 ], "autoUv": false },
										"west": { "texture": "#shingles", "uv": [ 0.0, 0.0, 0.5, 1.0 ], "enabled": false },
										"up": { "texture": "#shingles", "uv": [ 0.0, 0.0, 6.0, 0.5 ], "enabled": false },
										"down": { "texture": "#shingles", "uv": [ 11.0, 3.0, 11.5, 3.5 ], "autoUv": false }
									}
								}
							]
						},
						{
							"name": "Roof 8",
							"from": [ 0.0, 0.0, 12.0 ], 
							"to": [ 16.0, 2.0, 13.0 ], 
							"rotationOrigin": [ 0.0, 0.0, 12.0 ],
							"rotationX": -44.99999632180179,
							"faces": {
								"north": { "texture": "#shingles", "uv": [ 0.0, 0.0, 16.0, 2.0 ], "enabled": false },
								"east": { "texture": "#shingles", "uv": [ 0.0, 0.0, 1.0, 2.0 ] },
								"south": { "texture": "#shingles", "uv": [ 0.0, 0.0, 16.0, 2.0 ] },
								"west": { "texture": "#shingles", "uv": [ 0.0, 0.0, 1.0, 2.0 ] },
								"up": { "texture": "#shingles", "uv": [ 0.0, 0.0, 16.0, 1.0 ], "enabled": false },
								"down": { "texture": "#shingles", "uv": [ 0.0, 0.0, 16.0, 1.0 ] }
							},
							"children": [
								{
									"name": "Cube46",
									"from": [ 0.0, -2.0, 1.0 ], 
									"to": [ 7.0, -1.0, 1.5 ], 
									"rotationOrigin": [ 0.0, -1.0, 0.0 ],
									"rotationX": -45.0,
									"faces": {
										"north": { "texture": "#shingles", "uv": [ 0.0, 0.0, 7.0, 1.0 ] },
										"east": { "texture": "#shingles", "uv": [ 0.0, 0.0, 0.5, 1.0 ], "enabled": false },
										"south": { "texture": "#shingles", "uv": [ 0.0, 2.5, 7.0, 3.5 ] },
										"west": { "texture": "#shingles", "uv": [ 0.0, 0.0, 0.5, 1.0 ] },
										"up": { "texture": "#shingles", "uv": [ 0.0, 0.0, 7.0, 0.5 ], "enabled": false },
										"down": { "texture": "#shingles", "uv": [ 11.0, 3.0, 11.5, 3.5 ], "autoUv": false }
									}
								},
								{
									"name": "Cube48",
									"from": [ 7.0, -2.0, 1.0 ], 
									"to": [ 10.0, -1.0, 1.5 ], 
									"rotationOrigin": [ 7.0, -1.0, 0.0 ],
									"rotationX": -45.0,
									"faces": {
										"north": { "texture": "#shingles", "uv": [ 0.0, 0.0, 3.0, 1.0 ] },
										"east": { "texture": "#shingles", "uv": [ 0.0, 0.0, 0.5, 1.0 ], "enabled": false },
										"south": { "texture": "#shingles", "uv": [ 7.0, 3.5, 10.0, 4.5 ], "autoUv": false },
										"west": { "texture": "#shingles", "uv": [ 0.0, 0.0, 0.5, 1.0 ], "enabled": false, "autoUv": false },
										"up": { "texture": "#shingles", "uv": [ 0.0, 0.0, 3.0, 0.5 ], "enabled": false },
										"down": { "texture": "#shingles", "uv": [ 11.0, 3.0, 11.5, 3.5 ], "autoUv": false }
									}
								},
								{
									"name": "Cube49",
									"from": [ 10.0, -2.0, 1.0 ], 
									"to": [ 16.0, -1.0, 1.5 ], 
									"rotationOrigin": [ 10.0, -1.0, 0.0 ],
									"rotationX": -45.0,
									"faces": {
										"north": { "texture": "#shingles", "uv": [ 0.0, 0.0, 6.0, 1.0 ] },
										"east": { "texture": "#shingles", "uv": [ 0.0, 0.0, 0.5, 1.0 ] },
										"south": { "texture": "#shingles", "uv": [ 10.0, 2.5, 16.0, 3.5 ], "autoUv": false },
										"west": { "texture": "#shingles", "uv": [ 0.0, 0.0, 0.5, 1.0 ], "enabled": false },
										"up": { "texture": "#shingles", "uv": [ 0.0, 0.0, 6.0, 0.5 ], "enabled": false },
										"down": { "texture": "#shingles", "uv": [ 11.0, 3.0, 11.5, 3.5 ], "autoUv": false }
									}
								}
							]
						},
						{
							"name": "Roof 7 L",
							"from": [ 0.0, 2.0, 10.0 ], 
							"to": [ 3.0, 4.0, 11.0 ], 
							"rotationOrigin": [ 0.0, 2.0, 10.0 ],
							"rotationX": -44.99999632180179,
							"faces": {
								"north": { "texture": "#shingles", "uv": [ 0.0, 0.0, 3.0, 2.0 ], "enabled": false },
								"east": { "texture": "#shingles", "uv": [ 0.0, 0.0, 1.0, 2.0 ], "enabled": false },
								"south": { "texture": "#shingles", "uv": [ 0.0, 0.0, 3.0, 2.0 ] },
								"west": { "texture": "#shingles", "uv": [ 0.0, 0.0, 1.0, 2.0 ] },
								"up": { "texture": "#shingles", "uv": [ 0.0, 0.0, 3.0, 1.0 ], "enabled": false },
								"down": { "texture": "#shingles", "uv": [ 0.0, 0.0, 3.0, 1.0 ], "enabled": false }
							},
							"children": [
								{
									"name": "Cube44",
									"from": [ 0.0, -2.0, 1.0 ], 
									"to": [ 3.0, -1.0, 1.5 ], 
									"rotationOrigin": [ 0.0, -1.0, 0.0 ],
									"rotationX": -45.0,
									"faces": {
										"north": { "texture": "#shingles", "uv": [ 0.0, 0.0, 3.0, 1.0 ] },
										"east": { "texture": "#shingles", "uv": [ 0.0, 0.0, 0.5, 1.0 ], "enabled": false },
										"south": { "texture": "#shingles", "uv": [ 0.0, 2.5, 3.0, 3.5 ] },
										"west": { "texture": "#shingles", "uv": [ 0.0, 0.0, 0.5, 1.0 ] },
										"up": { "texture": "#shingles", "uv": [ 0.0, 0.0, 3.0, 0.5 ], "enabled": false },
										"down": { "texture": "#shingles", "uv": [ 11.0, 3.0, 11.5, 3.5 ], "autoUv": false }
									}
								}
							]
						},
						{
							"name": "Roof 6 L",
							"from": [ 0.0, 4.0, 8.0 ], 
							"to": [ 3.0, 6.0, 9.0 ], 
							"rotationOrigin": [ 0.0, 4.0, 8.0 ],
							"rotationX": -44.99999632180179,
							"faces": {
								"north": { "texture": "#shingles", "uv": [ 0.0, 0.0, 3.0, 2.0 ], "enabled": false },
								"east": { "texture": "#shingles", "uv": [ 0.0, 0.0, 1.0, 2.0 ], "enabled": false },
								"south": { "texture": "#shingles", "uv": [ 0.0, 0.0, 3.0, 2.0 ] },
								"west": { "texture": "#shingles", "uv": [ 0.0, 0.0, 1.0, 2.0 ] },
								"up": { "texture": "#shingles", "uv": [ 0.0, 0.0, 3.0, 1.0 ], "enabled": false },
								"down": { "texture": "#shingles", "uv": [ 0.0, 0.0, 3.0, 1.0 ], "enabled": false }
							},
							"children": [
								{
									"name": "Cube34",
									"from": [ 0.0, -2.0, 1.0 ], 
									"to": [ 3.0, -1.0, 1.5 ], 
									"rotationOrigin": [ 0.0, -1.0, 0.0 ],
									"rotationX": -45.0,
									"faces": {
										"north": { "texture": "#shingles", "uv": [ 0.0, 0.0, 3.0, 1.0 ] },
										"east": { "texture": "#shingles", "uv": [ 0.0, 0.0, 0.5, 1.0 ], "enabled": false },
										"south": { "texture": "#shingles", "uv": [ 0.0, 2.5, 3.0, 3.5 ] },
										"west": { "texture": "#shingles", "uv": [ 0.0, 0.0, 0.5, 1.0 ] },
										"up": { "texture": "#shingles", "uv": [ 0.0, 0.0, 3.0, 0.5 ], "enabled": false },
										"down": { "texture": "#shingles", "uv": [ 11.0, 3.0, 11.5, 3.5 ], "autoUv": false }
									}
								}
							]
						},
						{
							"name": "Roof 5 L",
							"from": [ 0.0, 6.0, 6.0 ], 
							"to": [ 3.0, 8.0, 7.0 ], 
							"rotationOrigin": [ 0.0, 6.0, 6.0 ],
							"rotationX": -44.99999632180179,
							"faces": {
								"north": { "texture": "#shingles", "uv": [ 0.0, 0.0, 3.0, 2.0 ], "enabled": false },
								"east": { "texture": "#shingles", "uv": [ 0.0, 0.0, 1.0, 2.0 ], "enabled": false },
								"south": { "texture": "#shingles", "uv": [ 0.0, 0.0, 3.0, 2.0 ] },
								"west": { "texture": "#shingles", "uv": [ 0.0, 0.0, 1.0, 2.0 ] },
								"up": { "texture": "#shingles", "uv": [ 0.0, 0.0, 3.0, 1.0 ], "enabled": false },
								"down": { "texture": "#shingles", "uv": [ 0.0, 0.0, 3.0, 1.0 ], "enabled": false }
							},
							"children": [
								{
									"name": "Cube28",
									"from": [ 0.0, -2.0, 1.0 ], 
									"to": [ 3.0, -1.0, 1.5 ], 
									"rotationOrigin": [ 0.0, -1.0, 0.0 ],
									"rotationX": -45.0,
									"faces": {
										"north": { "texture": "#shingles", "uv": [ 0.0, 0.0, 3.0, 1.0 ] },
										"east": { "texture": "#shingles", "uv": [ 0.0, 0.0, 0.5, 1.0 ], "enabled": false },
										"south": { "texture": "#shingles", "uv": [ 0.0, 2.5, 3.0, 3.5 ] },
										"west": { "texture": "#shingles", "uv": [ 0.0, 0.0, 0.5, 1.0 ] },
										"up": { "texture": "#shingles", "uv": [ 0.0, 0.0, 3.0, 0.5 ], "enabled": false },
										"down": { "texture": "#shingles", "uv": [ 11.0, 3.0, 11.5, 3.5 ], "autoUv": false }
									}
								}
							]
						},
						{
							"name": "Roof 4 L",
							"from": [ 0.0, 8.0, 4.0 ], 
							"to": [ 3.0, 10.0, 5.0 ], 
							"rotationOrigin": [ 0.0, 8.0, 4.0 ],
							"rotationX": -44.99999632180179,
							"faces": {
								"north": { "texture": "#shingles", "uv": [ 0.0, 0.0, 3.0, 2.0 ], "enabled": false },
								"east": { "texture": "#shingles", "uv": [ 0.0, 0.0, 1.0, 2.0 ], "enabled": false },
								"south": { "texture": "#shingles", "uv": [ 0.0, 0.0, 3.0, 2.0 ] },
								"west": { "texture": "#shingles", "uv": [ 0.0, 0.0, 1.0, 2.0 ] },
								"up": { "texture": "#shingles", "uv": [ 0.0, 0.0, 3.0, 1.0 ], "enabled": false },
								"down": { "texture": "#shingles", "uv": [ 0.0, 0.0, 3.0, 1.0 ], "enabled": false }
							},
							"children": [
								{
									"name": "Cube22",
									"from": [ 0.0, -2.0, 1.0 ], 
									"to": [ 3.0, -1.0, 1.5 ], 
									"rotationOrigin": [ 0.0, -1.0, 0.0 ],
									"rotationX": -45.0,
									"faces": {
										"north": { "texture": "#shingles", "uv": [ 0.0, 0.0, 3.0, 1.0 ] },
										"east": { "texture": "#shingles", "uv": [ 0.0, 0.0, 0.5, 1.0 ], "enabled": false },
										"south": { "texture": "#shingles", "uv": [ 0.0, 2.5, 3.0, 3.5 ] },
										"west": { "texture": "#shingles", "uv": [ 0.0, 0.0, 0.5, 1.0 ] },
										"up": { "texture": "#shingles", "uv": [ 0.0, 0.0, 3.0, 0.5 ], "enabled": false },
										"down": { "texture": "#shingles", "uv": [ 11.0, 3.0, 11.5, 3.5 ], "autoUv": false }
									}
								}
							]
						},
						{
							"name": "Roof 3 L ",
							"from": [ 0.0, 10.0, 2.0 ], 
							"to": [ 3.0, 12.0, 3.0 ], 
							"rotationOrigin": [ 0.0, 10.0, 2.0 ],
							"rotationX": -44.99999632180179,
							"faces": {
								"north": { "texture": "#shingles", "uv": [ 0.0, 0.0, 3.0, 2.0 ], "enabled": false },
								"east": { "texture": "#shingles", "uv": [ 0.0, 0.0, 1.0, 2.0 ], "enabled": false },
								"south": { "texture": "#shingles", "uv": [ 0.0, 0.0, 3.0, 2.0 ] },
								"west": { "texture": "#shingles", "uv": [ 0.0, 0.0, 1.0, 2.0 ] },
								"up": { "texture": "#shingles", "uv": [ 0.0, 0.0, 3.0, 1.0 ], "enabled": false },
								"down": { "texture": "#shingles", "uv": [ 0.0, 0.0, 3.0, 1.0 ], "enabled": false }
							},
							"children": [
								{
									"name": "Cube16",
									"from": [ 0.0, -2.0, 1.0 ], 
									"to": [ 3.0, -1.0, 1.5 ], 
									"rotationOrigin": [ 0.0, -1.0, 0.0 ],
									"rotationX": -45.0,
									"faces": {
										"north": { "texture": "#shingles", "uv": [ 0.0, 0.0, 3.0, 1.0 ] },
										"east": { "texture": "#shingles", "uv": [ 0.0, 0.0, 0.5, 1.0 ], "enabled": false },
										"south": { "texture": "#shingles", "uv": [ 0.0, 2.5, 3.0, 3.5 ] },
										"west": { "texture": "#shingles", "uv": [ 0.0, 0.0, 0.5, 1.0 ] },
										"up": { "texture": "#shingles", "uv": [ 0.0, 0.0, 3.0, 0.5 ], "enabled": false },
										"down": { "texture": "#shingles", "uv": [ 11.0, 3.0, 11.5, 3.5 ], "autoUv": false }
									}
								}
							]
						},
						{
							"name": "Roof2",
							"from": [ 0.0, 12.0, 0.0 ], 
							"to": [ 16.0, 14.0, 1.0 ], 
							"rotationOrigin": [ 0.0, 12.0, 0.0 ],
							"rotationX": -44.99999632180179,
							"faces": {
								"north": { "texture": "#shingles", "uv": [ 0.0, 0.0, 16.0, 2.0 ], "enabled": false },
								"east": { "texture": "#shingles", "uv": [ 0.0, 0.0, 1.0, 2.0 ] },
								"south": { "texture": "#shingles", "uv": [ 0.0, 0.0, 16.0, 2.0 ] },
								"west": { "texture": "#shingles", "uv": [ 0.0, 0.0, 1.0, 2.0 ] },
								"up": { "texture": "#shingles", "uv": [ 0.0, 0.0, 16.0, 1.0 ], "enabled": false },
								"down": { "texture": "#shingles", "uv": [ 0.0, 0.0, 16.0, 1.0 ], "enabled": false }
							},
							"children": [
								{
									"name": "Cube10",
									"from": [ 0.0, -2.0, 1.0 ], 
									"to": [ 7.0, -1.0, 1.5 ], 
									"rotationOrigin": [ 0.0, -1.0, 0.0 ],
									"rotationX": -45.0,
									"faces": {
										"north": { "texture": "#shingles", "uv": [ 0.0, 0.0, 7.0, 1.0 ] },
										"east": { "texture": "#shingles", "uv": [ 0.0, 0.0, 0.5, 1.0 ], "enabled": false },
										"south": { "texture": "#shingles", "uv": [ 0.0, 2.5, 7.0, 3.5 ] },
										"west": { "texture": "#shingles", "uv": [ 0.0, 0.0, 0.5, 1.0 ] },
										"up": { "texture": "#shingles", "uv": [ 0.0, 0.0, 7.0, 0.5 ], "enabled": false },
										"down": { "texture": "#shingles", "uv": [ 11.0, 3.0, 11.5, 3.5 ], "autoUv": false }
									}
								},
								{
									"name": "Cube12",
									"from": [ 7.0, -2.0, 1.0 ], 
									"to": [ 10.0, -1.0, 1.5 ], 
									"rotationOrigin": [ 7.0, -1.0, 0.0 ],
									"rotationX": -45.0,
									"faces": {
										"north": { "texture": "#shingles", "uv": [ 0.0, 0.0, 3.0, 1.0 ] },
										"east": { "texture": "#shingles", "uv": [ 0.0, 0.0, 0.5, 1.0 ], "enabled": false },
										"south": { "texture": "#shingles", "uv": [ 7.0, 3.5, 10.0, 4.5 ], "autoUv": false },
										"west": { "texture": "#shingles", "uv": [ 0.0, 0.0, 0.5, 1.0 ], "enabled": false },
										"up": { "texture": "#shingles", "uv": [ 0.0, 0.0, 3.0, 0.5 ], "enabled": false },
										"down": { "texture": "#shingles", "uv": [ 11.0, 3.0, 11.5, 3.5 ], "autoUv": false }
									}
								},
								{
									"name": "Cube13",
									"from": [ 10.0, -2.0, 1.0 ], 
									"to": [ 16.0, -1.0, 1.5 ], 
									"rotationOrigin": [ 10.0, -1.0, 0.0 ],
									"rotationX": -45.0,
									"faces": {
										"north": { "texture": "#shingles", "uv": [ 0.0, 0.0, 6.0, 1.0 ] },
										"east": { "texture": "#shingles", "uv": [ 0.0, 0.0, 0.5, 1.0 ] },
										"south": { "texture": "#shingles", "uv": [ 10.0, 2.5, 16.0, 3.5 ] },
										"west": { "texture": "#shingles", "uv": [ 0.0, 0.0, 0.5, 1.0 ], "enabled": false },
										"up": { "texture": "#shingles", "uv": [ 0.0, 0.0, 6.0, 0.5 ], "enabled": false },
										"down": { "texture": "#shingles", "uv": [ 11.0, 3.0, 11.5, 3.5 ], "autoUv": false }
									}
								}
							]
						},
						{
							"name": "Roof 3 R",
							"from": [ 13.0, 10.0, 2.0 ], 
							"to": [ 16.0, 12.0, 3.0 ], 
							"rotationOrigin": [ 13.0, 10.0, 2.0 ],
							"rotationX": -44.999992699547086,
							"faces": {
								"north": { "texture": "#shingles", "uv": [ 0.0, 0.0, 3.0, 2.0 ], "enabled": false },
								"east": { "texture": "#shingles", "uv": [ 0.0, 0.0, 1.0, 2.0 ] },
								"south": { "texture": "#shingles", "uv": [ 0.0, 0.0, 3.0, 2.0 ] },
								"west": { "texture": "#shingles", "uv": [ 0.0, 0.0, 1.0, 2.0 ], "enabled": false },
								"up": { "texture": "#shingles", "uv": [ 0.0, 0.0, 3.0, 1.0 ], "enabled": false },
								"down": { "texture": "#shingles", "uv": [ 0.0, 0.0, 3.0, 1.0 ], "enabled": false }
							},
							"children": [
								{
									"name": "Cube19",
									"from": [ 0.0, -2.0, 1.0 ], 
									"to": [ 3.0, -1.0, 1.5 ], 
									"rotationOrigin": [ 0.0, -1.0, 0.0 ],
									"rotationX": -44.9999866624562,
									"faces": {
										"north": { "texture": "#shingles", "uv": [ 0.0, 0.0, 3.0, 1.0 ] },
										"east": { "texture": "#shingles", "uv": [ 0.0, 0.0, 0.5, 1.0 ] },
										"south": { "texture": "#shingles", "uv": [ 10.0, 2.5, 13.0, 3.5 ] },
										"west": { "texture": "#shingles", "uv": [ 0.0, 0.0, 0.5, 1.0 ], "enabled": false },
										"up": { "texture": "#shingles", "uv": [ 0.0, 0.0, 3.0, 0.5 ], "enabled": false },
										"down": { "texture": "#shingles", "uv": [ 11.0, 3.0, 11.5, 3.5 ], "autoUv": false }
									}
								}
							]
						},
						{
							"name": "Roof 4 R",
							"from": [ 13.0, 8.0, 4.0 ], 
							"to": [ 16.0, 10.0, 5.0 ], 
							"rotationOrigin": [ 13.0, 8.0, 4.0 ],
							"rotationX": -44.999992699547086,
							"faces": {
								"north": { "texture": "#shingles", "uv": [ 0.0, 0.0, 3.0, 2.0 ], "enabled": false },
								"east": { "texture": "#shingles", "uv": [ 0.0, 0.0, 1.0, 2.0 ] },
								"south": { "texture": "#shingles", "uv": [ 0.0, 0.0, 3.0, 2.0 ] },
								"west": { "texture": "#shingles", "uv": [ 0.0, 0.0, 1.0, 2.0 ], "enabled": false },
								"up": { "texture": "#shingles", "uv": [ 0.0, 0.0, 3.0, 1.0 ], "enabled": false },
								"down": { "texture": "#shingles", "uv": [ 0.0, 0.0, 3.0, 1.0 ], "enabled": false }
							},
							"children": [
								{
									"name": "Cube25",
									"from": [ 0.0, -2.0, 1.0 ], 
									"to": [ 3.0, -1.0, 1.5 ], 
									"rotationOrigin": [ 0.0, -1.0, 0.0 ],
									"rotationX": -44.99999632180179,
									"faces": {
										"north": { "texture": "#shingles", "uv": [ 0.0, 0.0, 3.0, 1.0 ] },
										"east": { "texture": "#shingles", "uv": [ 0.0, 0.0, 0.5, 1.0 ] },
										"south": { "texture": "#shingles", "uv": [ 10.0, 2.5, 13.0, 3.5 ] },
										"west": { "texture": "#shingles", "uv": [ 0.0, 0.0, 0.5, 1.0 ], "enabled": false },
										"up": { "texture": "#shingles", "uv": [ 0.0, 0.0, 3.0, 0.5 ], "enabled": false },
										"down": { "texture": "#shingles", "uv": [ 11.0, 3.0, 11.5, 3.5 ], "autoUv": false }
									}
								}
							]
						},
						{
							"name": "Roof 5 R",
							"from": [ 13.0, 6.0, 6.0 ], 
							"to": [ 16.0, 8.0, 7.0 ], 
							"rotationOrigin": [ 13.0, 6.0, 6.0 ],
							"rotationX": -44.999992699547086,
							"faces": {
								"north": { "texture": "#shingles", "uv": [ 0.0, 0.0, 3.0, 2.0 ], "enabled": false },
								"east": { "texture": "#shingles", "uv": [ 0.0, 0.0, 1.0, 2.0 ] },
								"south": { "texture": "#shingles", "uv": [ 0.0, 0.0, 3.0, 2.0 ] },
								"west": { "texture": "#shingles", "uv": [ 0.0, 0.0, 1.0, 2.0 ], "enabled": false },
								"up": { "texture": "#shingles", "uv": [ 0.0, 0.0, 3.0, 1.0 ], "enabled": false },
								"down": { "texture": "#shingles", "uv": [ 0.0, 0.0, 3.0, 1.0 ], "enabled": false }
							},
							"children": [
								{
									"name": "Cube54",
									"from": [ 0.0, -2.0, 1.0 ], 
									"to": [ 3.0, -1.0, 1.5 ], 
									"rotationOrigin": [ 0.0, -1.0, 0.0 ],
									"rotationX": -44.99999632180179,
									"faces": {
										"north": { "texture": "#shingles", "uv": [ 0.0, 0.0, 3.0, 1.0 ] },
										"east": { "texture": "#shingles", "uv": [ 0.0, 0.0, 0.5, 1.0 ] },
										"south": { "texture": "#shingles", "uv": [ 10.0, 2.5, 13.0, 3.5 ] },
										"west": { "texture": "#shingles", "uv": [ 0.0, 0.0, 0.5, 1.0 ], "enabled": false },
										"up": { "texture": "#shingles", "uv": [ 0.0, 0.0, 3.0, 0.5 ], "enabled": false },
										"down": { "texture": "#shingles", "uv": [ 11.0, 3.0, 11.5, 3.5 ], "autoUv": false }
									}
								}
							]
						},
						{
							"name": "Roof 6 R",
							"from": [ 13.0, 4.0, 8.0 ], 
							"to": [ 16.0, 6.0, 9.0 ], 
							"rotationOrigin": [ 13.0, 4.0, 8.0 ],
							"rotationX": -44.999992699547086,
							"faces": {
								"north": { "texture": "#shingles", "uv": [ 0.0, 0.0, 3.0, 2.0 ], "enabled": false },
								"east": { "texture": "#shingles", "uv": [ 0.0, 0.0, 1.0, 2.0 ] },
								"south": { "texture": "#shingles", "uv": [ 0.0, 0.0, 3.0, 2.0 ] },
								"west": { "texture": "#shingles", "uv": [ 0.0, 0.0, 1.0, 2.0 ], "enabled": false },
								"up": { "texture": "#shingles", "uv": [ 0.0, 0.0, 3.0, 1.0 ], "enabled": false },
								"down": { "texture": "#shingles", "uv": [ 0.0, 0.0, 3.0, 1.0 ], "enabled": false }
							},
							"children": [
								{
									"name": "Cube53",
									"from": [ 0.0, -2.0, 1.0 ], 
									"to": [ 3.0, -1.0, 1.5 ], 
									"rotationOrigin": [ 0.0, -1.0, 0.0 ],
									"rotationX": -44.99999632180179,
									"faces": {
										"north": { "texture": "#shingles", "uv": [ 0.0, 0.0, 3.0, 1.0 ] },
										"east": { "texture": "#shingles", "uv": [ 0.0, 0.0, 0.5, 1.0 ] },
										"south": { "texture": "#shingles", "uv": [ 10.0, 2.5, 13.0, 3.5 ] },
										"west": { "texture": "#shingles", "uv": [ 0.0, 0.0, 0.5, 1.0 ], "enabled": false },
										"up": { "texture": "#shingles", "uv": [ 0.0, 0.0, 3.0, 0.5 ], "enabled": false },
										"down": { "texture": "#shingles", "uv": [ 11.0, 3.0, 11.5, 3.5 ], "autoUv": false }
									}
								}
							]
						},
						{
							"name": "Roof 7 R",
							"from": [ 13.0, 2.0, 10.0 ], 
							"to": [ 16.0, 4.0, 11.0 ], 
							"rotationOrigin": [ 13.0, 2.0, 10.0 ],
							"rotationX": -44.999992699547086,
							"faces": {
								"north": { "texture": "#shingles", "uv": [ 0.0, 0.0, 3.0, 2.0 ], "enabled": false },
								"east": { "texture": "#shingles", "uv": [ 0.0, 0.0, 1.0, 2.0 ] },
								"south": { "texture": "#shingles", "uv": [ 0.0, 0.0, 3.0, 2.0 ] },
								"west": { "texture": "#shingles", "uv": [ 0.0, 0.0, 1.0, 2.0 ], "enabled": false },
								"up": { "texture": "#shingles", "uv": [ 0.0, 0.0, 3.0, 1.0 ], "enabled": false },
								"down": { "texture": "#shingles", "uv": [ 0.0, 0.0, 3.0, 1.0 ], "enabled": false }
							},
							"children": [
								{
									"name": "Cube55",
									"from": [ 0.0, -2.0, 1.0 ], 
									"to": [ 3.0, -1.0, 1.5 ], 
									"rotationOrigin": [ 0.0, -1.0, 0.0 ],
									"rotationX": -44.99999632180179,
									"faces": {
										"north": { "texture": "#shingles", "uv": [ 0.0, 0.0, 3.0, 1.0 ] },
										"east": { "texture": "#shingles", "uv": [ 0.0, 0.0, 0.5, 1.0 ] },
										"south": { "texture": "#shingles", "uv": [ 10.0, 2.5, 13.0, 3.5 ] },
										"west": { "texture": "#shingles", "uv": [ 0.0, 0.0, 0.5, 1.0 ], "enabled": false },
										"up": { "texture": "#shingles", "uv": [ 0.0, 0.0, 3.0, 0.5 ], "enabled": false },
										"down": { "texture": "#shingles", "uv": [ 11.0, 3.0, 11.5, 3.5 ], "autoUv": false }
									}
								}
							]
						}
					]
				},
				{
					"name": "Walls",
					"from": [ 8.0, -8.0, 5.5 ], 
					"to": [ 8.0, -8.0, 5.5 ], 
					"rotationOrigin": [ 8.0, -8.0, 5.5 ],
					"rotationX": -179.99992682394213,
					"rotationY": 5.0089477137329395E-6,
					"rotationZ": -179.99992682394213,
					"faces": {
						"north": { "texture": "#bricks", "uv": [ 0.0, 0.0, 0.5, 0.5 ], "enabled": false },
						"east": { "texture": "#bricks", "uv": [ 0.0, 0.0, 0.5, 0.5 ], "enabled": false },
						"south": { "texture": "#bricks", "uv": [ 0.0, 0.0, 0.5, 0.5 ], "enabled": false },
						"west": { "texture": "#bricks", "uv": [ 0.0, 0.0, 0.5, 0.5 ], "enabled": false },
						"up": { "texture": "#bricks", "uv": [ 0.0, 0.0, 0.5, 0.5 ], "enabled": false },
						"down": { "texture": "#bricks", "uv": [ 0.0, 0.0, 0.5, 0.5 ], "enabled": false }
					},
					"children": [
						{
							"name": "Wall1",
							"from": [ 0.0, 0.0, -1.5 ], 
							"to": [ 16.0, 1.0, 13.5 ], 
							"rotationOrigin": [ 0.0, 0.0, -0.5 ],
							"rotationX": -1.628443907497612E-12,
							"rotationY": 3.413353627936079E-19,
							"rotationZ": 1.628443907497612E-12,
							"faces": {
								"north": { "texture": "#bricks", "uv": [ 0.0, 0.0, 16.0, 1.0 ], "enabled": false },
								"east": { "texture": "#bricks", "uv": [ 0.0, 15.0, 15.0, 16.0 ] },
								"south": { "texture": "#bricks", "uv": [ 0.0, 15.0, 16.0, 16.0 ] },
								"west": { "texture": "#bricks", "uv": [ 1.0, 15.0, 16.0, 16.0 ] },
								"up": { "texture": "#bricks", "uv": [ 0.0, 0.0, 16.0, 15.0 ], "enabled": false },
								"down": { "texture": "#bricks", "uv": [ 1.0, 0.0, 16.0, 16.0 ], "rotation": 90 }
							}
						},
						{
							"name": "Wall2",
							"from": [ 0.0, 1.0, -0.5 ], 
							"to": [ 16.0, 2.0, 13.5 ], 
							"rotationOrigin": [ 0.0, 1.0, 0.5 ],
							"rotationX": -1.628443907497612E-12,
							"rotationY": 3.413353627936079E-19,
							"rotationZ": 1.628443907497612E-12,
							"faces": {
								"north": { "texture": "#bricks", "uv": [ 0.0, 0.0, 16.0, 1.0 ], "enabled": false },
								"east": { "texture": "#bricks", "uv": [ 0.0, 14.0, 14.0, 15.0 ] },
								"south": { "texture": "#bricks", "uv": [ 0.0, 14.0, 16.0, 15.0 ] },
								"west": { "texture": "#bricks", "uv": [ 2.0, 14.0, 16.0, 15.0 ] },
								"up": { "texture": "#bricks", "uv": [ 0.0, 0.0, 16.0, 14.0 ], "enabled": false },
								"down": { "texture": "#bricks", "uv": [ 0.0, 0.0, 16.0, 14.0 ], "enabled": false }
							}
						},
						{
							"name": "Wall5",
							"from": [ 0.0, 4.0, 2.5 ], 
							"to": [ 16.0, 5.0, 13.5 ], 
							"rotationOrigin": [ 0.0, 4.0, 3.5 ],
							"rotationX": -1.628443907497612E-12,
							"rotationY": 3.413353627936079E-19,
							"rotationZ": 1.628443907497612E-12,
							"faces": {
								"north": { "texture": "#bricks", "uv": [ 0.0, 0.0, 16.0, 1.0 ], "enabled": false },
								"east": { "texture": "#bricks", "uv": [ 0.0, 11.0, 11.0, 12.0 ] },
								"south": { "texture": "#bricks", "uv": [ 0.0, 11.0, 16.0, 12.0 ] },
								"west": { "texture": "#bricks", "uv": [ 5.0, 11.0, 16.0, 12.0 ] },
								"up": { "texture": "#bricks", "uv": [ 0.0, 0.0, 16.0, 11.0 ], "enabled": false },
								"down": { "texture": "#bricks", "uv": [ 0.0, 0.0, 16.0, 11.0 ], "enabled": false }
							}
						},
						{
							"name": "Wall3",
							"from": [ 0.0, 2.0, 0.5 ], 
							"to": [ 16.0, 3.0, 13.5 ], 
							"rotationOrigin": [ 0.0, 2.0, 1.5 ],
							"rotationX": -1.628443907497612E-12,
							"rotationY": 3.413353627936079E-19,
							"rotationZ": 1.628443907497612E-12,
							"faces": {
								"north": { "texture": "#bricks", "uv": [ 0.0, 0.0, 16.0, 1.0 ], "enabled": false },
								"east": { "texture": "#bricks", "uv": [ 0.0, 13.0, 13.0, 14.0 ] },
								"south": { "texture": "#bricks", "uv": [ 0.0, 13.0, 16.0, 14.0 ] },
								"west": { "texture": "#bricks", "uv": [ 3.0, 13.0, 16.0, 14.0 ] },
								"up": { "texture": "#bricks", "uv": [ 0.0, 0.0, 16.0, 13.0 ], "enabled": false },
								"down": { "texture": "#bricks", "uv": [ 0.0, 0.0, 16.0, 13.0 ], "enabled": false }
							}
						},
						{
							"name": "Wall4",
							"from": [ 0.0, 3.0, 1.5 ], 
							"to": [ 16.0, 4.0, 13.5 ], 
							"rotationOrigin": [ 0.0, 3.0, 2.5 ],
							"rotationX": -1.628443907497612E-12,
							"rotationY": 3.413353627936079E-19,
							"rotationZ": 1.628443907497612E-12,
							"faces": {
								"north": { "texture": "#bricks", "uv": [ 0.0, 0.0, 16.0, 1.0 ], "enabled": false },
								"east": { "texture": "#bricks", "uv": [ 0.0, 12.0, 12.0, 13.0 ] },
								"south": { "texture": "#bricks", "uv": [ 0.0, 12.0, 16.0, 13.0 ] },
								"west": { "texture": "#bricks", "uv": [ 4.0, 12.0, 16.0, 13.0 ] },
								"up": { "texture": "#bricks", "uv": [ 0.0, 0.0, 16.0, 12.0 ], "enabled": false },
								"down": { "texture": "#bricks", "uv": [ 0.0, 0.0, 16.0, 12.0 ], "enabled": false }
							}
						},
						{
							"name": "Wall6",
							"from": [ 0.0, 5.0, 3.5 ], 
							"to": [ 16.0, 6.0, 13.5 ], 
							"rotationOrigin": [ 0.0, 5.0, 3.2 ],
							"rotationX": -1.628443907497612E-12,
							"rotationY": 3.413353627936079E-19,
							"rotationZ": 1.628443907497612E-12,
							"faces": {
								"north": { "texture": "#bricks", "uv": [ 0.0, 0.0, 16.0, 1.0 ], "enabled": false },
								"east": { "texture": "#bricks", "uv": [ 0.0, 10.0, 10.0, 11.0 ] },
								"south": { "texture": "#bricks", "uv": [ 0.0, 10.0, 16.0, 11.0 ] },
								"west": { "texture": "#bricks", "uv": [ 6.0, 10.0, 16.0, 11.0 ] },
								"up": { "texture": "#bricks", "uv": [ 0.0, 0.0, 16.0, 10.0 ], "enabled": false },
								"down": { "texture": "#bricks", "uv": [ 0.0, 0.0, 16.0, 10.0 ], "enabled": false }
							}
						},
						{
							"name": "Wall7",
							"from": [ 0.0, 6.0, 4.5 ], 
							"to": [ 16.0, 7.0, 13.5 ], 
							"rotationOrigin": [ 0.0, 6.0, 4.0 ],
							"rotationX": -1.628443907497612E-12,
							"rotationY": 3.413353627936079E-19,
							"rotationZ": 1.628443907497612E-12,
							"faces": {
								"north": { "texture": "#bricks", "uv": [ 0.0, 0.0, 16.0, 1.0 ], "enabled": false },
								"east": { "texture": "#bricks", "uv": [ 0.0, 9.0, 9.0, 10.0 ] },
								"south": { "texture": "#bricks", "uv": [ 0.0, 9.0, 16.0, 10.0 ] },
								"west": { "texture": "#bricks", "uv": [ 7.0, 9.0, 16.0, 10.0 ] },
								"up": { "texture": "#bricks", "uv": [ 0.0, 0.0, 16.0, 9.0 ], "enabled": false },
								"down": { "texture": "#bricks", "uv": [ 0.0, 0.0, 16.0, 9.0 ], "enabled": false }
							}
						},
						{
							"name": "Wall8",
							"from": [ 0.0, 7.0, 5.5 ], 
							"to": [ 16.0, 8.0, 13.5 ], 
							"rotationOrigin": [ 0.0, 7.0, 5.0 ],
							"rotationX": -1.628443907497612E-12,
							"rotationY": 3.413353627936079E-19,
							"rotationZ": 1.628443907497612E-12,
							"faces": {
								"north": { "texture": "#bricks", "uv": [ 0.0, 0.0, 16.0, 1.0 ], "enabled": false },
								"east": { "texture": "#bricks", "uv": [ 0.0, 8.0, 8.0, 9.0 ] },
								"south": { "texture": "#bricks", "uv": [ 0.0, 8.0, 16.0, 9.0 ] },
								"west": { "texture": "#bricks", "uv": [ 8.0, 8.0, 16.0, 9.0 ] },
								"up": { "texture": "#bricks", "uv": [ 0.0, 0.0, 16.0, 8.0 ], "enabled": false },
								"down": { "texture": "#bricks", "uv": [ 0.0, 0.0, 16.0, 8.0 ], "enabled": false }
							}
						},
						{
							"name": "Wall9",
							"from": [ 0.0, 8.0, 6.5 ], 
							"to": [ 16.0, 9.0, 13.5 ], 
							"rotationOrigin": [ 0.0, 8.0, 7.0 ],
							"rotationX": -1.628443907497612E-12,
							"rotationY": 3.413353627936079E-19,
							"rotationZ": 1.628443907497612E-12,
							"faces": {
								"north": { "texture": "#bricks", "uv": [ 0.0, 0.0, 16.0, 1.0 ], "enabled": false },
								"east": { "texture": "#bricks", "uv": [ 0.0, 7.0, 7.0, 8.0 ] },
								"south": { "texture": "#bricks", "uv": [ 0.0, 7.0, 16.0, 8.0 ] },
								"west": { "texture": "#bricks", "uv": [ 9.0, 7.0, 16.0, 8.0 ] },
								"up": { "texture": "#bricks", "uv": [ 0.0, 0.0, 16.0, 7.0 ], "enabled": false },
								"down": { "texture": "#bricks", "uv": [ 0.0, 0.0, 16.0, 7.0 ], "enabled": false }
							}
						},
						{
							"name": "Wall10",
							"from": [ 0.0, 9.0, 7.5 ], 
							"to": [ 16.0, 10.0, 13.5 ], 
							"rotationOrigin": [ 0.0, 9.0, 8.0 ],
							"rotationX": -1.628443907497612E-12,
							"rotationY": 3.413353627936079E-19,
							"rotationZ": 1.628443907497612E-12,
							"faces": {
								"north": { "texture": "#bricks", "uv": [ 0.0, 0.0, 16.0, 1.0 ], "enabled": false },
								"east": { "texture": "#bricks", "uv": [ 0.0, 6.0, 6.0, 7.0 ] },
								"south": { "texture": "#bricks", "uv": [ 0.0, 6.0, 16.0, 7.0 ] },
								"west": { "texture": "#bricks", "uv": [ 10.0, 6.0, 16.0, 7.0 ] },
								"up": { "texture": "#bricks", "uv": [ 0.0, 0.0, 16.0, 6.0 ], "enabled": false },
								"down": { "texture": "#bricks", "uv": [ 0.0, 0.0, 16.0, 6.0 ], "enabled": false }
							}
						},
						{
							"name": "Wall11",
							"from": [ 0.0, 10.0, 8.5 ], 
							"to": [ 16.0, 11.0, 13.5 ], 
							"rotationOrigin": [ 0.0, 10.0, 9.0 ],
							"rotationX": -1.628443907497612E-12,
							"rotationY": 3.413353627936079E-19,
							"rotationZ": 1.628443907497612E-12,
							"faces": {
								"north": { "texture": "#bricks", "uv": [ 0.0, 0.0, 16.0, 1.0 ], "enabled": false },
								"east": { "texture": "#bricks", "uv": [ 0.0, 5.0, 5.0, 6.0 ] },
								"south": { "texture": "#bricks", "uv": [ 0.0, 5.0, 16.0, 6.0 ] },
								"west": { "texture": "#bricks", "uv": [ 11.0, 5.0, 16.0, 6.0 ] },
								"up": { "texture": "#bricks", "uv": [ 0.0, 0.0, 16.0, 5.0 ], "enabled": false },
								"down": { "texture": "#bricks", "uv": [ 0.0, 0.0, 16.0, 5.0 ], "enabled": false }
							}
						},
						{
							"name": "Wall12",
							"from": [ 0.0, 11.0, 9.5 ], 
							"to": [ 16.0, 12.0, 13.5 ], 
							"rotationOrigin": [ 0.0, 11.0, 10.0 ],
							"rotationX": -1.628443907497612E-12,
							"rotationY": 3.413353627936079E-19,
							"rotationZ": 1.628443907497612E-12,
							"faces": {
								"north": { "texture": "#bricks", "uv": [ 0.0, 0.0, 16.0, 1.0 ], "enabled": false },
								"east": { "texture": "#bricks", "uv": [ 0.0, 4.0, 4.0, 5.0 ] },
								"south": { "texture": "#bricks", "uv": [ 0.0, 4.0, 16.0, 5.0 ] },
								"west": { "texture": "#bricks", "uv": [ 12.0, 4.0, 16.0, 5.0 ] },
								"up": { "texture": "#bricks", "uv": [ 0.0, 0.0, 16.0, 4.0 ], "enabled": false },
								"down": { "texture": "#bricks", "uv": [ 0.0, 0.0, 16.0, 4.0 ], "enabled": false }
							}
						},
						{
							"name": "Wall13",
							"from": [ 0.0, 12.0, 10.5 ], 
							"to": [ 16.0, 13.0, 13.5 ], 
							"rotationOrigin": [ 0.0, 12.0, 11.0 ],
							"rotationX": -1.628443907497612E-12,
							"rotationY": 3.413353627936079E-19,
							"rotationZ": 1.628443907497612E-12,
							"faces": {
								"north": { "texture": "#bricks", "uv": [ 0.0, 0.0, 16.0, 1.0 ], "enabled": false },
								"east": { "texture": "#bricks", "uv": [ 0.0, 3.0, 3.0, 4.0 ] },
								"south": { "texture": "#bricks", "uv": [ 0.0, 3.0, 16.0, 4.0 ] },
								"west": { "texture": "#bricks", "uv": [ 13.0, 3.0, 16.0, 4.0 ] },
								"up": { "texture": "#bricks", "uv": [ 0.0, 0.0, 16.0, 3.0 ], "enabled": false },
								"down": { "texture": "#bricks", "uv": [ 0.0, 0.0, 16.0, 3.0 ], "enabled": false }
							}
						},
						{
							"name": "Wall14",
							"from": [ 0.0, 13.0, 12.5 ], 
							"to": [ 16.0, 14.0, 13.5 ], 
							"rotationOrigin": [ 0.0, 13.0, 13.0 ],
							"rotationX": -1.628443907497612E-12,
							"rotationY": 3.413353627936079E-19,
							"rotationZ": 1.628443907497612E-12,
							"faces": {
								"north": { "texture": "#bricks", "uv": [ 0.0, 0.0, 16.0, 1.0 ], "enabled": false },
								"east": { "texture": "#bricks", "uv": [ 0.0, 2.0, 1.0, 3.0 ] },
								"south": { "texture": "#bricks", "uv": [ 0.0, 2.0, 16.0, 3.0 ] },
								"west": { "texture": "#bricks", "uv": [ 15.0, 2.0, 16.0, 3.0 ] },
								"up": { "texture": "#bricks", "uv": [ 0.0, 0.0, 16.0, 1.0 ], "enabled": false },
								"down": { "texture": "#bricks", "uv": [ 0.0, 0.0, 16.0, 1.0 ], "enabled": false }
							}
						},
						{
							"name": "Wall15",
							"from": [ 0.0, 14.0, 12.5 ], 
							"to": [ 16.0, 15.0, 13.5 ], 
							"rotationOrigin": [ 0.0, 14.0, 13.0 ],
							"rotationX": -1.628443907497612E-12,
							"rotationY": 3.413353627936079E-19,
							"rotationZ": 1.628443907497612E-12,
							"faces": {
								"north": { "texture": "#bricks", "uv": [ 0.0, 0.0, 16.0, 1.0 ], "enabled": false },
								"east": { "texture": "#bricks", "uv": [ 0.0, 2.0, 1.0, 3.0 ] },
								"south": { "texture": "#bricks", "uv": [ 0.0, 1.0, 16.0, 2.0 ], "autoUv": false },
								"west": { "texture": "#bricks", "uv": [ 15.0, 2.0, 16.0, 3.0 ] },
								"up": { "texture": "#bricks", "uv": [ 0.0, 0.0, 16.0, 1.0 ], "enabled": false },
								"down": { "texture": "#bricks", "uv": [ 0.0, 0.0, 16.0, 1.0 ], "enabled": false }
							}
						}
					]
				},
				{
					"name": "Wood supports",
					"from": [ -9.0, -9.2899, 6.8212 ], 
					"to": [ -9.0, -9.2899, 6.8212 ], 
					"rotationOrigin": [ -9.0, -9.2899, 6.8212 ],
					"rotationX": -44.99999028471095,
					"faces": {
						"north": { "texture": "#log", "uv": [ 0.0, 0.0, 0.5, 0.5 ], "enabled": false },
						"east": { "texture": "#log", "uv": [ 0.0, 0.0, 0.5, 0.5 ], "enabled": false },
						"south": { "texture": "#log", "uv": [ 0.0, 0.0, 0.5, 0.5 ], "enabled": false },
						"west": { "texture": "#log", "uv": [ 0.0, 0.0, 0.5, 0.5 ], "enabled": false },
						"up": { "texture": "#log", "uv": [ 0.0, 0.0, 0.5, 0.5 ], "enabled": false },
						"down": { "texture": "#log", "uv": [ 0.0, 0.0, 0.5, 0.5 ], "enabled": false }
					},
					"children": [
						{
							"name": "wood support  left",
							"from": [ 0.0, 0.0, 0.0 ], 
							"to": [ 1.0, 22.5, 2.0 ], 
							"rotationOrigin": [ 0.5, 2.2, -0.8 ],
							"rotationX": -3.415094397496434E-6,
							"faces": {
								"north": { "texture": "#log", "uv": [ 0.0, 0.0, 16.0, 1.5 ], "rotation": 90, "autoUv": false },
								"east": { "texture": "#log", "uv": [ 0.0, 0.0, 16.0, 1.5 ], "rotation": 90, "autoUv": false },
								"south": { "texture": "#log", "uv": [ 0.0, 3.0, 16.0, 4.5 ], "rotation": 90, "autoUv": false },
								"west": { "texture": "#log", "uv": [ 0.0, 0.5, 16.0, 2.0 ], "rotation": 90, "autoUv": false },
								"up": { "texture": "#log", "uv": [ 0.0, 0.0, 1.0, 2.0 ] },
								"down": { "texture": "#log", "uv": [ 0.0, 0.0, 1.0, 2.0 ] }
							}
						},
						{
							"name": "wood support right",
							"from": [ 17.0, 0.0, 0.0 ], 
							"to": [ 18.0, 22.5, 2.0 ], 
							"rotationOrigin": [ 17.5, 2.2, -0.8 ],
							"rotationX": -3.415094397496434E-6,
							"faces": {
								"north": { "texture": "#log", "uv": [ 0.0, 0.0, 16.0, 1.5 ], "rotation": 90, "autoUv": false },
								"east": { "texture": "#log", "uv": [ 0.0, 0.0, 16.0, 1.5 ], "rotation": 90, "autoUv": false },
								"south": { "texture": "#log", "uv": [ 0.0, 3.0, 16.0, 4.5 ], "rotation": 90, "autoUv": false },
								"west": { "texture": "#log", "uv": [ 0.0, 0.5, 16.0, 2.0 ], "rotation": 90, "autoUv": false },
								"up": { "texture": "#log", "uv": [ 0.0, 0.0, 1.0, 2.0 ] },
								"down": { "texture": "#log", "uv": [ 0.0, 0.0, 1.0, 2.0 ] }
							}
						},
						{
							"name": "wood support 0",
							"from": [ 1.0, 22.5, 1.0 ], 
							"to": [ 17.0, 23.5, 2.0 ], 
							"rotationOrigin": [ 1.0, 23.0, 0.0 ],
							"rotationX": 44.99999028471095,
							"faces": {
								"north": { "texture": "#log", "uv": [ 0.0, 1.0, 16.0, 2.0 ] },
								"east": { "texture": "#log", "uv": [ 0.0, 0.0, 1.0, 1.0 ] },
								"south": { "texture": "#log", "uv": [ 0.0, 3.0, 16.0, 4.0 ] },
								"west": { "texture": "#log", "uv": [ 0.0, 0.0, 1.0, 1.0 ] },
								"up": { "texture": "#log", "uv": [ 0.0, 2.0, 16.0, 3.0 ] },
								"down": { "texture": "#log", "uv": [ 0.0, 6.0, 16.0, 7.0 ] }
							}
						},
						{
							"name": "wood support 1",
							"from": [ 1.0, 1.0, 0.5 ], 
							"to": [ 17.0, 2.0, 1.5 ], 
							"rotationOrigin": [ 1.0, 1.0, 0.0 ],
							"rotationX": 44.99999028471095,
							"faces": {
								"north": { "texture": "#log", "uv": [ 0.0, 1.0, 16.0, 2.0 ] },
								"east": { "texture": "#log", "uv": [ 0.0, 0.0, 1.0, 1.0 ] },
								"south": { "texture": "#log", "uv": [ 0.0, 3.0, 16.0, 4.0 ] },
								"west": { "texture": "#log", "uv": [ 0.0, 0.0, 1.0, 1.0 ] },
								"up": { "texture": "#log", "uv": [ 0.0, 2.0, 16.0, 3.0 ] },
								"down": { "texture": "#log", "uv": [ 0.0, 6.0, 16.0, 7.0 ] }
							}
						}
					]
				}
			]
		},
		{
			"name": "Master Window",
			"from": [ 8.0, 16.0, 6.0 ], 
			"to": [ 8.0, 16.0, 6.0 ], 
			"rotationOrigin": [ 8.0, 16.0, 6.0 ],
			"rotationY": -90.0,
			"faces": {
				"north": { "texture": "#bricks", "uv": [ 0.0, 0.0, 0.5, 0.5 ], "enabled": false },
				"east": { "texture": "#bricks", "uv": [ 0.0, 0.0, 0.5, 0.5 ], "enabled": false },
				"south": { "texture": "#bricks", "uv": [ 0.0, 0.0, 0.5, 0.5 ], "enabled": false },
				"west": { "texture": "#bricks", "uv": [ 0.0, 0.0, 0.5, 0.5 ], "enabled": false },
				"up": { "texture": "#bricks", "uv": [ 0.0, 0.0, 0.5, 0.5 ], "enabled": false },
				"down": { "texture": "#bricks", "uv": [ 0.0, 0.0, 0.5, 0.5 ], "enabled": false }
			},
			"children": [
				{
					"name": "Roof South",
					"from": [ -5.12, -5.12, -3.2 ], 
					"to": [ -5.12, -5.12, -3.2 ], 
					"rotationOrigin": [ -5.12, -5.12, -3.2 ],
					"faces": {
						"north": { "texture": "#log", "uv": [ 0.0, 0.0, 0.5, 0.5 ], "enabled": false },
						"east": { "texture": "#log", "uv": [ 0.0, 0.0, 0.5, 0.5 ], "enabled": false },
						"south": { "texture": "#log", "uv": [ 0.0, 0.0, 0.5, 0.5 ], "enabled": false },
						"west": { "texture": "#log", "uv": [ 0.0, 0.0, 0.5, 0.5 ], "enabled": false },
						"up": { "texture": "#log", "uv": [ 0.0, 0.0, 0.5, 0.5 ], "enabled": false },
						"down": { "texture": "#log", "uv": [ 0.0, 0.0, 0.5, 0.5 ], "enabled": false }
					},
					"children": [
						{
							"name": "Roof7",
							"from": [ 0.0, 3.0, 5.5 ], 
							"to": [ 13.0, 5.0, 6.14 ], 
							"rotationOrigin": [ 0.0, 2.0, 5.0 ],
							"rotationX": -45.0,
							"faces": {
								"north": { "texture": "#shingles", "uv": [ 0.0, 0.0, 13.0, 2.0 ], "enabled": false },
								"east": { "texture": "#shingles", "uv": [ 0.0, 0.0, 0.5, 2.0 ] },
								"south": { "texture": "#shingles", "uv": [ 0.0, 0.0, 13.0, 2.0 ] },
								"west": { "texture": "#shingles", "uv": [ 0.0, 0.0, 0.5, 2.0 ] },
								"up": { "texture": "#shingles", "uv": [ 0.0, 0.0, 13.0, 0.5 ] },
								"down": { "texture": "#shingles", "uv": [ 0.0, 0.0, 13.0, 0.5 ], "enabled": false }
							},
							"children": [
								{
									"name": "Cube44",
									"from": [ 0.0, -1.6, 0.64 ], 
									"to": [ 7.0, -0.6, 0.94 ], 
									"rotationOrigin": [ 0.0, -0.64, 0.0 ],
									"rotationX": -45.0,
									"faces": {
										"north": { "texture": "#shingles", "uv": [ 0.0, 0.0, 7.0, 1.0 ] },
										"east": { "texture": "#shingles", "uv": [ 0.0, 0.0, 0.5, 1.0 ] },
										"south": { "texture": "#shingles", "uv": [ 0.0, 2.5, 7.0, 3.5 ] },
										"west": { "texture": "#shingles", "uv": [ 0.0, 0.0, 0.5, 1.0 ] },
										"up": { "texture": "#shingles", "uv": [ 0.0, 0.0, 7.0, 0.5 ] },
										"down": { "texture": "#shingles", "uv": [ 11.0, 3.0, 11.5, 3.5 ], "autoUv": false }
									}
								},
								{
									"name": "Cube44",
									"from": [ 7.0, -1.6, 0.64 ], 
									"to": [ 10.0, -0.6, 0.94 ], 
									"rotationOrigin": [ 6.4, -0.64, 0.0 ],
									"rotationX": -45.0,
									"faces": {
										"north": { "texture": "#shingles", "uv": [ 0.0, 0.0, 3.0, 1.0 ] },
										"east": { "texture": "#shingles", "uv": [ 0.0, 0.0, 0.5, 1.0 ] },
										"south": { "texture": "#shingles", "uv": [ 7.0, 3.5, 10.0, 4.5 ] },
										"west": { "texture": "#shingles", "uv": [ 0.0, 0.0, 0.5, 1.0 ] },
										"up": { "texture": "#shingles", "uv": [ 0.0, 0.0, 3.0, 0.5 ] },
										"down": { "texture": "#shingles", "uv": [ 11.0, 3.0, 11.5, 3.5 ], "autoUv": false }
									}
								},
								{
									"name": "Cube83",
									"from": [ 10.0, -1.6, 0.64 ], 
									"to": [ 13.0, -0.6, 0.94 ], 
									"rotationOrigin": [ 9.4, -0.64, 0.0 ],
									"rotationX": -45.0,
									"faces": {
										"north": { "texture": "#shingles", "uv": [ 0.0, 0.0, 3.0, 1.0 ] },
										"east": { "texture": "#shingles", "uv": [ 0.0, 0.0, 0.5, 1.0 ] },
										"south": { "texture": "#shingles", "uv": [ 10.0, 2.5, 13.0, 3.5 ] },
										"west": { "texture": "#shingles", "uv": [ 0.0, 0.0, 0.5, 1.0 ] },
										"up": { "texture": "#shingles", "uv": [ 0.0, 0.0, 3.0, 0.5 ] },
										"down": { "texture": "#shingles", "uv": [ 11.0, 3.0, 11.5, 3.5 ], "autoUv": false }
									}
								}
							]
						}
					]
				},
				{
					"name": "Roof North",
					"from": [ 5.12, -5.12, 3.2 ], 
					"to": [ 5.12, -5.12, 3.2 ], 
					"rotationOrigin": [ 5.12, -5.12, 3.2 ],
					"rotationX": -179.99999011687993,
					"rotationY": 5.008955855952477E-6,
					"rotationZ": -179.99999011687993,
					"faces": {
						"north": { "texture": "#log", "uv": [ 0.0, 0.0, 0.5, 0.5 ], "enabled": false },
						"east": { "texture": "#log", "uv": [ 0.0, 0.0, 0.5, 0.5 ], "enabled": false },
						"south": { "texture": "#log", "uv": [ 0.0, 0.0, 0.5, 0.5 ], "enabled": false },
						"west": { "texture": "#log", "uv": [ 0.0, 0.0, 0.5, 0.5 ], "enabled": false },
						"up": { "texture": "#log", "uv": [ 0.0, 0.0, 0.5, 0.5 ], "enabled": false },
						"down": { "texture": "#log", "uv": [ 0.0, 0.0, 0.5, 0.5 ], "enabled": false }
					},
					"children": [
						{
							"name": "Roof36",
							"from": [ 0.0, 1.28, 6.4 ], 
							"to": [ 10.24, 2.56, 7.04 ], 
							"rotationOrigin": [ 0.0, 1.28, 6.4 ],
							"rotationX": -45.0,
							"faces": {
								"north": { "texture": "#shingles", "uv": [ 0.0, 0.0, 16.0, 2.0 ], "enabled": false },
								"east": { "texture": "#shingles", "uv": [ 0.0, 0.0, 1.0, 2.0 ] },
								"south": { "texture": "#shingles", "uv": [ 0.0, 0.0, 16.0, 2.0 ] },
								"west": { "texture": "#shingles", "uv": [ 0.0, 0.0, 1.0, 2.0 ] },
								"up": { "texture": "#shingles", "uv": [ 0.0, 0.0, 16.0, 1.0 ], "enabled": false },
								"down": { "texture": "#shingles", "uv": [ 0.0, 0.0, 16.0, 1.0 ], "enabled": false }
							},
							"children": [
								{
									"name": "Cube38",
									"from": [ 0.0, -1.28, 0.64 ], 
									"to": [ 4.48, -0.64, 0.96 ], 
									"rotationOrigin": [ 0.0, -0.64, 0.0 ],
									"rotationX": -45.0,
									"faces": {
										"north": { "texture": "#shingles", "uv": [ 0.0, 0.0, 7.0, 1.0 ] },
										"east": { "texture": "#shingles", "uv": [ 0.0, 0.0, 0.5, 1.0 ] },
										"south": { "texture": "#shingles", "uv": [ 0.0, 2.5, 7.0, 3.5 ], "autoUv": false },
										"west": { "texture": "#shingles", "uv": [ 0.0, 0.0, 0.5, 1.0 ] },
										"up": { "texture": "#shingles", "uv": [ 0.0, 0.0, 7.0, 0.5 ] },
										"down": { "texture": "#shingles", "uv": [ 11.0, 3.0, 11.5, 3.5 ], "autoUv": false }
									}
								},
								{
									"name": "Cube38",
									"from": [ 4.48, -1.28, 0.64 ], 
									"to": [ 6.4, -0.64, 0.96 ], 
									"rotationOrigin": [ 4.48, -0.64, 0.0 ],
									"rotationX": -45.0,
									"faces": {
										"north": { "texture": "#shingles", "uv": [ 0.0, 0.0, 3.0, 1.0 ] },
										"east": { "texture": "#shingles", "uv": [ 0.0, 0.0, 0.5, 1.0 ] },
										"south": { "texture": "#shingles", "uv": [ 7.0, 3.5, 10.0, 4.5 ], "autoUv": false },
										"west": { "texture": "#shingles", "uv": [ 0.0, 0.0, 0.5, 1.0 ] },
										"up": { "texture": "#shingles", "uv": [ 0.0, 0.0, 3.0, 0.5 ] },
										"down": { "texture": "#shingles", "uv": [ 11.0, 3.0, 11.5, 3.5 ], "autoUv": false }
									}
								},
								{
									"name": "Cube39",
									"from": [ 6.4, -1.28, 0.64 ], 
									"to": [ 10.24, -0.64, 0.96 ], 
									"rotationOrigin": [ 6.4, -0.64, 0.0 ],
									"rotationX": -45.0,
									"faces": {
										"north": { "texture": "#shingles", "uv": [ 0.0, 0.0, 6.0, 1.0 ] },
										"east": { "texture": "#shingles", "uv": [ 0.0, 0.0, 0.5, 1.0 ] },
										"south": { "texture": "#shingles", "uv": [ 10.0, 2.5, 16.0, 3.5 ], "autoUv": false },
										"west": { "texture": "#shingles", "uv": [ 0.0, 0.0, 0.5, 1.0 ] },
										"up": { "texture": "#shingles", "uv": [ 0.0, 0.0, 6.0, 0.5 ] },
										"down": { "texture": "#shingles", "uv": [ 11.0, 3.0, 11.5, 3.5 ], "autoUv": false }
									}
								}
							]
						},
						{
							"name": "wood support S",
							"from": [ -0.64, -0.8255, 7.5656 ], 
							"to": [ -0.64, -0.8255, 7.5656 ], 
							"rotationOrigin": [ -0.64, -0.8255, 7.5656 ],
							"rotationX": -44.99999028471095,
							"faces": {
								"north": { "texture": "#log", "uv": [ 0.0, 0.0, 0.5, 0.5 ] },
								"east": { "texture": "#log", "uv": [ 0.0, 0.0, 0.5, 0.5 ] },
								"south": { "texture": "#log", "uv": [ 0.0, 0.0, 0.5, 0.5 ] },
								"west": { "texture": "#log", "uv": [ 0.0, 0.0, 0.5, 0.5 ] },
								"up": { "texture": "#log", "uv": [ 0.0, 0.0, 0.5, 0.5 ] },
								"down": { "texture": "#log", "uv": [ 0.0, 0.0, 0.5, 0.5 ] }
							},
							"children": [
								{
									"name": "wood support  left45",
									"from": [ 0.0, 0.0, 0.0 ], 
									"to": [ 0.64, 6.208, 1.28 ], 
									"rotationOrigin": [ 0.32, 1.408, -0.512 ],
									"rotationX": -3.415094397496434E-6,
									"faces": {
										"north": { "texture": "#log", "uv": [ 0.0, 0.0, 16.0, 1.5 ], "rotation": 90, "autoUv": false },
										"east": { "texture": "#log", "uv": [ 0.0, 0.0, 16.0, 1.5 ], "rotation": 90, "autoUv": false },
										"south": { "texture": "#log", "uv": [ 0.0, 3.0, 16.0, 4.5 ], "rotation": 90, "autoUv": false },
										"west": { "texture": "#log", "uv": [ 0.0, 0.5, 16.0, 2.0 ], "rotation": 90, "autoUv": false },
										"up": { "texture": "#log", "uv": [ 0.0, 0.0, 1.0, 2.0 ], "enabled": false },
										"down": { "texture": "#log", "uv": [ 14.0, 14.0, 16.0, 16.0 ], "autoUv": false }
									}
								},
								{
									"name": "wood support 51",
									"from": [ 0.64, 0.64, 0.64 ], 
									"to": [ 10.88, 1.28, 1.28 ], 
									"rotationOrigin": [ 0.64, 1.28, 0.0 ],
									"rotationX": 44.99999028471095,
									"faces": {
										"north": { "texture": "#log", "uv": [ 0.0, 1.0, 16.0, 2.0 ] },
										"east": { "texture": "#log", "uv": [ 0.0, 0.0, 1.0, 1.0 ] },
										"south": { "texture": "#log", "uv": [ 0.0, 3.0, 16.0, 4.0 ] },
										"west": { "texture": "#log", "uv": [ 0.0, 0.0, 1.0, 1.0 ] },
										"up": { "texture": "#log", "uv": [ 0.0, 2.0, 16.0, 3.0 ] },
										"down": { "texture": "#log", "uv": [ 0.0, 6.0, 16.0, 7.0 ] }
									}
								},
								{
									"name": "wood support  left52",
									"from": [ 10.88, 0.0, 0.0 ], 
									"to": [ 11.52, 6.208, 1.28 ], 
									"rotationOrigin": [ 11.2, 1.408, -0.512 ],
									"rotationX": -3.415094397496434E-6,
									"faces": {
										"north": { "texture": "#log", "uv": [ 0.0, 0.0, 16.0, 1.5 ], "rotation": 90, "autoUv": false },
										"east": { "texture": "#log", "uv": [ 0.0, 0.0, 16.0, 1.5 ], "rotation": 90, "autoUv": false },
										"south": { "texture": "#log", "uv": [ 0.0, 3.0, 16.0, 4.5 ], "rotation": 90, "autoUv": false },
										"west": { "texture": "#log", "uv": [ 0.0, 0.5, 16.0, 2.0 ], "rotation": 90, "autoUv": false },
										"up": { "texture": "#log", "uv": [ 0.0, 0.0, 1.0, 2.0 ], "enabled": false },
										"down": { "texture": "#log", "uv": [ 14.0, 14.0, 16.0, 16.0 ], "autoUv": false }
									}
								}
							]
						},
						{
							"name": "wood support N",
							"from": [ 10.88, -0.8255, -1.1656 ], 
							"to": [ 10.88, -0.8255, -1.1656 ], 
							"rotationOrigin": [ 10.88, -0.8255, -1.1656 ],
							"rotationX": -135.00000224700494,
							"rotationY": -3.5418654988073083E-6,
							"rotationZ": -179.99995414470058,
							"faces": {
								"north": { "texture": "#log", "uv": [ 0.0, 0.0, 0.5, 0.5 ] },
								"east": { "texture": "#log", "uv": [ 0.0, 0.0, 0.5, 0.5 ] },
								"south": { "texture": "#log", "uv": [ 0.0, 0.0, 0.5, 0.5 ] },
								"west": { "texture": "#log", "uv": [ 0.0, 0.0, 0.5, 0.5 ] },
								"up": { "texture": "#log", "uv": [ 0.0, 0.0, 0.5, 0.5 ] },
								"down": { "texture": "#log", "uv": [ 0.0, 0.0, 0.5, 0.5 ] }
							},
							"children": [
								{
									"name": "wood support right",
									"from": [ 10.88, 0.0, 0.0 ], 
									"to": [ 11.52, 6.208, 1.28 ], 
									"rotationOrigin": [ 11.2, 1.408, -0.512 ],
									"rotationX": -3.415094397496434E-6,
									"faces": {
										"north": { "texture": "#log", "uv": [ 0.0, 0.0, 16.0, 1.5 ], "rotation": 90, "autoUv": false },
										"east": { "texture": "#log", "uv": [ 0.0, 0.0, 16.0, 1.5 ], "rotation": 90, "autoUv": false },
										"south": { "texture": "#log", "uv": [ 0.0, 3.0, 16.0, 4.5 ], "rotation": 90, "autoUv": false },
										"west": { "texture": "#log", "uv": [ 0.0, 0.5, 16.0, 2.0 ], "rotation": 90, "autoUv": false },
										"up": { "texture": "#log", "uv": [ 0.0, 0.0, 1.0, 2.0 ], "enabled": false },
										"down": { "texture": "#log", "uv": [ 14.0, 14.0, 16.0, 16.0 ], "autoUv": false }
									}
								},
								{
									"name": "wood support 0",
									"from": [ 0.64, 0.64, 0.64 ], 
									"to": [ 10.88, 1.28, 1.28 ], 
									"rotationOrigin": [ 0.64, 1.28, 0.0 ],
									"rotationX": 44.99999028471095,
									"faces": {
										"north": { "texture": "#log", "uv": [ 0.0, 1.0, 16.0, 3.0 ] },
										"east": { "texture": "#log", "uv": [ 0.0, 0.0, 1.0, 2.0 ] },
										"south": { "texture": "#log", "uv": [ 0.0, 3.0, 16.0, 5.0 ] },
										"west": { "texture": "#log", "uv": [ 0.0, 0.0, 1.0, 2.0 ] },
										"up": { "texture": "#log", "uv": [ 0.0, 2.0, 16.0, 3.0 ] },
										"down": { "texture": "#log", "uv": [ 0.0, 6.0, 16.0, 7.0 ] }
									}
								},
								{
									"name": "wood support right 2",
									"from": [ 0.0, 0.0, 0.0 ], 
									"to": [ 0.64, 6.208, 1.28 ], 
									"rotationOrigin": [ 0.32, 1.408, -0.512 ],
									"rotationX": -3.415094397496434E-6,
									"faces": {
										"north": { "texture": "#log", "uv": [ 0.0, 0.0, 16.0, 1.5 ], "rotation": 90, "autoUv": false },
										"east": { "texture": "#log", "uv": [ 0.0, 0.0, 16.0, 1.5 ], "rotation": 90, "autoUv": false },
										"south": { "texture": "#log", "uv": [ 0.0, 3.0, 16.0, 4.5 ], "rotation": 90, "autoUv": false },
										"west": { "texture": "#log", "uv": [ 0.0, 0.5, 16.0, 2.0 ], "rotation": 90, "autoUv": false },
										"up": { "texture": "#log", "uv": [ 0.0, 0.0, 1.0, 2.0 ], "enabled": false },
										"down": { "texture": "#log", "uv": [ 14.0, 14.0, 16.0, 16.0 ], "autoUv": false }
									}
								}
							]
						},
						{
							"name": "wood support top",
							"from": [ 13.312, 2.88, 4.864 ], 
							"to": [ 25.088, 4.48, 6.656 ], 
							"rotationOrigin": [ 12.16, 2.56, 4.48 ],
							"rotationX": -179.99997816404954,
							"rotationY": -5.008955855952477E-6,
							"rotationZ": -179.9999678050814,
							"faces": {
								"north": { "texture": "#log", "uv": [ 0.0, 0.0, 16.0, 3.0 ], "autoUv": false },
								"east": { "texture": "#log", "uv": [ 14.0, 14.0, 16.0, 16.0 ], "autoUv": false },
								"south": { "texture": "#log", "uv": [ 0.0, 0.0, 16.0, 3.5 ], "autoUv": false },
								"west": { "texture": "#log", "uv": [ 14.0, 14.0, 16.0, 16.0 ], "autoUv": false },
								"up": { "texture": "#log", "uv": [ 0.0, 5.5, 16.0, 9.0 ], "autoUv": false },
								"down": { "texture": "#log", "uv": [ 0.0, 7.5, 16.0, 11.0 ], "autoUv": false }
							}
						}
					]
				},
				{
					"name": "Walls",
					"from": [ -5.12, -5.12, -3.52 ], 
					"to": [ -5.12, -5.12, -3.52 ], 
					"rotationOrigin": [ -5.12, -5.12, -3.52 ],
					"rotationX": -2.2311795252909783E-5,
					"rotationY": -4.0711020037183786E-13,
					"rotationZ": 2.2311793624465875E-5,
					"faces": {
						"north": { "texture": "#bricks", "uv": [ 0.0, 0.0, 0.5, 0.5 ], "enabled": false },
						"east": { "texture": "#bricks", "uv": [ 0.0, 0.0, 0.5, 0.5 ], "enabled": false },
						"south": { "texture": "#bricks", "uv": [ 0.0, 0.0, 0.5, 0.5 ], "enabled": false },
						"west": { "texture": "#bricks", "uv": [ 0.0, 0.0, 0.5, 0.5 ], "enabled": false },
						"up": { "texture": "#bricks", "uv": [ 0.0, 0.0, 0.5, 0.5 ], "enabled": false },
						"down": { "texture": "#bricks", "uv": [ 0.0, 0.0, 0.5, 0.5 ], "enabled": false }
					},
					"children": [
						{
							"name": "Wall1",
							"from": [ 0.0, 0.0, -0.96 ], 
							"to": [ 10.24, 0.64, 8.0 ], 
							"rotationOrigin": [ 0.0, 0.0, -0.32 ],
							"rotationX": -1.628443907497612E-12,
							"rotationY": 3.413353627936079E-19,
							"rotationZ": 1.628443907497612E-12,
							"faces": {
								"north": { "texture": "#bricks", "uv": [ 0.0, 0.0, 16.0, 1.0 ], "enabled": false },
								"east": { "texture": "#bricks", "uv": [ 1.0, 15.0, 15.0, 16.0 ] },
								"south": { "texture": "#bricks", "uv": [ 0.0, 0.0, 16.0, 1.0 ], "enabled": false },
								"west": { "texture": "#bricks", "uv": [ 1.0, 15.0, 15.0, 16.0 ] },
								"up": { "texture": "#bricks", "uv": [ 0.0, 0.0, 16.0, 14.0 ], "enabled": false },
								"down": { "texture": "#bricks", "uv": [ 1.0, 0.0, 15.0, 16.0 ], "rotation": 90 }
							}
						},
						{
							"name": "Wall2",
							"from": [ 0.0, 0.64, -0.32 ], 
							"to": [ 10.24, 1.28, 7.36 ], 
							"rotationOrigin": [ 0.0, 0.64, 0.32 ],
							"rotationX": -1.628443907497612E-12,
							"rotationY": 3.413353627936079E-19,
							"rotationZ": 1.628443907497612E-12,
							"faces": {
								"north": { "texture": "#bricks", "uv": [ 0.0, 0.0, 16.0, 1.0 ], "enabled": false },
								"east": { "texture": "#bricks", "uv": [ 1.0, 14.0, 13.0, 15.0 ] },
								"south": { "texture": "#bricks", "uv": [ 0.0, 0.0, 16.0, 1.0 ], "enabled": false },
								"west": { "texture": "#bricks", "uv": [ 1.0, 14.0, 13.0, 15.0 ] },
								"up": { "texture": "#bricks", "uv": [ 0.0, 0.0, 16.0, 12.0 ], "enabled": false },
								"down": { "texture": "#bricks", "uv": [ 0.0, 0.0, 16.0, 12.0 ], "enabled": false }
							}
						},
						{
							"name": "Wall5",
							"from": [ 0.0, 2.56, 1.6 ], 
							"to": [ 10.24, 3.2, 5.44 ], 
							"rotationOrigin": [ 0.0, 2.56, 2.24 ],
							"rotationX": -1.628443907497612E-12,
							"rotationY": 3.413353627936079E-19,
							"rotationZ": 1.628443907497612E-12,
							"faces": {
								"north": { "texture": "#bricks", "uv": [ 0.0, 0.0, 16.0, 1.0 ], "enabled": false },
								"east": { "texture": "#bricks", "uv": [ 3.5, 11.0, 9.5, 12.0 ] },
								"south": { "texture": "#bricks", "uv": [ 0.0, 0.0, 16.0, 1.0 ], "enabled": false },
								"west": { "texture": "#bricks", "uv": [ 4.0, 11.0, 10.0, 12.0 ], "autoUv": false },
								"up": { "texture": "#bricks", "uv": [ 0.0, 0.0, 16.0, 6.0 ], "enabled": false },
								"down": { "texture": "#bricks", "uv": [ 0.0, 0.0, 16.0, 6.0 ], "enabled": false }
							}
						},
						{
							"name": "Wall3",
							"from": [ 0.0, 1.28, 0.32 ], 
							"to": [ 10.24, 1.92, 6.72 ], 
							"rotationOrigin": [ 0.0, 1.28, 0.96 ],
							"rotationX": -1.628443907497612E-12,
							"rotationY": 3.413353627936079E-19,
							"rotationZ": 1.628443907497612E-12,
							"faces": {
								"north": { "texture": "#bricks", "uv": [ 0.0, 0.0, 16.0, 1.0 ], "enabled": false },
								"east": { "texture": "#bricks", "uv": [ 2.0, 13.0, 12.0, 14.0 ], "autoUv": false },
								"south": { "texture": "#bricks", "uv": [ 0.0, 0.0, 16.0, 1.0 ], "enabled": false },
								"west": { "texture": "#bricks", "uv": [ 2.0, 13.0, 12.0, 14.0 ] },
								"up": { "texture": "#bricks", "uv": [ 0.0, 0.0, 16.0, 10.0 ], "enabled": false },
								"down": { "texture": "#bricks", "uv": [ 0.0, 0.0, 16.0, 10.0 ], "enabled": false }
							}
						},
						{
							"name": "Wall4",
							"from": [ 0.0, 1.92, 0.96 ], 
							"to": [ 10.24, 2.56, 6.08 ], 
							"rotationOrigin": [ 0.0, 1.92, 1.6 ],
							"rotationX": -1.628443907497612E-12,
							"rotationY": 3.413353627936079E-19,
							"rotationZ": 1.628443907497612E-12,
							"faces": {
								"north": { "texture": "#bricks", "uv": [ 0.0, 0.0, 16.0, 1.0 ], "enabled": false },
								"east": { "texture": "#bricks", "uv": [ 3.0, 12.0, 11.0, 13.0 ] },
								"south": { "texture": "#bricks", "uv": [ 0.0, 0.0, 16.0, 1.0 ], "enabled": false },
								"west": { "texture": "#bricks", "uv": [ 3.0, 12.0, 11.0, 13.0 ] },
								"up": { "texture": "#bricks", "uv": [ 0.0, 0.0, 16.0, 8.0 ], "enabled": false },
								"down": { "texture": "#bricks", "uv": [ 0.0, 0.0, 16.0, 8.0 ], "enabled": false }
							}
						},
						{
							"name": "Wall6",
							"from": [ 0.0, 3.2, 2.24 ], 
							"to": [ 0.64, 3.84, 4.8 ], 
							"rotationOrigin": [ 0.0, 3.2, 2.048 ],
							"rotationX": -1.628443907497612E-12,
							"rotationY": 3.413353627936079E-19,
							"rotationZ": 1.628443907497612E-12,
							"faces": {
								"north": { "texture": "#bricks", "uv": [ 0.0, 0.0, 1.0, 1.0 ], "enabled": false },
								"east": { "texture": "#bricks", "uv": [ 0.0, 0.0, 4.0, 1.0 ], "enabled": false },
								"south": { "texture": "#bricks", "uv": [ 0.0, 0.0, 1.0, 1.0 ], "enabled": false },
								"west": { "texture": "#bricks", "uv": [ 4.5, 11.5, 8.5, 12.5 ] },
								"up": { "texture": "#bricks", "uv": [ 0.0, 0.0, 1.0, 4.0 ], "enabled": false },
								"down": { "texture": "#bricks", "uv": [ 0.0, 0.0, 1.0, 4.0 ], "enabled": false }
							}
						},
						{
							"name": "Wall7",
							"from": [ 0.0, 3.84, 2.88 ], 
							"to": [ 0.64, 4.48, 4.16 ], 
							"rotationOrigin": [ 0.0, 3.84, 2.56 ],
							"rotationX": -1.628443907497612E-12,
							"rotationY": 3.413353627936079E-19,
							"rotationZ": 1.628443907497612E-12,
							"faces": {
								"north": { "texture": "#bricks", "uv": [ 0.0, 0.0, 1.0, 1.0 ], "enabled": false },
								"east": { "texture": "#bricks", "uv": [ 0.0, 0.0, 2.0, 1.0 ], "enabled": false },
								"south": { "texture": "#bricks", "uv": [ 0.0, 0.0, 1.0, 1.0 ], "enabled": false },
								"west": { "texture": "#bricks", "uv": [ 6.5, 10.0, 8.5, 11.0 ] },
								"up": { "texture": "#bricks", "uv": [ 0.0, 0.0, 1.0, 2.0 ], "enabled": false },
								"down": { "texture": "#bricks", "uv": [ 0.0, 0.0, 1.0, 2.0 ], "enabled": false }
							}
						}
					]
				}
			]
		}
	]}