{
	"editor": {
		"allAngles": false,
		"entityTextureMode": false
	},
	"textureWidth": 16,
	"textureHeight": 16,
	"textureSizes": {
	},
	"textures": {
		"bricks": "C:/Users/andy-/AppData/Roaming/Vintagestory/assets/survival/textures/block/stone/brick/granite1",
		"log": "C:/Users/andy-/AppData/Roaming/Vintagestory/assets/survival/textures/block/wood/firepit/log",
		"snow": "C:/Users/andy-/AppData/Roaming/Vintagestory/assets/survival/textures/block/snow/normal1",
		"shingles": "C:/Users/andy-/AppData/Roaming/Vintagestory/assets/survival/textures/block/clay/shingles/red"
	},
	"elements": [
		{
			"name": "Master",
			"from": [ 8.0, 8.0, 8.0 ], 
			"to": [ 8.0, 8.0, 8.0 ], 
			"rotationOrigin": [ 8.0, 8.0, 8.0 ],
			"faces": {
				"north": { "texture": "#log", "uv": [ 0.0, 0.0, 0.5, 0.5 ], "enabled": false },
				"east": { "texture": "#log", "uv": [ 0.0, 0.0, 0.5, 0.5 ], "enabled": false },
				"south": { "texture": "#log", "uv": [ 0.0, 0.0, 0.5, 0.5 ], "enabled": false },
				"west": { "texture": "#log", "uv": [ 0.0, 0.0, 0.5, 0.5 ], "enabled": false },
				"up": { "texture": "#log", "uv": [ 0.0, 0.0, 0.5, 0.5 ], "enabled": false },
				"down": { "texture": "#log", "uv": [ 0.0, 0.0, 0.5, 0.5 ], "enabled": false }
			},
			"children": [
				{
					"name": "Roofs R",
					"from": [ -8.0, -8.0, -5.0 ], 
					"to": [ -8.0, -8.0, -5.0 ], 
					"rotationOrigin": [ -8.0, -8.0, -5.0 ],
					"faces": {
						"north": { "texture": "#bricks", "uv": [ 0.0, 0.0, 0.5, 0.5 ], "enabled": false },
						"east": { "texture": "#bricks", "uv": [ 0.0, 0.0, 0.5, 0.5 ], "enabled": false },
						"south": { "texture": "#bricks", "uv": [ 0.0, 0.0, 0.5, 0.5 ], "enabled": false },
						"west": { "texture": "#bricks", "uv": [ 0.0, 0.0, 0.5, 0.5 ], "enabled": false },
						"up": { "texture": "#bricks", "uv": [ 0.0, 0.0, 0.5, 0.5 ], "enabled": false },
						"down": { "texture": "#bricks", "uv": [ 0.0, 0.0, 0.5, 0.5 ], "enabled": false }
					},
					"children": [
						{
							"name": "Roof1",
							"from": [ 1.0, 14.0, -2.0 ], 
							"to": [ 16.0, 16.0, -1.0 ], 
							"rotationOrigin": [ 1.0, 14.0, -2.0 ],
							"rotationX": -44.99999632180179,
							"faces": {
								"north": { "texture": "#shingles", "uv": [ 0.0, 0.0, 15.0, 2.0 ] },
								"east": { "texture": "#shingles", "uv": [ 0.0, 0.0, 1.0, 2.0 ] },
								"south": { "texture": "#shingles", "uv": [ 0.0, 0.0, 15.0, 2.0 ] },
								"west": { "texture": "#shingles", "uv": [ 0.0, 0.0, 1.0, 2.0 ] },
								"up": { "texture": "#shingles", "uv": [ 0.0, 0.0, 15.0, 1.0 ] },
								"down": { "texture": "#shingles", "uv": [ 0.0, 0.0, 15.0, 1.0 ], "enabled": false }
							},
							"children": [
								{
									"name": "Cube39",
									"from": [ 2.0, -2.0, 1.0 ], 
									"to": [ 6.0, -1.0, 1.5 ], 
									"rotationOrigin": [ 2.0, -1.0, 0.0 ],
									"rotationX": -44.9999866624562,
									"faces": {
										"north": { "texture": "#shingles", "uv": [ 3.0, 2.5, 7.0, 3.5 ] },
										"east": { "texture": "#shingles", "uv": [ 0.0, 0.0, 0.5, 1.0 ], "enabled": false },
										"south": { "texture": "#shingles", "uv": [ 3.0, 2.5, 7.0, 3.5 ] },
										"west": { "texture": "#shingles", "uv": [ 0.0, 0.0, 0.5, 1.0 ], "enabled": false },
										"up": { "texture": "#shingles", "uv": [ 0.0, 0.0, 4.0, 0.5 ], "enabled": false },
										"down": { "texture": "#shingles", "uv": [ 11.0, 3.0, 11.5, 3.5 ], "autoUv": false }
									}
								},
								{
									"name": "Cube42",
									"from": [ 9.0, -2.0, 1.0 ], 
									"to": [ 15.0, -1.0, 1.5 ], 
									"rotationOrigin": [ 9.0, -1.0, 0.0 ],
									"rotationX": -44.9999866624562,
									"faces": {
										"north": { "texture": "#shingles", "uv": [ 5.5, 0.5, 0.0, 0.0 ], "autoUv": false },
										"east": { "texture": "#shingles", "uv": [ 0.0, 0.0, 0.5, 1.0 ] },
										"south": { "texture": "#shingles", "uv": [ 10.0, 2.5, 16.0, 3.5 ], "autoUv": false },
										"west": { "texture": "#shingles", "uv": [ 0.0, 0.0, 0.5, 1.0 ], "enabled": false },
										"up": { "texture": "#shingles", "uv": [ 0.0, 0.0, 6.0, 0.5 ], "enabled": false },
										"down": { "texture": "#shingles", "uv": [ 11.0, 3.0, 11.5, 3.5 ], "autoUv": false }
									}
								},
								{
									"name": "Cube41",
									"from": [ 6.0, -2.0, 1.0 ], 
									"to": [ 9.0, -1.0, 1.5 ], 
									"rotationOrigin": [ 6.0, -1.0, 0.0 ],
									"rotationX": -44.9999866624562,
									"faces": {
										"north": { "texture": "#shingles", "uv": [ 0.0, 0.0, 3.0, 1.0 ] },
										"east": { "texture": "#shingles", "uv": [ 0.0, 0.0, 0.5, 1.0 ], "enabled": false },
										"south": { "texture": "#shingles", "uv": [ 7.0, 3.5, 10.0, 4.5 ], "autoUv": false },
										"west": { "texture": "#shingles", "uv": [ 0.0, 0.0, 0.5, 1.0 ], "enabled": false },
										"up": { "texture": "#shingles", "uv": [ 0.0, 0.0, 3.0, 0.5 ], "enabled": false },
										"down": { "texture": "#shingles", "uv": [ 11.0, 3.0, 11.5, 3.5 ], "autoUv": false }
									}
								}
							]
						},
						{
							"name": "Roof5",
							"from": [ 8.5, 6.0, 6.0 ], 
							"to": [ 16.0, 8.0, 7.0 ], 
							"rotationOrigin": [ 8.0, 6.0, 6.0 ],
							"rotationX": -44.99999632180179,
							"faces": {
								"north": { "texture": "#shingles", "uv": [ 0.0, 0.0, 7.5, 2.0 ], "enabled": false },
								"east": { "texture": "#shingles", "uv": [ 0.0, 0.0, 1.0, 2.0 ] },
								"south": { "texture": "#shingles", "uv": [ 8.5, 0.0, 16.0, 2.0 ] },
								"west": { "texture": "#shingles", "uv": [ 0.0, 0.0, 1.0, 2.0 ] },
								"up": { "texture": "#shingles", "uv": [ 0.0, 0.0, 7.5, 1.0 ], "enabled": false },
								"down": { "texture": "#shingles", "uv": [ 0.0, 0.0, 7.5, 1.0 ], "enabled": false }
							},
							"children": [
								{
									"name": "Cube31",
									"from": [ 2.5, -2.0, 1.0 ], 
									"to": [ 7.5, -1.0, 1.5 ], 
									"rotationOrigin": [ 2.5, -1.0, 0.0 ],
									"rotationX": -44.9999866624562,
									"faces": {
										"north": { "texture": "#shingles", "uv": [ 11.0, 2.5, 16.0, 3.5 ] },
										"east": { "texture": "#shingles", "uv": [ 0.0, 0.0, 0.5, 1.0 ] },
										"south": { "texture": "#shingles", "uv": [ 11.0, 2.5, 16.0, 3.5 ] },
										"west": { "texture": "#shingles", "uv": [ 0.0, 0.0, 0.5, 1.0 ], "enabled": false },
										"up": { "texture": "#shingles", "uv": [ 0.0, 0.0, 5.0, 0.5 ], "enabled": false },
										"down": { "texture": "#shingles", "uv": [ 11.0, 3.0, 11.5, 3.5 ], "autoUv": false }
									}
								}
							]
						},
						{
							"name": "Roof3",
							"from": [ 4.5, 10.0, 2.0 ], 
							"to": [ 16.0, 12.0, 3.0 ], 
							"rotationOrigin": [ 4.0, 10.0, 2.0 ],
							"rotationX": -44.99999632180179,
							"faces": {
								"north": { "texture": "#shingles", "uv": [ 0.0, 0.0, 11.5, 2.0 ], "enabled": false },
								"east": { "texture": "#shingles", "uv": [ 0.0, 0.0, 1.0, 2.0 ] },
								"south": { "texture": "#shingles", "uv": [ 4.5, 8.5, 16.0, 10.5 ] },
								"west": { "texture": "#shingles", "uv": [ 0.0, 0.0, 1.0, 2.0 ] },
								"up": { "texture": "#shingles", "uv": [ 0.0, 0.0, 11.5, 1.0 ], "enabled": false },
								"down": { "texture": "#shingles", "uv": [ 0.0, 0.0, 11.5, 1.0 ], "enabled": false }
							},
							"children": [
								{
									"name": "Cube19",
									"from": [ 5.5, -2.0, 1.0 ], 
									"to": [ 11.5, -1.0, 1.5 ], 
									"rotationOrigin": [ 5.5, -1.0, 0.0 ],
									"rotationX": -44.9999866624562,
									"faces": {
										"north": { "texture": "#shingles", "uv": [ 10.0, 11.0, 16.0, 12.0 ] },
										"east": { "texture": "#shingles", "uv": [ 0.0, 0.0, 0.5, 1.0 ] },
										"south": { "texture": "#shingles", "uv": [ 10.0, 10.5, 16.0, 11.5 ], "autoUv": false },
										"west": { "texture": "#shingles", "uv": [ 0.0, 0.0, 0.5, 1.0 ], "enabled": false },
										"up": { "texture": "#shingles", "uv": [ 0.0, 0.0, 6.0, 0.5 ], "enabled": false },
										"down": { "texture": "#shingles", "uv": [ 11.0, 3.0, 11.5, 3.5 ], "autoUv": false }
									}
								},
								{
									"name": "Cube18",
									"from": [ 2.5, -2.0, 1.0 ], 
									"to": [ 5.5, -1.0, 1.5 ], 
									"rotationOrigin": [ 2.5, -1.0, 0.0 ],
									"rotationX": -44.9999866624562,
									"faces": {
										"north": { "texture": "#shingles", "uv": [ 3.0, 11.0, 6.0, 12.0 ] },
										"east": { "texture": "#shingles", "uv": [ 0.0, 0.0, 0.5, 1.0 ], "enabled": false },
										"south": { "texture": "#shingles", "uv": [ 7.0, 11.0, 10.0, 12.0 ] },
										"west": { "texture": "#shingles", "uv": [ 0.0, 0.0, 0.5, 1.0 ], "enabled": false },
										"up": { "texture": "#shingles", "uv": [ 0.0, 0.0, 3.0, 0.5 ], "enabled": false },
										"down": { "texture": "#shingles", "uv": [ 11.0, 3.0, 11.5, 3.5 ], "autoUv": false }
									}
								}
							]
						},
						{
							"name": "Roof2",
							"from": [ 2.5, 12.0, 0.0 ], 
							"to": [ 16.0, 14.0, 1.0 ], 
							"rotationOrigin": [ 2.0, 12.0, 0.0 ],
							"rotationX": -44.99999632180179,
							"faces": {
								"north": { "texture": "#shingles", "uv": [ 0.0, 0.0, 13.5, 2.0 ], "enabled": false },
								"east": { "texture": "#shingles", "uv": [ 0.0, 0.0, 1.0, 2.0 ] },
								"south": { "texture": "#shingles", "uv": [ 2.5, 4.0, 16.0, 6.0 ] },
								"west": { "texture": "#shingles", "uv": [ 0.0, 0.0, 1.0, 2.0 ] },
								"up": { "texture": "#shingles", "uv": [ 0.0, 0.0, 13.5, 1.0 ], "enabled": false },
								"down": { "texture": "#shingles", "uv": [ 0.0, 0.0, 13.5, 1.0 ], "enabled": false }
							},
							"children": [
								{
									"name": "Cube13",
									"from": [ 5.5, -2.0, 1.0 ], 
									"to": [ 13.5, -1.0, 1.5 ], 
									"rotationOrigin": [ 5.5, -1.0, 0.0 ],
									"rotationX": -44.9999866624562,
									"faces": {
										"north": { "texture": "#shingles", "uv": [ 8.0, 6.5, 16.0, 7.5 ] },
										"east": { "texture": "#shingles", "uv": [ 0.0, 0.0, 0.5, 1.0 ] },
										"south": { "texture": "#shingles", "uv": [ 8.0, 6.5, 16.0, 7.5 ], "autoUv": false },
										"west": { "texture": "#shingles", "uv": [ 0.0, 0.0, 0.5, 1.0 ], "enabled": false },
										"up": { "texture": "#shingles", "uv": [ 0.0, 0.0, 8.0, 0.5 ], "enabled": false },
										"down": { "texture": "#shingles", "uv": [ 11.0, 3.0, 11.5, 3.5 ], "autoUv": false }
									}
								},
								{
									"name": "Cube12",
									"from": [ 2.5, -2.0, 1.0 ], 
									"to": [ 5.5, -1.0, 1.5 ], 
									"rotationOrigin": [ 2.5, -1.0, 0.0 ],
									"rotationX": -44.9999866624562,
									"faces": {
										"north": { "texture": "#shingles", "uv": [ 5.0, 7.0, 8.0, 8.0 ] },
										"east": { "texture": "#shingles", "uv": [ 0.0, 0.0, 0.5, 1.0 ], "enabled": false },
										"south": { "texture": "#shingles", "uv": [ 5.0, 7.0, 8.0, 8.0 ], "autoUv": false },
										"west": { "texture": "#shingles", "uv": [ 0.0, 0.0, 0.5, 1.0 ], "enabled": false },
										"up": { "texture": "#shingles", "uv": [ 0.0, 0.0, 3.0, 0.5 ], "enabled": false },
										"down": { "texture": "#shingles", "uv": [ 11.0, 3.0, 11.5, 3.5 ], "autoUv": false }
									}
								}
							]
						},
						{
							"name": "Roof 7",
							"from": [ 10.5, 4.0, 8.0 ], 
							"to": [ 16.0, 6.0, 9.0 ], 
							"rotationOrigin": [ 10.0, 4.0, 8.0 ],
							"rotationX": -44.99999632180179,
							"faces": {
								"north": { "texture": "#shingles", "uv": [ 0.0, 0.0, 5.5, 2.0 ], "enabled": false },
								"east": { "texture": "#shingles", "uv": [ 0.0, 0.0, 1.0, 2.0 ] },
								"south": { "texture": "#shingles", "uv": [ 10.5, 4.0, 16.0, 6.0 ] },
								"west": { "texture": "#shingles", "uv": [ 0.0, 0.0, 1.0, 2.0 ] },
								"up": { "texture": "#shingles", "uv": [ 0.0, 0.0, 5.5, 1.0 ], "enabled": false },
								"down": { "texture": "#shingles", "uv": [ 0.0, 0.0, 5.5, 1.0 ], "enabled": false }
							},
							"children": [
								{
									"name": "Cube52",
									"from": [ 2.5, -2.0, 1.0 ], 
									"to": [ 5.5, -1.0, 1.5 ], 
									"rotationOrigin": [ 2.5, -1.0, 0.0 ],
									"rotationX": -44.9999866624562,
									"faces": {
										"north": { "texture": "#shingles", "uv": [ 13.0, 6.5, 16.0, 7.5 ] },
										"east": { "texture": "#shingles", "uv": [ 0.0, 0.0, 0.5, 1.0 ] },
										"south": { "texture": "#shingles", "uv": [ 13.0, 6.5, 16.0, 7.5 ] },
										"west": { "texture": "#shingles", "uv": [ 0.0, 0.0, 0.5, 1.0 ], "enabled": false },
										"up": { "texture": "#shingles", "uv": [ 0.0, 0.0, 3.0, 0.5 ], "enabled": false },
										"down": { "texture": "#shingles", "uv": [ 11.0, 3.0, 11.5, 3.5 ], "autoUv": false }
									}
								}
							]
						},
						{
							"name": "Roof 8",
							"from": [ 14.5, 0.0, 12.0 ], 
							"to": [ 16.0, 2.0, 13.0 ], 
							"rotationOrigin": [ 14.0, 0.0, 12.0 ],
							"rotationX": -44.99999632180179,
							"faces": {
								"north": { "texture": "#shingles", "uv": [ 0.0, 0.0, 1.5, 2.0 ], "enabled": false },
								"east": { "texture": "#shingles", "uv": [ 0.0, 0.0, 1.0, 2.0 ] },
								"south": { "texture": "#shingles", "uv": [ 0.0, 12.0, 1.5, 14.0 ] },
								"west": { "texture": "#shingles", "uv": [ 0.0, 0.0, 1.0, 2.0 ] },
								"up": { "texture": "#shingles", "uv": [ 0.0, 0.0, 1.5, 1.0 ], "enabled": false },
								"down": { "texture": "#shingles", "uv": [ 0.0, 0.0, 1.5, 1.0 ], "enabled": false }
							}
						},
						{
							"name": "Roof53",
							"from": [ 12.5, 2.0, 10.0 ], 
							"to": [ 16.0, 4.0, 11.0 ], 
							"rotationOrigin": [ 12.0, 2.0, 10.0 ],
							"rotationX": -44.99999632180179,
							"faces": {
								"north": { "texture": "#shingles", "uv": [ 0.0, 0.0, 3.5, 2.0 ], "enabled": false },
								"east": { "texture": "#shingles", "uv": [ 0.0, 0.0, 1.0, 2.0 ] },
								"south": { "texture": "#shingles", "uv": [ 12.5, 8.5, 16.0, 10.5 ] },
								"west": { "texture": "#shingles", "uv": [ 0.0, 0.0, 1.0, 2.0 ] },
								"up": { "texture": "#shingles", "uv": [ 0.0, 0.0, 3.5, 1.0 ], "enabled": false },
								"down": { "texture": "#shingles", "uv": [ 0.0, 0.0, 3.5, 1.0 ], "enabled": false }
							},
							"children": [
								{
									"name": "Cube58",
									"from": [ 2.5, -2.0, 1.0 ], 
									"to": [ 3.5, -1.0, 1.5 ], 
									"rotationOrigin": [ 2.5, -1.0, 0.0 ],
									"rotationX": -44.9999866624562,
									"faces": {
										"north": { "texture": "#shingles", "uv": [ 10.0, 11.0, 11.0, 12.0 ] },
										"east": { "texture": "#shingles", "uv": [ 0.0, 0.0, 0.5, 1.0 ] },
										"south": { "texture": "#shingles", "uv": [ 15.0, 10.5, 16.0, 11.5 ], "autoUv": false },
										"west": { "texture": "#shingles", "uv": [ 0.0, 0.0, 0.5, 1.0 ], "enabled": false },
										"up": { "texture": "#shingles", "uv": [ 0.0, 0.0, 1.0, 0.5 ], "enabled": false },
										"down": { "texture": "#shingles", "uv": [ 11.0, 3.0, 11.5, 3.5 ], "autoUv": false }
									}
								}
							]
						},
						{
							"name": "Roof4",
							"from": [ 6.5, 8.0, 4.0 ], 
							"to": [ 16.0, 10.0, 5.0 ], 
							"rotationOrigin": [ 6.0, 8.0, 4.0 ],
							"rotationX": -44.999992699547086,
							"faces": {
								"north": { "texture": "#shingles", "uv": [ 0.0, 0.0, 9.5, 2.0 ], "enabled": false },
								"east": { "texture": "#shingles", "uv": [ 0.0, 0.0, 1.0, 2.0 ] },
								"south": { "texture": "#shingles", "uv": [ 6.5, 12.0, 16.0, 14.0 ] },
								"west": { "texture": "#shingles", "uv": [ 0.0, 0.0, 1.0, 2.0 ] },
								"up": { "texture": "#shingles", "uv": [ 0.0, 0.0, 9.5, 1.0 ], "enabled": false },
								"down": { "texture": "#shingles", "uv": [ 0.0, 0.0, 9.5, 1.0 ], "enabled": false }
							},
							"children": [
								{
									"name": "Cube56",
									"from": [ 5.5, -2.0, 1.0 ], 
									"to": [ 9.5, -1.0, 1.5 ], 
									"rotationOrigin": [ 5.5, -1.0, 0.0 ],
									"rotationX": -44.99999028471095,
									"faces": {
										"north": { "texture": "#shingles", "uv": [ 4.5, 14.5, 8.5, 15.5 ] },
										"east": { "texture": "#shingles", "uv": [ 0.0, 0.0, 0.5, 1.0 ] },
										"south": { "texture": "#shingles", "uv": [ 12.0, 14.5, 16.0, 15.5 ] },
										"west": { "texture": "#shingles", "uv": [ 0.0, 0.0, 0.5, 1.0 ], "enabled": false },
										"up": { "texture": "#shingles", "uv": [ 0.0, 0.0, 4.0, 0.5 ], "enabled": false },
										"down": { "texture": "#shingles", "uv": [ 11.0, 3.0, 11.5, 3.5 ], "autoUv": false }
									}
								},
								{
									"name": "Cube55",
									"from": [ 2.5, -2.0, 1.0 ], 
									"to": [ 5.5, -1.0, 1.5 ], 
									"rotationOrigin": [ 2.5, -1.0, 0.0 ],
									"rotationX": -44.99999028471095,
									"faces": {
										"north": { "texture": "#shingles", "uv": [ 5.0, 14.5, 8.0, 15.5 ] },
										"east": { "texture": "#shingles", "uv": [ 0.0, 0.0, 0.5, 1.0 ], "enabled": false },
										"south": { "texture": "#shingles", "uv": [ 5.5, 14.5, 8.5, 15.5 ] },
										"west": { "texture": "#shingles", "uv": [ 0.0, 0.0, 0.5, 1.0 ], "enabled": false },
										"up": { "texture": "#shingles", "uv": [ 0.0, 0.0, 3.0, 0.5 ], "enabled": false },
										"down": { "texture": "#shingles", "uv": [ 11.0, 3.0, 11.5, 3.5 ], "autoUv": false }
									}
								}
							]
						},
						{
							"name": "Insides 1",
							"from": [ 11.0, 0.0, 12.5 ], 
							"to": [ 26.0, 19.0, 12.5 ], 
							"rotationOrigin": [ 11.5, 3.7, 12.5 ],
							"rotationX": -90.00001437712994,
							"rotationY": 45.00000137831748,
							"rotationZ": 90.00001437712994,
							"faces": {
								"north": { "texture": "#log", "uv": [ 0.0, 0.0, 19.5, 16.0 ], "rotation": 90, "enabled": false, "autoUv": false },
								"east": { "texture": "#log", "uv": [ 0.0, 0.0, 16.0, 1.5 ], "rotation": 90, "enabled": false, "autoUv": false },
								"south": { "texture": "#log", "uv": [ 0.0, 0.0, 16.0, 10.5 ], "rotation": 90, "autoUv": false },
								"west": { "texture": "#log", "uv": [ 0.0, 0.5, 16.0, 2.0 ], "rotation": 90, "enabled": false, "autoUv": false },
								"up": { "texture": "#log", "uv": [ 0.0, 0.0, 15.0, 0.5 ], "enabled": false },
								"down": { "texture": "#log", "uv": [ 0.0, 0.0, 15.0, 0.5 ], "enabled": false }
							}
						}
					]
				},
				{
					"name": "Walls 1",
					"from": [ 8.0, -8.0, 5.5 ], 
					"to": [ 8.0, -8.0, 5.5 ], 
					"rotationOrigin": [ 8.0, -8.0, 5.5 ],
					"rotationX": -179.99992682394213,
					"rotationY": 5.0089477137329395E-6,
					"rotationZ": -179.99992682394213,
					"faces": {
						"north": { "texture": "#bricks", "uv": [ 0.0, 0.0, 0.5, 0.5 ], "enabled": false },
						"east": { "texture": "#bricks", "uv": [ 0.0, 0.0, 0.5, 0.5 ], "enabled": false },
						"south": { "texture": "#bricks", "uv": [ 0.0, 0.0, 0.5, 0.5 ], "enabled": false },
						"west": { "texture": "#bricks", "uv": [ 0.0, 0.0, 0.5, 0.5 ], "enabled": false },
						"up": { "texture": "#bricks", "uv": [ 0.0, 0.0, 0.5, 0.5 ], "enabled": false },
						"down": { "texture": "#bricks", "uv": [ 0.0, 0.0, 0.5, 0.5 ], "enabled": false }
					},
					"children": [
						{
							"name": "Wall1",
							"from": [ 0.0, 0.0, -1.5 ], 
							"to": [ 8.0, 1.0, 13.5 ], 
							"rotationOrigin": [ 0.0, 0.0, -0.5 ],
							"rotationX": -1.628443907497612E-12,
							"rotationY": 3.413353627936079E-19,
							"rotationZ": 1.628443907497612E-12,
							"faces": {
								"north": { "texture": "#bricks", "uv": [ 0.0, 0.0, 8.0, 1.0 ], "enabled": false },
								"east": { "texture": "#bricks", "uv": [ 0.0, 15.0, 15.0, 16.0 ], "enabled": false },
								"south": { "texture": "#bricks", "uv": [ 0.0, 15.0, 8.0, 16.0 ] },
								"west": { "texture": "#bricks", "uv": [ 1.0, 15.0, 16.0, 16.0 ] },
								"up": { "texture": "#bricks", "uv": [ 0.0, 0.0, 8.0, 15.0 ], "enabled": false },
								"down": { "texture": "#bricks", "uv": [ 1.0, 0.0, 16.0, 8.0 ], "rotation": 90, "enabled": false }
							}
						},
						{
							"name": "Wall2",
							"from": [ 0.0, 1.0, -0.5 ], 
							"to": [ 8.0, 2.0, 13.5 ], 
							"rotationOrigin": [ 0.0, 1.0, 0.5 ],
							"rotationX": -1.628443907497612E-12,
							"rotationY": 3.413353627936079E-19,
							"rotationZ": 1.628443907497612E-12,
							"faces": {
								"north": { "texture": "#bricks", "uv": [ 0.0, 0.0, 8.0, 1.0 ], "enabled": false },
								"east": { "texture": "#bricks", "uv": [ 0.0, 14.0, 14.0, 15.0 ], "enabled": false },
								"south": { "texture": "#bricks", "uv": [ 0.0, 14.0, 8.0, 15.0 ] },
								"west": { "texture": "#bricks", "uv": [ 2.0, 14.0, 16.0, 15.0 ] },
								"up": { "texture": "#bricks", "uv": [ 0.0, 0.0, 8.0, 14.0 ], "enabled": false },
								"down": { "texture": "#bricks", "uv": [ 0.0, 0.0, 8.0, 14.0 ], "enabled": false }
							}
						},
						{
							"name": "Wall5",
							"from": [ 0.0, 4.0, 2.5 ], 
							"to": [ 8.0, 5.0, 13.5 ], 
							"rotationOrigin": [ 0.0, 4.0, 3.5 ],
							"rotationX": -1.628443907497612E-12,
							"rotationY": 3.413353627936079E-19,
							"rotationZ": 1.628443907497612E-12,
							"faces": {
								"north": { "texture": "#bricks", "uv": [ 0.0, 0.0, 8.0, 1.0 ], "enabled": false },
								"east": { "texture": "#bricks", "uv": [ 0.0, 11.0, 11.0, 12.0 ], "enabled": false },
								"south": { "texture": "#bricks", "uv": [ 0.0, 11.0, 8.0, 12.0 ] },
								"west": { "texture": "#bricks", "uv": [ 5.0, 11.0, 16.0, 12.0 ] },
								"up": { "texture": "#bricks", "uv": [ 0.0, 0.0, 8.0, 11.0 ], "enabled": false },
								"down": { "texture": "#bricks", "uv": [ 0.0, 0.0, 8.0, 11.0 ], "enabled": false }
							}
						},
						{
							"name": "Wall3",
							"from": [ 0.0, 2.0, 0.5 ], 
							"to": [ 8.0, 3.0, 13.5 ], 
							"rotationOrigin": [ 0.0, 2.0, 1.5 ],
							"rotationX": -1.628443907497612E-12,
							"rotationY": 3.413353627936079E-19,
							"rotationZ": 1.628443907497612E-12,
							"faces": {
								"north": { "texture": "#bricks", "uv": [ 0.0, 0.0, 8.0, 1.0 ], "enabled": false },
								"east": { "texture": "#bricks", "uv": [ 0.0, 13.0, 13.0, 14.0 ], "enabled": false },
								"south": { "texture": "#bricks", "uv": [ 0.0, 13.0, 8.0, 14.0 ] },
								"west": { "texture": "#bricks", "uv": [ 3.0, 13.0, 16.0, 14.0 ] },
								"up": { "texture": "#bricks", "uv": [ 0.0, 0.0, 8.0, 13.0 ], "enabled": false },
								"down": { "texture": "#bricks", "uv": [ 0.0, 0.0, 8.0, 13.0 ], "enabled": false }
							}
						},
						{
							"name": "Wall4",
							"from": [ 0.0, 3.0, 1.5 ], 
							"to": [ 8.0, 4.0, 13.5 ], 
							"rotationOrigin": [ 0.0, 3.0, 2.5 ],
							"rotationX": -1.628443907497612E-12,
							"rotationY": 3.413353627936079E-19,
							"rotationZ": 1.628443907497612E-12,
							"faces": {
								"north": { "texture": "#bricks", "uv": [ 0.0, 0.0, 8.0, 1.0 ], "enabled": false },
								"east": { "texture": "#bricks", "uv": [ 0.0, 12.0, 12.0, 13.0 ], "enabled": false },
								"south": { "texture": "#bricks", "uv": [ 0.0, 12.0, 8.0, 13.0 ] },
								"west": { "texture": "#bricks", "uv": [ 4.0, 12.0, 16.0, 13.0 ] },
								"up": { "texture": "#bricks", "uv": [ 0.0, 0.0, 8.0, 12.0 ], "enabled": false },
								"down": { "texture": "#bricks", "uv": [ 0.0, 0.0, 8.0, 12.0 ], "enabled": false }
							}
						},
						{
							"name": "Wall6",
							"from": [ 0.0, 5.0, 3.5 ], 
							"to": [ 8.0, 6.0, 13.5 ], 
							"rotationOrigin": [ 0.0, 5.0, 3.2 ],
							"rotationX": -1.628443907497612E-12,
							"rotationY": 3.413353627936079E-19,
							"rotationZ": 1.628443907497612E-12,
							"faces": {
								"north": { "texture": "#bricks", "uv": [ 0.0, 0.0, 8.0, 1.0 ], "enabled": false },
								"east": { "texture": "#bricks", "uv": [ 0.0, 10.0, 10.0, 11.0 ], "enabled": false },
								"south": { "texture": "#bricks", "uv": [ 0.0, 10.0, 8.0, 11.0 ] },
								"west": { "texture": "#bricks", "uv": [ 6.0, 10.0, 16.0, 11.0 ] },
								"up": { "texture": "#bricks", "uv": [ 0.0, 0.0, 8.0, 10.0 ], "enabled": false },
								"down": { "texture": "#bricks", "uv": [ 0.0, 0.0, 8.0, 10.0 ], "enabled": false }
							}
						},
						{
							"name": "Wall7",
							"from": [ 0.0, 6.0, 4.5 ], 
							"to": [ 8.0, 7.0, 13.5 ], 
							"rotationOrigin": [ 0.0, 6.0, 4.0 ],
							"rotationX": -1.628443907497612E-12,
							"rotationY": 3.413353627936079E-19,
							"rotationZ": 1.628443907497612E-12,
							"faces": {
								"north": { "texture": "#bricks", "uv": [ 0.0, 0.0, 8.0, 1.0 ], "enabled": false },
								"east": { "texture": "#bricks", "uv": [ 0.0, 9.0, 9.0, 10.0 ], "enabled": false },
								"south": { "texture": "#bricks", "uv": [ 0.0, 9.0, 8.0, 10.0 ] },
								"west": { "texture": "#bricks", "uv": [ 7.0, 9.0, 16.0, 10.0 ] },
								"up": { "texture": "#bricks", "uv": [ 0.0, 0.0, 8.0, 9.0 ], "enabled": false },
								"down": { "texture": "#bricks", "uv": [ 0.0, 0.0, 8.0, 9.0 ], "enabled": false }
							}
						},
						{
							"name": "Wall8",
							"from": [ 0.0, 7.0, 5.5 ], 
							"to": [ 8.0, 8.0, 13.5 ], 
							"rotationOrigin": [ 0.0, 7.0, 5.0 ],
							"rotationX": -1.628443907497612E-12,
							"rotationY": 3.413353627936079E-19,
							"rotationZ": 1.628443907497612E-12,
							"faces": {
								"north": { "texture": "#bricks", "uv": [ 0.0, 0.0, 8.0, 1.0 ], "enabled": false },
								"east": { "texture": "#bricks", "uv": [ 0.0, 8.0, 8.0, 9.0 ], "enabled": false },
								"south": { "texture": "#bricks", "uv": [ 0.0, 8.0, 8.0, 9.0 ] },
								"west": { "texture": "#bricks", "uv": [ 8.0, 8.0, 16.0, 9.0 ] },
								"up": { "texture": "#bricks", "uv": [ 0.0, 0.0, 8.0, 8.0 ], "enabled": false },
								"down": { "texture": "#bricks", "uv": [ 0.0, 0.0, 8.0, 8.0 ], "enabled": false }
							}
						},
						{
							"name": "Wall9",
							"from": [ 0.0, 8.0, 6.5 ], 
							"to": [ 8.0, 9.0, 13.5 ], 
							"rotationOrigin": [ 0.0, 8.0, 7.0 ],
							"rotationX": -1.628443907497612E-12,
							"rotationY": 3.413353627936079E-19,
							"rotationZ": 1.628443907497612E-12,
							"faces": {
								"north": { "texture": "#bricks", "uv": [ 0.0, 0.0, 8.0, 1.0 ], "enabled": false },
								"east": { "texture": "#bricks", "uv": [ 0.0, 7.0, 7.0, 8.0 ], "enabled": false },
								"south": { "texture": "#bricks", "uv": [ 0.0, 7.0, 8.0, 8.0 ] },
								"west": { "texture": "#bricks", "uv": [ 9.0, 7.0, 16.0, 8.0 ] },
								"up": { "texture": "#bricks", "uv": [ 0.0, 0.0, 8.0, 7.0 ], "enabled": false },
								"down": { "texture": "#bricks", "uv": [ 0.0, 0.0, 8.0, 7.0 ], "enabled": false }
							}
						},
						{
							"name": "Wall10",
							"from": [ 0.0, 9.0, 7.5 ], 
							"to": [ 8.0, 10.0, 13.5 ], 
							"rotationOrigin": [ 0.0, 9.0, 8.0 ],
							"rotationX": -1.628443907497612E-12,
							"rotationY": 3.413353627936079E-19,
							"rotationZ": 1.628443907497612E-12,
							"faces": {
								"north": { "texture": "#bricks", "uv": [ 0.0, 0.0, 8.0, 1.0 ], "enabled": false },
								"east": { "texture": "#bricks", "uv": [ 0.0, 6.0, 6.0, 7.0 ], "enabled": false },
								"south": { "texture": "#bricks", "uv": [ 0.0, 6.0, 8.0, 7.0 ] },
								"west": { "texture": "#bricks", "uv": [ 10.0, 6.0, 16.0, 7.0 ] },
								"up": { "texture": "#bricks", "uv": [ 0.0, 0.0, 8.0, 6.0 ], "enabled": false },
								"down": { "texture": "#bricks", "uv": [ 0.0, 0.0, 8.0, 6.0 ], "enabled": false }
							}
						},
						{
							"name": "Wall11",
							"from": [ 0.0, 10.0, 8.5 ], 
							"to": [ 8.0, 11.0, 13.5 ], 
							"rotationOrigin": [ 0.0, 10.0, 9.0 ],
							"rotationX": -1.628443907497612E-12,
							"rotationY": 3.413353627936079E-19,
							"rotationZ": 1.628443907497612E-12,
							"faces": {
								"north": { "texture": "#bricks", "uv": [ 0.0, 0.0, 8.0, 1.0 ], "enabled": false },
								"east": { "texture": "#bricks", "uv": [ 0.0, 5.0, 5.0, 6.0 ], "enabled": false },
								"south": { "texture": "#bricks", "uv": [ 0.0, 5.0, 8.0, 6.0 ] },
								"west": { "texture": "#bricks", "uv": [ 11.0, 5.0, 16.0, 6.0 ] },
								"up": { "texture": "#bricks", "uv": [ 0.0, 0.0, 8.0, 5.0 ], "enabled": false },
								"down": { "texture": "#bricks", "uv": [ 0.0, 0.0, 8.0, 5.0 ], "enabled": false }
							}
						},
						{
							"name": "Wall12",
							"from": [ 0.0, 11.0, 9.5 ], 
							"to": [ 8.0, 12.0, 13.5 ], 
							"rotationOrigin": [ 0.0, 11.0, 10.0 ],
							"rotationX": -1.628443907497612E-12,
							"rotationY": 3.413353627936079E-19,
							"rotationZ": 1.628443907497612E-12,
							"faces": {
								"north": { "texture": "#bricks", "uv": [ 0.0, 0.0, 8.0, 1.0 ], "enabled": false },
								"east": { "texture": "#bricks", "uv": [ 0.0, 4.0, 4.0, 5.0 ], "enabled": false },
								"south": { "texture": "#bricks", "uv": [ 0.0, 4.0, 8.0, 5.0 ] },
								"west": { "texture": "#bricks", "uv": [ 12.0, 4.0, 16.0, 5.0 ] },
								"up": { "texture": "#bricks", "uv": [ 0.0, 0.0, 8.0, 4.0 ], "enabled": false },
								"down": { "texture": "#bricks", "uv": [ 0.0, 0.0, 8.0, 4.0 ], "enabled": false }
							}
						},
						{
							"name": "Wall13",
							"from": [ 0.0, 12.0, 10.5 ], 
							"to": [ 8.0, 13.0, 13.5 ], 
							"rotationOrigin": [ 0.0, 12.0, 11.0 ],
							"rotationX": -1.628443907497612E-12,
							"rotationY": 3.413353627936079E-19,
							"rotationZ": 1.628443907497612E-12,
							"faces": {
								"north": { "texture": "#bricks", "uv": [ 0.0, 0.0, 8.0, 1.0 ], "enabled": false },
								"east": { "texture": "#bricks", "uv": [ 0.0, 3.0, 3.0, 4.0 ], "enabled": false },
								"south": { "texture": "#bricks", "uv": [ 0.0, 3.0, 8.0, 4.0 ] },
								"west": { "texture": "#bricks", "uv": [ 13.0, 3.0, 16.0, 4.0 ] },
								"up": { "texture": "#bricks", "uv": [ 0.0, 0.0, 8.0, 3.0 ], "enabled": false },
								"down": { "texture": "#bricks", "uv": [ 0.0, 0.0, 8.0, 3.0 ], "enabled": false }
							}
						},
						{
							"name": "Wall14",
							"from": [ 0.0, 13.0, 12.5 ], 
							"to": [ 8.0, 14.0, 13.5 ], 
							"rotationOrigin": [ 0.0, 13.0, 13.0 ],
							"rotationX": -1.628443907497612E-12,
							"rotationY": 3.413353627936079E-19,
							"rotationZ": 1.628443907497612E-12,
							"faces": {
								"north": { "texture": "#bricks", "uv": [ 0.0, 0.0, 8.0, 1.0 ], "enabled": false },
								"east": { "texture": "#bricks", "uv": [ 0.0, 2.0, 1.0, 3.0 ], "enabled": false },
								"south": { "texture": "#bricks", "uv": [ 0.0, 2.0, 8.0, 3.0 ] },
								"west": { "texture": "#bricks", "uv": [ 15.0, 2.0, 16.0, 3.0 ] },
								"up": { "texture": "#bricks", "uv": [ 0.0, 0.0, 8.0, 1.0 ], "enabled": false },
								"down": { "texture": "#bricks", "uv": [ 0.0, 0.0, 8.0, 1.0 ], "enabled": false }
							}
						},
						{
							"name": "Wall15",
							"from": [ 0.0, 14.0, 12.5 ], 
							"to": [ 8.0, 15.0, 13.5 ], 
							"rotationOrigin": [ 0.0, 14.0, 13.0 ],
							"rotationX": -1.628443907497612E-12,
							"rotationY": 3.413353627936079E-19,
							"rotationZ": 1.628443907497612E-12,
							"faces": {
								"north": { "texture": "#bricks", "uv": [ 0.0, 0.0, 8.0, 1.0 ], "enabled": false },
								"east": { "texture": "#bricks", "uv": [ 0.0, 2.0, 1.0, 3.0 ], "enabled": false },
								"south": { "texture": "#bricks", "uv": [ 0.0, 1.0, 8.0, 2.0 ] },
								"west": { "texture": "#bricks", "uv": [ 15.0, 2.0, 16.0, 3.0 ] },
								"up": { "texture": "#bricks", "uv": [ 0.0, 0.0, 8.0, 1.0 ], "enabled": false },
								"down": { "texture": "#bricks", "uv": [ 0.0, 0.0, 8.0, 1.0 ], "enabled": false }
							}
						},
						{
							"name": "Wall 00",
							"from": [ 8.0, 0.0, 5.5 ], 
							"to": [ 16.0, 15.0, 13.5 ], 
							"rotationOrigin": [ 8.0, 0.0, 5.0 ],
							"faces": {
								"north": { "texture": "#null", "uv": [ 0.0, 0.0, 8.0, 15.0 ], "enabled": false },
								"east": { "texture": "#bricks", "uv": [ 0.0, 1.0, 8.0, 16.0 ], "autoUv": false },
								"south": { "texture": "#bricks", "uv": [ 8.0, 1.0, 16.0, 16.0 ], "autoUv": false },
								"west": { "texture": "#null", "uv": [ 0.0, 0.0, 8.0, 15.0 ], "enabled": false },
								"up": { "texture": "#null", "uv": [ 0.0, 0.0, 8.0, 8.0 ], "enabled": false },
								"down": { "texture": "#null", "uv": [ 0.0, 0.0, 8.0, 8.0 ], "enabled": false }
							},
							"children": [
								{
									"name": "Face",
									"from": [ -8.0, 0.0, -8.0 ], 
									"to": [ 8.0, 0.0, 8.0 ], 
									"rotationOrigin": [ -8.0, 0.0, -8.0 ],
									"faces": {
										"north": { "texture": "#bricks", "uv": [ 0.0, 0.0, 16.0, 0.5 ], "enabled": false },
										"east": { "texture": "#bricks", "uv": [ 0.0, 0.0, 16.0, 0.5 ], "enabled": false },
										"south": { "texture": "#bricks", "uv": [ 0.0, 0.0, 16.0, 0.5 ], "enabled": false },
										"west": { "texture": "#bricks", "uv": [ 0.0, 0.0, 16.0, 0.5 ], "enabled": false },
										"up": { "texture": "#bricks", "uv": [ 0.0, 0.0, 16.0, 16.0 ], "enabled": false },
										"down": { "texture": "#bricks", "uv": [ 0.0, 0.0, 16.0, 16.0 ] }
									}
								}
							]
						}
					]
				},
				{
					"name": "Roofs L",
					"from": [ -5.0, -8.0, 8.0 ], 
					"to": [ -5.0, -8.0, 8.0 ], 
					"rotationOrigin": [ -5.0, -8.0, 8.0 ],
					"rotationY": 90.0,
					"faces": {
						"north": { "texture": "#bricks", "uv": [ 0.0, 0.0, 0.5, 0.5 ], "enabled": false },
						"east": { "texture": "#bricks", "uv": [ 0.0, 0.0, 0.5, 0.5 ], "enabled": false },
						"south": { "texture": "#bricks", "uv": [ 0.0, 0.0, 0.5, 0.5 ], "enabled": false },
						"west": { "texture": "#bricks", "uv": [ 0.0, 0.0, 0.5, 0.5 ], "enabled": false },
						"up": { "texture": "#bricks", "uv": [ 0.0, 0.0, 0.5, 0.5 ], "enabled": false },
						"down": { "texture": "#bricks", "uv": [ 0.0, 0.0, 0.5, 0.5 ], "enabled": false }
					},
					"children": [
						{
							"name": "Roof58",
							"from": [ 0.0, 14.0, -2.0 ], 
							"to": [ 15.0, 16.0, -1.0 ], 
							"rotationOrigin": [ 0.0, 14.0, -2.0 ],
							"rotationX": -44.99999632180179,
							"faces": {
								"north": { "texture": "#shingles", "uv": [ 0.0, 0.0, 15.0, 2.0 ] },
								"east": { "texture": "#shingles", "uv": [ 0.0, 0.0, 1.0, 2.0 ] },
								"south": { "texture": "#shingles", "uv": [ 0.0, 0.0, 15.0, 2.0 ] },
								"west": { "texture": "#shingles", "uv": [ 0.0, 0.0, 1.0, 2.0 ] },
								"up": { "texture": "#shingles", "uv": [ 0.0, 0.0, 15.0, 1.0 ] },
								"down": { "texture": "#shingles", "uv": [ 0.0, 0.0, 15.0, 1.0 ], "enabled": false }
							},
							"children": [
								{
									"name": "Cube59",
									"from": [ 0.0, -2.0, 1.0 ], 
									"to": [ 7.0, -1.0, 1.5 ], 
									"rotationOrigin": [ 0.0, -1.0, 0.0 ],
									"rotationX": -45.0,
									"faces": {
										"north": { "texture": "#shingles", "uv": [ 0.0, 0.0, 7.0, 1.0 ] },
										"east": { "texture": "#shingles", "uv": [ 0.0, 0.0, 0.5, 1.0 ], "enabled": false },
										"south": { "texture": "#shingles", "uv": [ 0.0, 2.5, 7.0, 3.5 ] },
										"west": { "texture": "#shingles", "uv": [ 0.0, 0.0, 0.5, 1.0 ] },
										"up": { "texture": "#shingles", "uv": [ 0.0, 0.0, 7.0, 0.5 ], "enabled": false },
										"down": { "texture": "#shingles", "uv": [ 11.0, 3.0, 11.5, 3.5 ], "autoUv": false }
									}
								},
								{
									"name": "Cube60",
									"from": [ 7.0, -2.0, 1.0 ], 
									"to": [ 10.0, -1.0, 1.5 ], 
									"rotationOrigin": [ 7.0, -1.0, 0.0 ],
									"rotationX": -45.0,
									"faces": {
										"north": { "texture": "#shingles", "uv": [ 0.0, 0.0, 3.0, 1.0 ] },
										"east": { "texture": "#shingles", "uv": [ 0.0, 0.0, 0.5, 1.0 ], "enabled": false },
										"south": { "texture": "#shingles", "uv": [ 7.0, 3.5, 10.0, 4.5 ], "autoUv": false },
										"west": { "texture": "#shingles", "uv": [ 0.0, 0.0, 0.5, 1.0 ], "enabled": false },
										"up": { "texture": "#shingles", "uv": [ 0.0, 0.0, 3.0, 0.5 ], "enabled": false },
										"down": { "texture": "#shingles", "uv": [ 11.0, 3.0, 11.5, 3.5 ], "autoUv": false }
									}
								},
								{
									"name": "Cube61",
									"from": [ 10.0, -2.0, 1.0 ], 
									"to": [ 13.0, -1.0, 1.5 ], 
									"rotationOrigin": [ 10.0, -1.0, 0.0 ],
									"rotationX": -45.0,
									"faces": {
										"north": { "texture": "#shingles", "uv": [ 5.5, 0.5, 0.0, 0.0 ], "autoUv": false },
										"east": { "texture": "#shingles", "uv": [ 0.0, 0.0, 0.5, 1.0 ], "enabled": false },
										"south": { "texture": "#shingles", "uv": [ 10.0, 2.5, 13.0, 3.5 ] },
										"west": { "texture": "#shingles", "uv": [ 0.0, 0.0, 0.5, 1.0 ], "enabled": false },
										"up": { "texture": "#shingles", "uv": [ 0.0, 0.0, 3.0, 0.5 ], "enabled": false },
										"down": { "texture": "#shingles", "uv": [ 11.0, 3.0, 11.5, 3.5 ], "autoUv": false }
									}
								}
							]
						},
						{
							"name": "Roof62",
							"from": [ 0.0, 6.0, 6.0 ], 
							"to": [ 7.5, 8.0, 7.0 ], 
							"rotationOrigin": [ 0.0, 6.0, 6.0 ],
							"rotationX": -44.99999632180179,
							"faces": {
								"north": { "texture": "#shingles", "uv": [ 0.0, 0.0, 7.5, 2.0 ], "enabled": false },
								"east": { "texture": "#shingles", "uv": [ 0.0, 0.0, 1.0, 2.0 ] },
								"south": { "texture": "#shingles", "uv": [ 0.0, 0.0, 7.5, 2.0 ] },
								"west": { "texture": "#shingles", "uv": [ 0.0, 0.0, 1.0, 2.0 ] },
								"up": { "texture": "#shingles", "uv": [ 0.0, 0.0, 7.5, 1.0 ], "enabled": false },
								"down": { "texture": "#shingles", "uv": [ 0.0, 0.0, 7.5, 1.0 ], "enabled": false }
							},
							"children": [
								{
									"name": "Cube63",
									"from": [ 0.0, -2.0, 1.0 ], 
									"to": [ 5.0, -1.0, 1.5 ], 
									"rotationOrigin": [ 0.0, -1.0, 0.0 ],
									"rotationX": -45.0,
									"faces": {
										"north": { "texture": "#shingles", "uv": [ 0.0, 0.0, 5.0, 1.0 ] },
										"east": { "texture": "#shingles", "uv": [ 0.0, 0.0, 0.5, 1.0 ], "enabled": false },
										"south": { "texture": "#shingles", "uv": [ 0.0, 2.5, 5.0, 3.5 ] },
										"west": { "texture": "#shingles", "uv": [ 0.0, 0.0, 0.5, 1.0 ] },
										"up": { "texture": "#shingles", "uv": [ 0.0, 0.0, 5.0, 0.5 ], "enabled": false },
										"down": { "texture": "#shingles", "uv": [ 11.0, 3.0, 11.5, 3.5 ], "autoUv": false }
									}
								}
							]
						},
						{
							"name": "Roof66",
							"from": [ 0.0, 8.0, 4.0 ], 
							"to": [ 10.0, 10.0, 5.0 ], 
							"rotationOrigin": [ 0.0, 8.0, 4.0 ],
							"rotationX": -44.99999632180179,
							"faces": {
								"north": { "texture": "#shingles", "uv": [ 0.0, 0.0, 10.0, 2.0 ], "enabled": false },
								"east": { "texture": "#shingles", "uv": [ 0.0, 0.0, 1.0, 2.0 ] },
								"south": { "texture": "#shingles", "uv": [ 0.0, 12.0, 10.0, 14.0 ] },
								"west": { "texture": "#shingles", "uv": [ 0.0, 0.0, 1.0, 2.0 ] },
								"up": { "texture": "#shingles", "uv": [ 0.0, 0.0, 10.0, 1.0 ], "enabled": false },
								"down": { "texture": "#shingles", "uv": [ 0.0, 0.0, 10.0, 1.0 ], "enabled": false }
							},
							"children": [
								{
									"name": "Cube67",
									"from": [ 0.0, -2.0, 1.0 ], 
									"to": [ 7.0, -1.0, 1.5 ], 
									"rotationOrigin": [ 0.0, -1.0, 0.0 ],
									"rotationX": -45.0,
									"faces": {
										"north": { "texture": "#shingles", "uv": [ 0.0, 0.0, 7.0, 1.0 ] },
										"east": { "texture": "#shingles", "uv": [ 0.0, 0.0, 0.5, 1.0 ], "enabled": false },
										"south": { "texture": "#shingles", "uv": [ 0.0, 14.5, 7.0, 15.5 ] },
										"west": { "texture": "#shingles", "uv": [ 0.0, 0.0, 0.5, 1.0 ] },
										"up": { "texture": "#shingles", "uv": [ 0.0, 0.0, 7.0, 0.5 ], "enabled": false },
										"down": { "texture": "#shingles", "uv": [ 11.0, 3.0, 11.5, 3.5 ], "autoUv": false }
									}
								}
							]
						},
						{
							"name": "Roof70",
							"from": [ 0.0, 10.0, 2.0 ], 
							"to": [ 11.5, 12.0, 3.0 ], 
							"rotationOrigin": [ 0.0, 10.0, 2.0 ],
							"rotationX": -44.99999632180179,
							"faces": {
								"north": { "texture": "#shingles", "uv": [ 0.0, 0.0, 11.5, 2.0 ], "enabled": false },
								"east": { "texture": "#shingles", "uv": [ 0.0, 0.0, 1.0, 2.0 ] },
								"south": { "texture": "#shingles", "uv": [ 0.0, 8.5, 11.5, 10.5 ] },
								"west": { "texture": "#shingles", "uv": [ 0.0, 0.0, 1.0, 2.0 ] },
								"up": { "texture": "#shingles", "uv": [ 0.0, 0.0, 11.5, 1.0 ], "enabled": false },
								"down": { "texture": "#shingles", "uv": [ 0.0, 0.0, 11.5, 1.0 ], "enabled": false }
							},
							"children": [
								{
									"name": "Cube71",
									"from": [ 0.0, -2.0, 1.0 ], 
									"to": [ 3.0, -1.0, 1.5 ], 
									"rotationOrigin": [ 0.0, -1.0, 0.0 ],
									"rotationX": -45.0,
									"faces": {
										"north": { "texture": "#shingles", "uv": [ 0.0, 10.5, 3.0, 11.5 ] },
										"east": { "texture": "#shingles", "uv": [ 0.0, 0.0, 0.5, 1.0 ], "enabled": false },
										"south": { "texture": "#shingles", "uv": [ 0.0, 10.5, 3.0, 11.5 ] },
										"west": { "texture": "#shingles", "uv": [ 0.0, 0.0, 0.5, 1.0 ] },
										"up": { "texture": "#shingles", "uv": [ 0.0, 0.0, 3.0, 0.5 ], "enabled": false },
										"down": { "texture": "#shingles", "uv": [ 11.0, 3.0, 11.5, 3.5 ], "autoUv": false }
									}
								},
								{
									"name": "Cube72",
									"from": [ 3.0, -2.0, 1.0 ], 
									"to": [ 9.0, -1.0, 1.5 ], 
									"rotationOrigin": [ 3.0, -1.0, 0.0 ],
									"rotationX": -45.0,
									"faces": {
										"north": { "texture": "#shingles", "uv": [ 3.0, 11.0, 9.0, 12.0 ] },
										"east": { "texture": "#shingles", "uv": [ 0.0, 0.0, 0.5, 1.0 ], "enabled": false },
										"south": { "texture": "#shingles", "uv": [ 3.0, 11.0, 9.0, 12.0 ] },
										"west": { "texture": "#shingles", "uv": [ 0.0, 0.0, 0.5, 1.0 ], "enabled": false },
										"up": { "texture": "#shingles", "uv": [ 0.0, 0.0, 6.0, 0.5 ], "enabled": false },
										"down": { "texture": "#shingles", "uv": [ 11.0, 3.0, 11.5, 3.5 ], "autoUv": false }
									}
								}
							]
						},
						{
							"name": "Roof74",
							"from": [ 0.0, 12.0, 0.0 ], 
							"to": [ 13.5, 14.0, 1.0 ], 
							"rotationOrigin": [ 0.0, 12.0, 0.0 ],
							"rotationX": -44.99999632180179,
							"faces": {
								"north": { "texture": "#shingles", "uv": [ 0.0, 0.0, 13.5, 2.0 ], "enabled": false },
								"east": { "texture": "#shingles", "uv": [ 0.0, 0.0, 1.0, 2.0 ] },
								"south": { "texture": "#shingles", "uv": [ 0.0, 4.0, 13.5, 6.0 ] },
								"west": { "texture": "#shingles", "uv": [ 0.0, 0.0, 1.0, 2.0 ] },
								"up": { "texture": "#shingles", "uv": [ 0.0, 0.0, 13.5, 1.0 ], "enabled": false },
								"down": { "texture": "#shingles", "uv": [ 0.0, 0.0, 13.5, 1.0 ], "enabled": false }
							},
							"children": [
								{
									"name": "Cube75",
									"from": [ 0.0, -2.0, 1.0 ], 
									"to": [ 5.0, -1.0, 1.5 ], 
									"rotationOrigin": [ 0.0, -1.0, 0.0 ],
									"rotationX": -45.0,
									"faces": {
										"north": { "texture": "#shingles", "uv": [ 0.0, 7.0, 5.0, 8.0 ] },
										"east": { "texture": "#shingles", "uv": [ 0.0, 0.0, 0.5, 1.0 ], "enabled": false },
										"south": { "texture": "#shingles", "uv": [ 0.0, 6.5, 5.0, 7.5 ] },
										"west": { "texture": "#shingles", "uv": [ 0.0, 0.0, 0.5, 1.0 ] },
										"up": { "texture": "#shingles", "uv": [ 0.0, 0.0, 5.0, 0.5 ], "enabled": false },
										"down": { "texture": "#shingles", "uv": [ 11.0, 3.0, 11.5, 3.5 ], "autoUv": false }
									}
								},
								{
									"name": "Cube76",
									"from": [ 5.0, -2.0, 1.0 ], 
									"to": [ 8.0, -1.0, 1.5 ], 
									"rotationOrigin": [ 5.0, -1.0, 0.0 ],
									"rotationX": -45.0,
									"faces": {
										"north": { "texture": "#shingles", "uv": [ 5.0, 7.0, 8.0, 8.0 ] },
										"east": { "texture": "#shingles", "uv": [ 0.0, 0.0, 0.5, 1.0 ], "enabled": false },
										"south": { "texture": "#shingles", "uv": [ 5.0, 7.0, 8.0, 8.0 ], "autoUv": false },
										"west": { "texture": "#shingles", "uv": [ 0.0, 0.0, 0.5, 1.0 ], "enabled": false },
										"up": { "texture": "#shingles", "uv": [ 0.0, 0.0, 3.0, 0.5 ], "enabled": false },
										"down": { "texture": "#shingles", "uv": [ 11.0, 3.0, 11.5, 3.5 ], "autoUv": false }
									}
								},
								{
									"name": "Cube77",
									"from": [ 8.0, -2.0, 1.0 ], 
									"to": [ 11.0, -1.0, 1.5 ], 
									"rotationOrigin": [ 8.0, -1.0, 0.0 ],
									"rotationX": -45.0,
									"faces": {
										"north": { "texture": "#shingles", "uv": [ 8.0, 6.5, 11.0, 7.5 ] },
										"east": { "texture": "#shingles", "uv": [ 0.0, 0.0, 0.5, 1.0 ], "enabled": false },
										"south": { "texture": "#shingles", "uv": [ 8.0, 6.5, 11.0, 7.5 ] },
										"west": { "texture": "#shingles", "uv": [ 0.0, 0.0, 0.5, 1.0 ], "enabled": false },
										"up": { "texture": "#shingles", "uv": [ 0.0, 0.0, 3.0, 0.5 ], "enabled": false },
										"down": { "texture": "#shingles", "uv": [ 11.0, 3.0, 11.5, 3.5 ], "autoUv": false }
									}
								}
							]
						},
						{
							"name": "Roof 78",
							"from": [ 0.0, 4.0, 8.0 ], 
							"to": [ 6.0, 6.0, 9.0 ], 
							"rotationOrigin": [ 0.0, 4.0, 8.0 ],
							"rotationX": -44.99999632180179,
							"faces": {
								"north": { "texture": "#shingles", "uv": [ 0.0, 0.0, 6.0, 2.0 ], "enabled": false },
								"east": { "texture": "#shingles", "uv": [ 0.0, 0.0, 1.0, 2.0 ] },
								"south": { "texture": "#shingles", "uv": [ 0.0, 4.0, 6.0, 6.0 ] },
								"west": { "texture": "#shingles", "uv": [ 0.0, 0.0, 1.0, 2.0 ] },
								"up": { "texture": "#shingles", "uv": [ 0.0, 0.0, 6.0, 1.0 ], "enabled": false },
								"down": { "texture": "#shingles", "uv": [ 0.0, 0.0, 6.0, 1.0 ], "enabled": false }
							},
							"children": [
								{
									"name": "Cube79",
									"from": [ 0.0, -2.0, 1.0 ], 
									"to": [ 3.0, -1.0, 1.5 ], 
									"rotationOrigin": [ 0.0, -1.0, 0.0 ],
									"rotationX": -45.0,
									"faces": {
										"north": { "texture": "#shingles", "uv": [ 0.0, 6.5, 3.0, 7.5 ] },
										"east": { "texture": "#shingles", "uv": [ 0.0, 0.0, 0.5, 1.0 ], "enabled": false },
										"south": { "texture": "#shingles", "uv": [ 0.0, 6.5, 3.0, 7.5 ] },
										"west": { "texture": "#shingles", "uv": [ 0.0, 0.0, 0.5, 1.0 ] },
										"up": { "texture": "#shingles", "uv": [ 0.0, 0.0, 3.0, 0.5 ], "enabled": false },
										"down": { "texture": "#shingles", "uv": [ 11.0, 3.0, 11.5, 3.5 ], "autoUv": false }
									}
								}
							]
						},
						{
							"name": "Roof 82",
							"from": [ 0.0, 0.0, 12.0 ], 
							"to": [ 1.5, 2.0, 13.0 ], 
							"rotationOrigin": [ 0.0, 0.0, 12.0 ],
							"rotationX": -44.99999632180179,
							"faces": {
								"north": { "texture": "#shingles", "uv": [ 0.0, 0.0, 1.5, 2.0 ], "enabled": false },
								"east": { "texture": "#shingles", "uv": [ 0.0, 0.0, 1.0, 2.0 ] },
								"south": { "texture": "#shingles", "uv": [ 0.0, 12.0, 1.5, 14.0 ] },
								"west": { "texture": "#shingles", "uv": [ 0.0, 0.0, 1.0, 2.0 ] },
								"up": { "texture": "#shingles", "uv": [ 0.0, 0.0, 1.5, 1.0 ], "enabled": false },
								"down": { "texture": "#shingles", "uv": [ 0.0, 0.0, 1.5, 1.0 ], "enabled": false }
							}
						},
						{
							"name": "Roof86",
							"from": [ 0.0, 2.0, 10.0 ], 
							"to": [ 3.5, 4.0, 11.0 ], 
							"rotationOrigin": [ 0.0, 2.0, 10.0 ],
							"rotationX": -44.99999632180179,
							"faces": {
								"north": { "texture": "#shingles", "uv": [ 0.0, 0.0, 3.5, 2.0 ], "enabled": false },
								"east": { "texture": "#shingles", "uv": [ 0.0, 0.0, 1.0, 2.0 ] },
								"south": { "texture": "#shingles", "uv": [ 0.0, 8.5, 3.5, 10.5 ] },
								"west": { "texture": "#shingles", "uv": [ 0.0, 0.0, 1.0, 2.0 ] },
								"up": { "texture": "#shingles", "uv": [ 0.0, 0.0, 3.5, 1.0 ], "enabled": false },
								"down": { "texture": "#shingles", "uv": [ 0.0, 0.0, 3.5, 1.0 ], "enabled": false }
							},
							"children": [
								{
									"name": "Cube87",
									"from": [ 0.0, -2.0, 1.0 ], 
									"to": [ 1.0, -1.0, 1.5 ], 
									"rotationOrigin": [ 0.0, -1.0, 0.0 ],
									"rotationX": -45.0,
									"faces": {
										"north": { "texture": "#shingles", "uv": [ 0.5, 10.5, 1.5, 11.5 ] },
										"east": { "texture": "#shingles", "uv": [ 0.0, 0.0, 0.5, 1.0 ], "enabled": false },
										"south": { "texture": "#shingles", "uv": [ 0.5, 10.5, 1.5, 11.5 ] },
										"west": { "texture": "#shingles", "uv": [ 0.0, 0.0, 0.5, 1.0 ] },
										"up": { "texture": "#shingles", "uv": [ 0.0, 0.0, 1.0, 0.5 ], "enabled": false },
										"down": { "texture": "#shingles", "uv": [ 11.0, 3.0, 11.5, 3.5 ], "autoUv": false }
									}
								}
							]
						},
						{
							"name": "Insides 2",
							"from": [ 2.8001, -1.0, -0.7 ], 
							"to": [ 17.8001, 19.0, -0.7 ], 
							"rotationOrigin": [ 3.3001, 1.7001, -1.5 ],
							"rotationX": -89.99999505843996,
							"rotationY": -45.00001103766457,
							"rotationZ": -89.99999505843996,
							"faces": {
								"north": { "texture": "#log", "uv": [ 0.0, 0.0, 19.5, 16.0 ], "rotation": 90, "enabled": false, "autoUv": false },
								"east": { "texture": "#log", "uv": [ 0.0, 0.0, 16.0, 1.5 ], "rotation": 90, "enabled": false, "autoUv": false },
								"south": { "texture": "#log", "uv": [ 0.0, 0.0, 16.0, 10.5 ], "rotation": 90, "autoUv": false },
								"west": { "texture": "#log", "uv": [ 0.0, 0.5, 16.0, 2.0 ], "rotation": 90, "enabled": false, "autoUv": false },
								"up": { "texture": "#log", "uv": [ 0.0, 0.0, 15.0, 0.5 ], "enabled": false },
								"down": { "texture": "#log", "uv": [ 0.0, 0.0, 15.0, 0.5 ], "enabled": false }
							}
						}
					]
				},
				{
					"name": "Walls 2",
					"from": [ 5.5, -8.0, 0.0 ], 
					"to": [ 5.5, -8.0, 0.0 ], 
					"rotationOrigin": [ 5.5, -8.0, 0.0 ],
					"rotationX": -179.99992682394213,
					"rotationY": -90.0,
					"rotationZ": -179.99992682394213,
					"faces": {
						"north": { "texture": "#bricks", "uv": [ 0.0, 0.0, 0.5, 0.5 ], "enabled": false },
						"east": { "texture": "#bricks", "uv": [ 0.0, 0.0, 0.5, 0.5 ], "enabled": false },
						"south": { "texture": "#bricks", "uv": [ 0.0, 0.0, 0.5, 0.5 ], "enabled": false },
						"west": { "texture": "#bricks", "uv": [ 0.0, 0.0, 0.5, 0.5 ], "enabled": false },
						"up": { "texture": "#bricks", "uv": [ 0.0, 0.0, 0.5, 0.5 ], "enabled": false },
						"down": { "texture": "#bricks", "uv": [ 0.0, 0.0, 0.5, 0.5 ], "enabled": false }
					},
					"children": [
						{
							"name": "Wall68",
							"from": [ 0.0, 0.0, -1.5 ], 
							"to": [ 8.0, 1.0, 13.5 ], 
							"rotationOrigin": [ 0.0, 0.0, -0.5 ],
							"rotationX": -1.628443907497612E-12,
							"rotationY": 3.413353627936079E-19,
							"rotationZ": 1.628443907497612E-12,
							"faces": {
								"north": { "texture": "#bricks", "uv": [ 0.0, 0.0, 8.0, 1.0 ], "enabled": false },
								"east": { "texture": "#bricks", "uv": [ 0.0, 15.0, 15.0, 16.0 ] },
								"south": { "texture": "#bricks", "uv": [ 0.0, 15.0, 8.0, 16.0 ] },
								"west": { "texture": "#bricks", "uv": [ 1.0, 15.0, 16.0, 16.0 ], "enabled": false },
								"up": { "texture": "#bricks", "uv": [ 0.0, 0.0, 8.0, 15.0 ], "enabled": false },
								"down": { "texture": "#bricks", "uv": [ 1.0, 0.0, 16.0, 8.0 ], "rotation": 90, "enabled": false }
							}
						},
						{
							"name": "Wall69",
							"from": [ 0.0, 1.0, -0.5 ], 
							"to": [ 8.0, 2.0, 13.5 ], 
							"rotationOrigin": [ 0.0, 1.0, 0.5 ],
							"rotationX": -1.628443907497612E-12,
							"rotationY": 3.413353627936079E-19,
							"rotationZ": 1.628443907497612E-12,
							"faces": {
								"north": { "texture": "#bricks", "uv": [ 0.0, 0.0, 8.0, 1.0 ], "enabled": false },
								"east": { "texture": "#bricks", "uv": [ 0.0, 14.0, 14.0, 15.0 ] },
								"south": { "texture": "#bricks", "uv": [ 0.0, 14.0, 8.0, 15.0 ] },
								"west": { "texture": "#bricks", "uv": [ 2.0, 14.0, 16.0, 15.0 ], "enabled": false },
								"up": { "texture": "#bricks", "uv": [ 0.0, 0.0, 8.0, 14.0 ], "enabled": false },
								"down": { "texture": "#bricks", "uv": [ 0.0, 0.0, 8.0, 14.0 ], "enabled": false }
							}
						},
						{
							"name": "Wall70",
							"from": [ 0.0, 4.0, 2.5 ], 
							"to": [ 8.0, 5.0, 13.5 ], 
							"rotationOrigin": [ 0.0, 4.0, 3.5 ],
							"rotationX": -1.628443907497612E-12,
							"rotationY": 3.413353627936079E-19,
							"rotationZ": 1.628443907497612E-12,
							"faces": {
								"north": { "texture": "#bricks", "uv": [ 0.0, 0.0, 8.0, 1.0 ], "enabled": false },
								"east": { "texture": "#bricks", "uv": [ 0.0, 11.0, 11.0, 12.0 ] },
								"south": { "texture": "#bricks", "uv": [ 0.0, 11.0, 8.0, 12.0 ] },
								"west": { "texture": "#bricks", "uv": [ 5.0, 11.0, 16.0, 12.0 ], "enabled": false },
								"up": { "texture": "#bricks", "uv": [ 0.0, 0.0, 8.0, 11.0 ], "enabled": false },
								"down": { "texture": "#bricks", "uv": [ 0.0, 0.0, 8.0, 11.0 ], "enabled": false }
							}
						},
						{
							"name": "Wall71",
							"from": [ 0.0, 2.0, 0.5 ], 
							"to": [ 8.0, 3.0, 13.5 ], 
							"rotationOrigin": [ 0.0, 2.0, 1.5 ],
							"rotationX": -1.628443907497612E-12,
							"rotationY": 3.413353627936079E-19,
							"rotationZ": 1.628443907497612E-12,
							"faces": {
								"north": { "texture": "#bricks", "uv": [ 0.0, 0.0, 8.0, 1.0 ], "enabled": false },
								"east": { "texture": "#bricks", "uv": [ 0.0, 13.0, 13.0, 14.0 ] },
								"south": { "texture": "#bricks", "uv": [ 0.0, 13.0, 8.0, 14.0 ] },
								"west": { "texture": "#bricks", "uv": [ 3.0, 13.0, 16.0, 14.0 ], "enabled": false },
								"up": { "texture": "#bricks", "uv": [ 0.0, 0.0, 8.0, 13.0 ], "enabled": false },
								"down": { "texture": "#bricks", "uv": [ 0.0, 0.0, 8.0, 13.0 ], "enabled": false }
							}
						},
						{
							"name": "Wall72",
							"from": [ 0.0, 3.0, 1.5 ], 
							"to": [ 8.0, 4.0, 13.5 ], 
							"rotationOrigin": [ 0.0, 3.0, 2.5 ],
							"rotationX": -1.628443907497612E-12,
							"rotationY": 3.413353627936079E-19,
							"rotationZ": 1.628443907497612E-12,
							"faces": {
								"north": { "texture": "#bricks", "uv": [ 0.0, 0.0, 8.0, 1.0 ], "enabled": false },
								"east": { "texture": "#bricks", "uv": [ 0.0, 12.0, 12.0, 13.0 ] },
								"south": { "texture": "#bricks", "uv": [ 0.0, 12.0, 8.0, 13.0 ] },
								"west": { "texture": "#bricks", "uv": [ 4.0, 12.0, 16.0, 13.0 ], "enabled": false },
								"up": { "texture": "#bricks", "uv": [ 0.0, 0.0, 8.0, 12.0 ], "enabled": false },
								"down": { "texture": "#bricks", "uv": [ 0.0, 0.0, 8.0, 12.0 ], "enabled": false }
							}
						},
						{
							"name": "Wall73",
							"from": [ 0.0, 5.0, 3.5 ], 
							"to": [ 8.0, 6.0, 13.5 ], 
							"rotationOrigin": [ 0.0, 5.0, 3.2 ],
							"rotationX": -1.628443907497612E-12,
							"rotationY": 3.413353627936079E-19,
							"rotationZ": 1.628443907497612E-12,
							"faces": {
								"north": { "texture": "#bricks", "uv": [ 0.0, 0.0, 8.0, 1.0 ], "enabled": false },
								"east": { "texture": "#bricks", "uv": [ 0.0, 10.0, 10.0, 11.0 ] },
								"south": { "texture": "#bricks", "uv": [ 0.0, 10.0, 8.0, 11.0 ] },
								"west": { "texture": "#bricks", "uv": [ 6.0, 10.0, 16.0, 11.0 ], "enabled": false },
								"up": { "texture": "#bricks", "uv": [ 0.0, 0.0, 8.0, 10.0 ], "enabled": false },
								"down": { "texture": "#bricks", "uv": [ 0.0, 0.0, 8.0, 10.0 ], "enabled": false }
							}
						},
						{
							"name": "Wall74",
							"from": [ 0.0, 6.0, 4.5 ], 
							"to": [ 8.0, 7.0, 13.5 ], 
							"rotationOrigin": [ 0.0, 6.0, 4.0 ],
							"rotationX": -1.628443907497612E-12,
							"rotationY": 3.413353627936079E-19,
							"rotationZ": 1.628443907497612E-12,
							"faces": {
								"north": { "texture": "#bricks", "uv": [ 0.0, 0.0, 8.0, 1.0 ], "enabled": false },
								"east": { "texture": "#bricks", "uv": [ 0.0, 9.0, 9.0, 10.0 ] },
								"south": { "texture": "#bricks", "uv": [ 0.0, 9.0, 8.0, 10.0 ] },
								"west": { "texture": "#bricks", "uv": [ 7.0, 9.0, 16.0, 10.0 ], "enabled": false },
								"up": { "texture": "#bricks", "uv": [ 0.0, 0.0, 8.0, 9.0 ], "enabled": false },
								"down": { "texture": "#bricks", "uv": [ 0.0, 0.0, 8.0, 9.0 ], "enabled": false }
							}
						},
						{
							"name": "Wall75",
							"from": [ 0.0, 7.0, 5.5 ], 
							"to": [ 8.0, 8.0, 13.5 ], 
							"rotationOrigin": [ 0.0, 7.0, 5.0 ],
							"rotationX": -1.628443907497612E-12,
							"rotationY": 3.413353627936079E-19,
							"rotationZ": 1.628443907497612E-12,
							"faces": {
								"north": { "texture": "#bricks", "uv": [ 0.0, 0.0, 8.0, 1.0 ], "enabled": false },
								"east": { "texture": "#bricks", "uv": [ 0.0, 8.0, 8.0, 9.0 ] },
								"south": { "texture": "#bricks", "uv": [ 0.0, 8.0, 8.0, 9.0 ] },
								"west": { "texture": "#bricks", "uv": [ 8.0, 8.0, 16.0, 9.0 ], "enabled": false },
								"up": { "texture": "#bricks", "uv": [ 0.0, 0.0, 8.0, 8.0 ], "enabled": false },
								"down": { "texture": "#bricks", "uv": [ 0.0, 0.0, 8.0, 8.0 ], "enabled": false }
							}
						},
						{
							"name": "Wall76",
							"from": [ 0.0, 8.0, 6.5 ], 
							"to": [ 8.0, 9.0, 13.5 ], 
							"rotationOrigin": [ 0.0, 8.0, 7.0 ],
							"rotationX": -1.628443907497612E-12,
							"rotationY": 3.413353627936079E-19,
							"rotationZ": 1.628443907497612E-12,
							"faces": {
								"north": { "texture": "#bricks", "uv": [ 0.0, 0.0, 8.0, 1.0 ], "enabled": false },
								"east": { "texture": "#bricks", "uv": [ 0.0, 7.0, 7.0, 8.0 ] },
								"south": { "texture": "#bricks", "uv": [ 0.0, 7.0, 8.0, 8.0 ] },
								"west": { "texture": "#bricks", "uv": [ 9.0, 7.0, 16.0, 8.0 ], "enabled": false },
								"up": { "texture": "#bricks", "uv": [ 0.0, 0.0, 8.0, 7.0 ], "enabled": false },
								"down": { "texture": "#bricks", "uv": [ 0.0, 0.0, 8.0, 7.0 ], "enabled": false }
							}
						},
						{
							"name": "Wall77",
							"from": [ 0.0, 9.0, 7.5 ], 
							"to": [ 8.0, 10.0, 13.5 ], 
							"rotationOrigin": [ 0.0, 9.0, 8.0 ],
							"rotationX": -1.628443907497612E-12,
							"rotationY": 3.413353627936079E-19,
							"rotationZ": 1.628443907497612E-12,
							"faces": {
								"north": { "texture": "#bricks", "uv": [ 0.0, 0.0, 8.0, 1.0 ], "enabled": false },
								"east": { "texture": "#bricks", "uv": [ 0.0, 6.0, 6.0, 7.0 ] },
								"south": { "texture": "#bricks", "uv": [ 0.0, 6.0, 8.0, 7.0 ] },
								"west": { "texture": "#bricks", "uv": [ 10.0, 6.0, 16.0, 7.0 ], "enabled": false },
								"up": { "texture": "#bricks", "uv": [ 0.0, 0.0, 8.0, 6.0 ], "enabled": false },
								"down": { "texture": "#bricks", "uv": [ 0.0, 0.0, 8.0, 6.0 ], "enabled": false }
							}
						},
						{
							"name": "Wall78",
							"from": [ 0.0, 10.0, 8.5 ], 
							"to": [ 8.0, 11.0, 13.5 ], 
							"rotationOrigin": [ 0.0, 10.0, 9.0 ],
							"rotationX": -1.628443907497612E-12,
							"rotationY": 3.413353627936079E-19,
							"rotationZ": 1.628443907497612E-12,
							"faces": {
								"north": { "texture": "#bricks", "uv": [ 0.0, 0.0, 8.0, 1.0 ], "enabled": false },
								"east": { "texture": "#bricks", "uv": [ 0.0, 5.0, 5.0, 6.0 ] },
								"south": { "texture": "#bricks", "uv": [ 0.0, 5.0, 8.0, 6.0 ] },
								"west": { "texture": "#bricks", "uv": [ 11.0, 5.0, 16.0, 6.0 ], "enabled": false },
								"up": { "texture": "#bricks", "uv": [ 0.0, 0.0, 8.0, 5.0 ], "enabled": false },
								"down": { "texture": "#bricks", "uv": [ 0.0, 0.0, 8.0, 5.0 ], "enabled": false }
							}
						},
						{
							"name": "Wall79",
							"from": [ 0.0, 11.0, 9.5 ], 
							"to": [ 8.0, 12.0, 13.5 ], 
							"rotationOrigin": [ 0.0, 11.0, 10.0 ],
							"rotationX": -1.628443907497612E-12,
							"rotationY": 3.413353627936079E-19,
							"rotationZ": 1.628443907497612E-12,
							"faces": {
								"north": { "texture": "#bricks", "uv": [ 0.0, 0.0, 8.0, 1.0 ], "enabled": false },
								"east": { "texture": "#bricks", "uv": [ 0.0, 4.0, 4.0, 5.0 ] },
								"south": { "texture": "#bricks", "uv": [ 0.0, 4.0, 8.0, 5.0 ] },
								"west": { "texture": "#bricks", "uv": [ 12.0, 4.0, 16.0, 5.0 ], "enabled": false },
								"up": { "texture": "#bricks", "uv": [ 0.0, 0.0, 8.0, 4.0 ], "enabled": false },
								"down": { "texture": "#bricks", "uv": [ 0.0, 0.0, 8.0, 4.0 ], "enabled": false }
							}
						},
						{
							"name": "Wall80",
							"from": [ 0.0, 12.0, 10.5 ], 
							"to": [ 8.0, 13.0, 13.5 ], 
							"rotationOrigin": [ 0.0, 12.0, 11.0 ],
							"rotationX": -1.628443907497612E-12,
							"rotationY": 3.413353627936079E-19,
							"rotationZ": 1.628443907497612E-12,
							"faces": {
								"north": { "texture": "#bricks", "uv": [ 0.0, 0.0, 8.0, 1.0 ], "enabled": false },
								"east": { "texture": "#bricks", "uv": [ 0.0, 3.0, 3.0, 4.0 ] },
								"south": { "texture": "#bricks", "uv": [ 0.0, 3.0, 8.0, 4.0 ] },
								"west": { "texture": "#bricks", "uv": [ 13.0, 3.0, 16.0, 4.0 ], "enabled": false },
								"up": { "texture": "#bricks", "uv": [ 0.0, 0.0, 8.0, 3.0 ], "enabled": false },
								"down": { "texture": "#bricks", "uv": [ 0.0, 0.0, 8.0, 3.0 ], "enabled": false }
							}
						},
						{
							"name": "Wall81",
							"from": [ 0.0, 13.0, 12.5 ], 
							"to": [ 8.0, 14.0, 13.5 ], 
							"rotationOrigin": [ 0.0, 13.0, 13.0 ],
							"rotationX": -1.628443907497612E-12,
							"rotationY": 3.413353627936079E-19,
							"rotationZ": 1.628443907497612E-12,
							"faces": {
								"north": { "texture": "#bricks", "uv": [ 0.0, 0.0, 8.0, 1.0 ], "enabled": false },
								"east": { "texture": "#bricks", "uv": [ 0.0, 2.0, 1.0, 3.0 ] },
								"south": { "texture": "#bricks", "uv": [ 0.0, 2.0, 8.0, 3.0 ] },
								"west": { "texture": "#bricks", "uv": [ 15.0, 2.0, 16.0, 3.0 ], "enabled": false },
								"up": { "texture": "#bricks", "uv": [ 0.0, 0.0, 8.0, 1.0 ], "enabled": false },
								"down": { "texture": "#bricks", "uv": [ 0.0, 0.0, 8.0, 1.0 ], "enabled": false }
							}
						},
						{
							"name": "Wall82",
							"from": [ 0.0, 14.0, 12.5 ], 
							"to": [ 8.0, 15.0, 13.5 ], 
							"rotationOrigin": [ 0.0, 14.0, 13.0 ],
							"rotationX": -1.628443907497612E-12,
							"rotationY": 3.413353627936079E-19,
							"rotationZ": 1.628443907497612E-12,
							"faces": {
								"north": { "texture": "#bricks", "uv": [ 0.0, 0.0, 8.0, 1.0 ], "enabled": false },
								"east": { "texture": "#bricks", "uv": [ 0.0, 2.0, 1.0, 3.0 ] },
								"south": { "texture": "#bricks", "uv": [ 0.0, 1.0, 8.0, 2.0 ] },
								"west": { "texture": "#bricks", "uv": [ 15.0, 2.0, 16.0, 3.0 ], "enabled": false },
								"up": { "texture": "#bricks", "uv": [ 0.0, 0.0, 8.0, 1.0 ], "enabled": false },
								"down": { "texture": "#bricks", "uv": [ 0.0, 0.0, 8.0, 1.0 ], "enabled": false }
							}
						}
					]
				}
			]
		},
		{
			"name": "Wood supports",
			"from": [ 0.0, 0.0, 0.0 ], 
			"to": [ 0.0, 0.0, 0.0 ], 
			"rotationOrigin": [ 8.0, 8.0, 8.0 ],
			"faces": {
				"north": { "texture": "#log", "uv": [ 0.0, 0.0, 0.5, 0.5 ], "enabled": false },
				"east": { "texture": "#log", "uv": [ 0.0, 0.0, 0.5, 0.5 ], "enabled": false },
				"south": { "texture": "#log", "uv": [ 0.0, 0.0, 0.5, 0.5 ], "enabled": false },
				"west": { "texture": "#log", "uv": [ 0.0, 0.0, 0.5, 0.5 ], "enabled": false },
				"up": { "texture": "#log", "uv": [ 0.0, 0.0, 0.5, 0.5 ], "enabled": false },
				"down": { "texture": "#log", "uv": [ 0.0, 0.0, 0.5, 0.5 ], "enabled": false }
			},
			"children": [
				{
					"name": "wood support 1",
					"from": [ 0.0, 14.47, 0.45 ], 
					"to": [ 15.0, 15.47, 1.45 ], 
					"rotationOrigin": [ 0.0, 14.0, 1.0 ],
					"rotationY": -89.99999505843996,
					"faces": {
						"north": { "texture": "#log", "uv": [ 0.0, 1.0, 15.0, 2.0 ] },
						"east": { "texture": "#log", "uv": [ 0.0, 0.0, 1.0, 1.0 ] },
						"south": { "texture": "#log", "uv": [ 0.0, 3.0, 15.0, 4.0 ] },
						"west": { "texture": "#log", "uv": [ 0.0, 0.0, 1.0, 1.0 ] },
						"up": { "texture": "#log", "uv": [ 0.0, 2.0, 15.0, 3.0 ] },
						"down": { "texture": "#log", "uv": [ 0.0, 6.0, 15.0, 7.0 ] }
					}
				},
				{
					"name": "wood support right",
					"from": [ 16.0, -0.21, 14.77 ], 
					"to": [ 17.0, 21.29, 16.77 ], 
					"rotationOrigin": [ 16.0, -1.2899, 14.8 ],
					"rotationX": -44.99999028471095,
					"faces": {
						"north": { "texture": "#log", "uv": [ 0.0, 0.0, 16.0, 1.5 ], "rotation": 90, "autoUv": false },
						"east": { "texture": "#log", "uv": [ 0.0, 0.0, 16.0, 2.5 ], "rotation": 90, "autoUv": false },
						"south": { "texture": "#log", "uv": [ 0.0, 3.0, 16.0, 5.0 ], "rotation": 90, "autoUv": false },
						"west": { "texture": "#log", "uv": [ 0.0, 6.5, 16.0, 8.5 ], "rotation": 90, "autoUv": false },
						"up": { "texture": "#log", "uv": [ 14.0, 14.0, 16.0, 16.0 ], "autoUv": false },
						"down": { "texture": "#log", "uv": [ 14.0, 14.0, 16.0, 16.0 ], "autoUv": false }
					}
				},
				{
					"name": "wood support  left",
					"from": [ 16.0, -1.0, 15.65 ], 
					"to": [ 37.5, 0.0, 17.65 ], 
					"rotationOrigin": [ 15.0, -0.997, 16.0 ],
					"rotationX": -89.99997573975652,
					"rotationY": 44.99998205962819,
					"rotationZ": -179.99992250148787,
					"faces": {
						"north": { "texture": "#log", "uv": [ 0.0, 0.0, 16.0, 1.5 ], "autoUv": false },
						"east": { "texture": "#log", "uv": [ 14.0, 14.0, 16.0, 16.0 ], "rotation": 90, "autoUv": false },
						"south": { "texture": "#log", "uv": [ 0.0, 3.0, 16.0, 4.5 ], "autoUv": false },
						"west": { "texture": "#log", "uv": [ 14.0, 14.0, 16.0, 16.0 ], "rotation": 90, "autoUv": false },
						"up": { "texture": "#log", "uv": [ 0.0, 0.0, 16.0, 2.0 ], "autoUv": false },
						"down": { "texture": "#log", "uv": [ 0.0, 0.0, 16.0, 2.0 ], "autoUv": false }
					}
				},
				{
					"name": "wood support 0",
					"from": [ 1.0, 14.4736, -0.44 ], 
					"to": [ 16.0, 15.4736, 0.56 ], 
					"rotationOrigin": [ 1.0, 14.9736, -1.4423 ],
					"faces": {
						"north": { "texture": "#log", "uv": [ 0.0, 1.0, 15.0, 2.0 ] },
						"east": { "texture": "#log", "uv": [ 0.0, 0.0, 1.0, 1.0 ] },
						"south": { "texture": "#log", "uv": [ 0.0, 3.0, 15.0, 4.0 ] },
						"west": { "texture": "#log", "uv": [ 0.0, 0.0, 1.0, 1.0 ] },
						"up": { "texture": "#log", "uv": [ 0.0, 2.0, 15.0, 3.0 ] },
						"down": { "texture": "#log", "uv": [ 0.0, 6.0, 15.0, 7.0 ] }
					}
				},
				{
					"name": "wood middle",
					"from": [ 17.0, -2.0, 14.1 ], 
					"to": [ 19.0, 25.5, 16.6 ], 
					"rotationOrigin": [ 16.0, -2.0, 14.0 ],
					"rotationY": -45.00000137831748,
					"rotationZ": 55.00000062647479,
					"faces": {
						"north": { "texture": "#log", "uv": [ 0.0, 0.0, 15.5, 1.5 ], "rotation": 90, "autoUv": false },
						"east": { "texture": "#log", "uv": [ 0.0, 0.0, 16.0, 3.0 ], "rotation": 90, "autoUv": false },
						"south": { "texture": "#log", "uv": [ 0.0, 0.0, 16.0, 1.5 ], "rotation": 90, "autoUv": false },
						"west": { "texture": "#log", "uv": [ 0.0, 0.0, 16.0, 2.0 ], "rotation": 90, "autoUv": false },
						"up": { "texture": "#log", "uv": [ 14.0, 14.0, 16.0, 16.0 ], "autoUv": false },
						"down": { "texture": "#log", "uv": [ 14.0, 14.0, 16.0, 16.0 ], "autoUv": false }
					}
				}
			]
		},
		{
			"name": "Snow Roof 1",
			"from": [ 0.0, 0.0, 0.0 ], 
			"to": [ 0.0, 0.0, 0.0 ], 
			"faces": {
				"north": { "texture": "#log", "uv": [ 0.0, 0.0, 0.5, 0.5 ], "enabled": false },
				"east": { "texture": "#log", "uv": [ 0.0, 0.0, 0.5, 0.5 ], "enabled": false },
				"south": { "texture": "#log", "uv": [ 0.0, 0.0, 0.5, 0.5 ], "enabled": false },
				"west": { "texture": "#log", "uv": [ 0.0, 0.0, 0.5, 0.5 ], "enabled": false },
				"up": { "texture": "#log", "uv": [ 0.0, 0.0, 0.5, 0.5 ], "enabled": false },
				"down": { "texture": "#log", "uv": [ 0.0, 0.0, 0.5, 0.5 ], "enabled": false }
			},
			"children": [
				{
					"name": "Snow Roof 4",
					"from": [ 5.0, 12.7924, 3.5 ], 
					"to": [ 16.0, 12.8924, 4.7 ], 
					"rotationOrigin": [ 5.0, 12.8, 3.7 ],
					"rotationX": 3.415094397496434E-6,
					"rotationY": 2.1078859769866858E-14,
					"rotationZ": -5.088886907608723E-14,
					"faces": {
						"north": { "texture": "#snow", "uv": [ 0.0, 0.0, 11.0, 0.5 ], "enabled": false },
						"east": { "texture": "#snow", "uv": [ 0.0, 0.0, 1.0, 0.5 ] },
						"south": { "texture": "#snow", "uv": [ 0.0, 0.0, 11.0, 0.5 ] },
						"west": { "texture": "#snow", "uv": [ 0.0, 0.0, 1.0, 0.5 ] },
						"up": { "texture": "#snow", "uv": [ 0.0, 0.0, 11.0, 1.0 ] },
						"down": { "texture": "#snow", "uv": [ 0.0, 0.0, 11.0, 1.0 ], "enabled": false }
					}
				},
				{
					"name": "Snow Roof 5",
					"from": [ 7.0, 10.7924, 5.4 ], 
					"to": [ 16.0, 10.9924, 6.7 ], 
					"rotationOrigin": [ 7.0, 10.8, 5.7 ],
					"rotationX": 3.415094397496434E-6,
					"rotationY": 2.1078859769866858E-14,
					"rotationZ": -5.088886907608723E-14,
					"faces": {
						"north": { "texture": "#snow", "uv": [ 0.0, 0.0, 9.0, 0.5 ], "enabled": false },
						"east": { "texture": "#snow", "uv": [ 0.0, 0.0, 1.0, 0.5 ] },
						"south": { "texture": "#snow", "uv": [ 0.0, 0.0, 9.0, 0.5 ] },
						"west": { "texture": "#snow", "uv": [ 0.0, 0.0, 1.0, 0.5 ] },
						"up": { "texture": "#snow", "uv": [ 0.0, 0.0, 9.0, 1.0 ] },
						"down": { "texture": "#snow", "uv": [ 0.0, 0.0, 9.0, 1.0 ], "enabled": false }
					}
				},
				{
					"name": "Snow Roof 6",
					"from": [ 9.0, 8.7924, 7.4 ], 
					"to": [ 16.0, 9.1424, 8.7 ], 
					"rotationOrigin": [ 9.0, 8.8, 7.7 ],
					"rotationX": 3.415094397496434E-6,
					"rotationY": 2.1078859769866858E-14,
					"rotationZ": -5.088886907608723E-14,
					"faces": {
						"north": { "texture": "#snow", "uv": [ 0.0, 0.0, 7.0, 0.5 ], "enabled": false },
						"east": { "texture": "#snow", "uv": [ 0.0, 0.0, 1.0, 0.5 ] },
						"south": { "texture": "#snow", "uv": [ 0.0, 0.0, 7.0, 0.5 ] },
						"west": { "texture": "#snow", "uv": [ 0.0, 0.0, 1.0, 0.5 ] },
						"up": { "texture": "#snow", "uv": [ 0.0, 0.0, 7.0, 1.0 ] },
						"down": { "texture": "#snow", "uv": [ 0.0, 0.0, 7.0, 1.0 ], "enabled": false }
					}
				},
				{
					"name": "Snow Roof 9",
					"from": [ 3.0, 14.79, 1.5 ], 
					"to": [ 16.0, 14.89, 2.7 ], 
					"rotationOrigin": [ 3.0, 14.7986, 1.7057 ],
					"rotationX": 6.830188794992881E-6,
					"rotationY": 4.215772257294686E-14,
					"rotationZ": -1.0177771995289559E-13,
					"faces": {
						"north": { "texture": "#snow", "uv": [ 0.0, 0.0, 13.0, 0.5 ], "enabled": false },
						"east": { "texture": "#snow", "uv": [ 0.0, 0.0, 1.0, 0.5 ] },
						"south": { "texture": "#snow", "uv": [ 0.0, 0.0, 13.0, 0.5 ] },
						"west": { "texture": "#snow", "uv": [ 0.0, 0.0, 1.0, 0.5 ] },
						"up": { "texture": "#snow", "uv": [ 0.0, 0.0, 13.0, 1.0 ] },
						"down": { "texture": "#snow", "uv": [ 0.0, 0.0, 13.0, 1.0 ], "enabled": false }
					}
				},
				{
					"name": "Snow Roof 8",
					"from": [ 15.0, 2.7924, 13.15 ], 
					"to": [ 16.0, 3.2924, 14.7 ], 
					"rotationOrigin": [ 15.0, 2.8, 13.7 ],
					"rotationX": 3.415094397496434E-6,
					"rotationY": 2.107886128647343E-14,
					"rotationZ": -5.088886907608723E-14,
					"faces": {
						"north": { "texture": "#snow", "uv": [ 0.0, 0.0, 1.0, 0.5 ], "enabled": false },
						"east": { "texture": "#snow", "uv": [ 0.0, 0.0, 1.5, 0.5 ] },
						"south": { "texture": "#snow", "uv": [ 0.0, 0.0, 1.0, 0.5 ] },
						"west": { "texture": "#snow", "uv": [ 0.0, 0.0, 1.5, 0.5 ] },
						"up": { "texture": "#snow", "uv": [ 0.0, 0.0, 1.0, 1.5 ] },
						"down": { "texture": "#snow", "uv": [ 0.0, 0.0, 1.0, 1.5 ], "enabled": false }
					}
				},
				{
					"name": "Snow Roof 3",
					"from": [ 13.0, 4.7924, 11.25 ], 
					"to": [ 16.0, 5.1924, 12.7 ], 
					"rotationOrigin": [ 13.0, 4.8, 11.7 ],
					"rotationX": 3.415093990385457E-6,
					"rotationY": 2.1078859769866858E-14,
					"rotationZ": -5.088886300966094E-14,
					"faces": {
						"north": { "texture": "#snow", "uv": [ 0.0, 0.0, 3.0, 0.5 ], "enabled": false },
						"east": { "texture": "#snow", "uv": [ 0.0, 0.0, 1.0, 0.5 ] },
						"south": { "texture": "#snow", "uv": [ 0.0, 0.0, 3.0, 0.5 ] },
						"west": { "texture": "#snow", "uv": [ 0.0, 0.0, 1.0, 0.5 ] },
						"up": { "texture": "#snow", "uv": [ 0.0, 0.0, 3.0, 1.0 ] },
						"down": { "texture": "#snow", "uv": [ 0.0, 0.0, 3.0, 1.0 ], "enabled": false }
					}
				},
				{
					"name": "Snow Roof 2",
					"from": [ 11.0, 6.79, 9.35 ], 
					"to": [ 16.0, 7.09, 10.7 ], 
					"rotationOrigin": [ 11.0, 6.7986, 9.7057 ],
					"rotationX": 6.8301879807709265E-6,
					"rotationY": 4.215772257294686E-14,
					"rotationZ": -1.0177769568719043E-13,
					"faces": {
						"north": { "texture": "#snow", "uv": [ 0.0, 0.0, 5.0, 0.5 ], "enabled": false },
						"east": { "texture": "#snow", "uv": [ 0.0, 0.0, 1.0, 0.5 ] },
						"south": { "texture": "#snow", "uv": [ 0.0, 0.0, 5.0, 0.5 ] },
						"west": { "texture": "#snow", "uv": [ 0.0, 0.0, 1.0, 0.5 ] },
						"up": { "texture": "#snow", "uv": [ 0.0, 0.0, 5.0, 1.0 ] },
						"down": { "texture": "#snow", "uv": [ 0.0, 0.0, 5.0, 1.0 ], "enabled": false }
					}
				}
			]
		},
		{
			"name": "Snow Roof  2",
			"from": [ 0.0, 0.0, 19.0 ], 
			"to": [ 0.0, 0.0, 19.0 ], 
			"rotationOrigin": [ 0.0, 0.0, 19.0 ],
			"rotationY": 90.0,
			"faces": {
				"north": { "texture": "#log", "uv": [ 0.0, 0.0, 0.5, 0.5 ], "enabled": false },
				"east": { "texture": "#log", "uv": [ 0.0, 0.0, 0.5, 0.5 ], "enabled": false },
				"south": { "texture": "#log", "uv": [ 0.0, 0.0, 0.5, 0.5 ], "enabled": false },
				"west": { "texture": "#log", "uv": [ 0.0, 0.0, 0.5, 0.5 ], "enabled": false },
				"up": { "texture": "#log", "uv": [ 0.0, 0.0, 0.5, 0.5 ], "enabled": false },
				"down": { "texture": "#log", "uv": [ 0.0, 0.0, 0.5, 0.5 ], "enabled": false }
			},
			"children": [
				{
					"name": "Snow Roof 95",
					"from": [ 3.0, 12.7924, 3.5 ], 
					"to": [ 14.0, 12.8924, 4.7 ], 
					"rotationOrigin": [ 3.0, 12.8, 3.7 ],
					"rotationX": 3.415094397496434E-6,
					"rotationY": 2.1078859769866858E-14,
					"rotationZ": -5.088886907608723E-14,
					"faces": {
						"north": { "texture": "#snow", "uv": [ 0.0, 0.0, 11.0, 0.5 ], "enabled": false },
						"east": { "texture": "#snow", "uv": [ 0.0, 0.0, 1.0, 0.5 ] },
						"south": { "texture": "#snow", "uv": [ 0.0, 0.0, 11.0, 0.5 ] },
						"west": { "texture": "#snow", "uv": [ 0.0, 0.0, 1.0, 0.5 ] },
						"up": { "texture": "#snow", "uv": [ 0.0, 0.0, 11.0, 1.0 ] },
						"down": { "texture": "#snow", "uv": [ 0.0, 0.0, 11.0, 1.0 ], "enabled": false }
					}
				},
				{
					"name": "Snow Roof 96",
					"from": [ 3.0, 10.7924, 5.4 ], 
					"to": [ 12.0, 10.9924, 6.7 ], 
					"rotationOrigin": [ 3.0, 10.8, 5.7 ],
					"rotationX": 3.415094397496434E-6,
					"rotationY": 2.1078859769866858E-14,
					"rotationZ": -5.088886907608723E-14,
					"faces": {
						"north": { "texture": "#snow", "uv": [ 0.0, 0.0, 9.0, 0.5 ], "enabled": false },
						"east": { "texture": "#snow", "uv": [ 0.0, 0.0, 1.0, 0.5 ] },
						"south": { "texture": "#snow", "uv": [ 0.0, 0.0, 9.0, 0.5 ] },
						"west": { "texture": "#snow", "uv": [ 0.0, 0.0, 1.0, 0.5 ] },
						"up": { "texture": "#snow", "uv": [ 0.0, 0.0, 9.0, 1.0 ] },
						"down": { "texture": "#snow", "uv": [ 0.0, 0.0, 9.0, 1.0 ], "enabled": false }
					}
				},
				{
					"name": "Snow Roof 97",
					"from": [ 3.0, 8.7924, 7.4 ], 
					"to": [ 10.0, 9.1424, 8.7 ], 
					"rotationOrigin": [ 3.0, 8.8, 7.7 ],
					"rotationX": 3.415094397496434E-6,
					"rotationY": 2.1078859769866858E-14,
					"rotationZ": -5.088886907608723E-14,
					"faces": {
						"north": { "texture": "#snow", "uv": [ 0.0, 0.0, 7.0, 0.5 ], "enabled": false },
						"east": { "texture": "#snow", "uv": [ 0.0, 0.0, 1.0, 0.5 ] },
						"south": { "texture": "#snow", "uv": [ 0.0, 0.0, 7.0, 0.5 ] },
						"west": { "texture": "#snow", "uv": [ 0.0, 0.0, 1.0, 0.5 ] },
						"up": { "texture": "#snow", "uv": [ 0.0, 0.0, 7.0, 1.0 ] },
						"down": { "texture": "#snow", "uv": [ 0.0, 0.0, 7.0, 1.0 ], "enabled": false }
					}
				},
				{
					"name": "Snow Roof 98",
					"from": [ 3.0, 14.79, 1.5 ], 
					"to": [ 16.0, 14.89, 2.7 ], 
					"rotationOrigin": [ 3.0, 14.7986, 1.7057 ],
					"rotationX": 6.830188794992881E-6,
					"rotationY": 4.215772257294686E-14,
					"rotationZ": -1.0177771995289559E-13,
					"faces": {
						"north": { "texture": "#snow", "uv": [ 0.0, 0.0, 13.0, 0.5 ], "enabled": false },
						"east": { "texture": "#snow", "uv": [ 0.0, 0.0, 1.0, 0.5 ] },
						"south": { "texture": "#snow", "uv": [ 0.0, 0.0, 13.0, 0.5 ] },
						"west": { "texture": "#snow", "uv": [ 0.0, 0.0, 1.0, 0.5 ] },
						"up": { "texture": "#snow", "uv": [ 0.0, 0.0, 13.0, 1.0 ] },
						"down": { "texture": "#snow", "uv": [ 0.0, 0.0, 13.0, 1.0 ], "enabled": false }
					}
				},
				{
					"name": "Snow Roof 99",
					"from": [ 3.0, 2.7924, 13.15 ], 
					"to": [ 4.0, 3.2924, 14.7 ], 
					"rotationOrigin": [ 6.0, 2.8, 13.7 ],
					"rotationX": 3.415094397496434E-6,
					"rotationY": 2.107886128647343E-14,
					"rotationZ": -5.088886907608723E-14,
					"faces": {
						"north": { "texture": "#snow", "uv": [ 0.0, 0.0, 1.0, 0.5 ], "enabled": false },
						"east": { "texture": "#snow", "uv": [ 0.0, 0.0, 1.5, 0.5 ] },
						"south": { "texture": "#snow", "uv": [ 0.0, 0.0, 1.0, 0.5 ] },
						"west": { "texture": "#snow", "uv": [ 0.0, 0.0, 1.5, 0.5 ] },
						"up": { "texture": "#snow", "uv": [ 0.0, 0.0, 1.0, 1.5 ] },
						"down": { "texture": "#snow", "uv": [ 0.0, 0.0, 1.0, 1.5 ], "enabled": false }
					}
				},
				{
					"name": "Snow Roof 100",
					"from": [ 3.0, 4.7924, 11.25 ], 
					"to": [ 6.0, 5.1924, 12.7 ], 
					"rotationOrigin": [ 3.0, 4.8, 11.7 ],
					"rotationX": 3.415093990385457E-6,
					"rotationY": 2.1078859769866858E-14,
					"rotationZ": -5.088886300966094E-14,
					"faces": {
						"north": { "texture": "#snow", "uv": [ 0.0, 0.0, 3.0, 0.5 ], "enabled": false },
						"east": { "texture": "#snow", "uv": [ 0.0, 0.0, 1.0, 0.5 ] },
						"south": { "texture": "#snow", "uv": [ 0.0, 0.0, 3.0, 0.5 ] },
						"west": { "texture": "#snow", "uv": [ 0.0, 0.0, 1.0, 0.5 ] },
						"up": { "texture": "#snow", "uv": [ 0.0, 0.0, 3.0, 1.0 ] },
						"down": { "texture": "#snow", "uv": [ 0.0, 0.0, 3.0, 1.0 ], "enabled": false }
					}
				},
				{
					"name": "Snow Roof 101",
					"from": [ 3.0, 6.79, 9.35 ], 
					"to": [ 8.0, 7.09, 10.7 ], 
					"rotationOrigin": [ 3.0, 6.7986, 9.7057 ],
					"rotationX": 6.8301879807709265E-6,
					"rotationY": 4.215772257294686E-14,
					"rotationZ": -1.0177769568719043E-13,
					"faces": {
						"north": { "texture": "#snow", "uv": [ 0.0, 0.0, 5.0, 0.5 ], "enabled": false },
						"east": { "texture": "#snow", "uv": [ 0.0, 0.0, 1.0, 0.5 ] },
						"south": { "texture": "#snow", "uv": [ 0.0, 0.0, 5.0, 0.5 ] },
						"west": { "texture": "#snow", "uv": [ 0.0, 0.0, 1.0, 0.5 ] },
						"up": { "texture": "#snow", "uv": [ 0.0, 0.0, 5.0, 1.0 ] },
						"down": { "texture": "#snow", "uv": [ 0.0, 0.0, 5.0, 1.0 ], "enabled": false }
					}
				}
			]
		}
	]}