{
	"editor": {
		"allAngles": false,
		"entityTextureMode": false
	},
	"textureWidth": 16,
	"textureHeight": 16,
	"textureSizes": {
	},
	"textures": {
		"bricks": "C:/Users/andy-/AppData/Roaming/Vintagestory/assets/survival/textures/block/stone/brick/granite1",
		"log": "C:/Users/andy-/AppData/Roaming/Vintagestory/assets/survival/textures/block/wood/firepit/log",
		"shingles": "C:/Users/andy-/AppData/Roaming/Vintagestory/assets/survival/textures/block/clay/shingles/red"
	},
	"elements": [
		{
			"name": "Master",
			"from": [ 8.0, 8.0, 8.0 ], 
			"to": [ 8.0, 8.0, 8.0 ], 
			"rotationOrigin": [ 8.0, 8.0, 8.0 ],
			"faces": {
				"north": { "texture": "#log", "uv": [ 0.0, 0.0, 0.5, 0.5 ], "enabled": false },
				"east": { "texture": "#log", "uv": [ 0.0, 0.0, 0.5, 0.5 ], "enabled": false },
				"south": { "texture": "#log", "uv": [ 0.0, 0.0, 0.5, 0.5 ], "enabled": false },
				"west": { "texture": "#log", "uv": [ 0.0, 0.0, 0.5, 0.5 ], "enabled": false },
				"up": { "texture": "#log", "uv": [ 0.0, 0.0, 0.5, 0.5 ], "enabled": false },
				"down": { "texture": "#log", "uv": [ 0.0, 0.0, 0.5, 0.5 ], "enabled": false }
			},
			"children": [
				{
					"name": "Roofs",
					"from": [ -8.0, -8.0, -5.0 ], 
					"to": [ -8.0, -8.0, -5.0 ], 
					"rotationOrigin": [ -8.0, -8.0, -5.0 ],
					"faces": {
						"north": { "texture": "#bricks", "uv": [ 0.0, 0.0, 0.5, 0.5 ], "enabled": false },
						"east": { "texture": "#bricks", "uv": [ 0.0, 0.0, 0.5, 0.5 ], "enabled": false },
						"south": { "texture": "#bricks", "uv": [ 0.0, 0.0, 0.5, 0.5 ], "enabled": false },
						"west": { "texture": "#bricks", "uv": [ 0.0, 0.0, 0.5, 0.5 ], "enabled": false },
						"up": { "texture": "#bricks", "uv": [ 0.0, 0.0, 0.5, 0.5 ], "enabled": false },
						"down": { "texture": "#bricks", "uv": [ 0.0, 0.0, 0.5, 0.5 ], "enabled": false }
					},
					"children": [
						{
							"name": "Roof1",
							"from": [ 0.0, 14.0, -1.3 ], 
							"to": [ 16.0, 16.1, -1.0 ], 
							"rotationOrigin": [ 0.0, 14.0, -2.0 ],
							"rotationX": -44.99999632180179,
							"faces": {
								"north": { "texture": "#shingles", "uv": [ 0.0, 0.0, 16.0, 2.0 ] },
								"east": { "texture": "#shingles", "uv": [ 0.0, 0.0, 0.5, 2.0 ] },
								"south": { "texture": "#shingles", "uv": [ 0.0, 0.0, 16.0, 2.0 ] },
								"west": { "texture": "#shingles", "uv": [ 0.0, 0.0, 0.5, 2.0 ] },
								"up": { "texture": "#shingles", "uv": [ 0.0, 0.0, 16.0, 0.5 ] },
								"down": { "texture": "#shingles", "uv": [ 0.0, 0.0, 16.0, 0.5 ], "enabled": false }
							}
						},
						{
							"name": "Roof5",
							"from": [ 0.0, 6.0, 6.0 ], 
							"to": [ 16.0, 8.0, 7.0 ], 
							"rotationOrigin": [ 0.0, 6.0, 6.0 ],
							"rotationX": -44.99999632180179,
							"faces": {
								"north": { "texture": "#shingles", "uv": [ 0.0, 0.0, 16.0, 2.0 ], "enabled": false },
								"east": { "texture": "#shingles", "uv": [ 0.0, 0.0, 1.0, 2.0 ] },
								"south": { "texture": "#shingles", "uv": [ 0.0, 0.0, 16.0, 2.0 ] },
								"west": { "texture": "#shingles", "uv": [ 0.0, 0.0, 1.0, 2.0 ] },
								"up": { "texture": "#shingles", "uv": [ 0.0, 0.0, 16.0, 1.0 ], "enabled": false },
								"down": { "texture": "#shingles", "uv": [ 0.0, 0.0, 16.0, 1.0 ], "enabled": false }
							},
							"children": [
								{
									"name": "Cube28",
									"from": [ 0.0, -2.0, 1.0 ], 
									"to": [ 7.0, -1.0, 1.5 ], 
									"rotationOrigin": [ 0.0, -1.0, 0.0 ],
									"rotationX": -45.0,
									"faces": {
										"north": { "texture": "#shingles", "uv": [ 0.0, 0.0, 7.0, 1.0 ] },
										"east": { "texture": "#shingles", "uv": [ 0.0, 0.0, 0.5, 1.0 ], "enabled": false },
										"south": { "texture": "#shingles", "uv": [ 0.0, 2.5, 7.0, 3.5 ] },
										"west": { "texture": "#shingles", "uv": [ 0.0, 0.0, 0.5, 1.0 ] },
										"up": { "texture": "#shingles", "uv": [ 0.0, 0.0, 7.0, 0.5 ], "enabled": false },
										"down": { "texture": "#shingles", "uv": [ 11.0, 3.0, 11.5, 3.5 ], "autoUv": false }
									}
								},
								{
									"name": "Cube30",
									"from": [ 7.0, -2.0, 1.0 ], 
									"to": [ 10.0, -1.0, 1.5 ], 
									"rotationOrigin": [ 7.0, -1.0, 0.0 ],
									"rotationX": -45.0,
									"faces": {
										"north": { "texture": "#shingles", "uv": [ 0.0, 0.0, 3.0, 1.0 ] },
										"east": { "texture": "#shingles", "uv": [ 0.0, 0.0, 0.5, 1.0 ], "enabled": false },
										"south": { "texture": "#shingles", "uv": [ 7.0, 3.5, 10.0, 4.5 ], "autoUv": false },
										"west": { "texture": "#shingles", "uv": [ 0.0, 0.0, 0.5, 1.0 ], "enabled": false },
										"up": { "texture": "#shingles", "uv": [ 0.0, 0.0, 3.0, 0.5 ], "enabled": false },
										"down": { "texture": "#shingles", "uv": [ 11.0, 3.0, 11.5, 3.5 ], "autoUv": false }
									}
								},
								{
									"name": "Cube31",
									"from": [ 10.0, -2.0, 1.0 ], 
									"to": [ 16.0, -1.0, 1.5 ], 
									"rotationOrigin": [ 10.0, -1.0, 0.0 ],
									"rotationX": -45.0,
									"faces": {
										"north": { "texture": "#shingles", "uv": [ 0.0, 0.0, 6.0, 1.0 ] },
										"east": { "texture": "#shingles", "uv": [ 0.0, 0.0, 0.5, 1.0 ] },
										"south": { "texture": "#shingles", "uv": [ 10.0, 2.5, 16.0, 3.5 ] },
										"west": { "texture": "#shingles", "uv": [ 0.0, 0.0, 0.5, 1.0 ], "enabled": false },
										"up": { "texture": "#shingles", "uv": [ 0.0, 0.0, 6.0, 0.5 ], "enabled": false },
										"down": { "texture": "#shingles", "uv": [ 11.0, 3.0, 11.5, 3.5 ], "autoUv": false }
									}
								}
							]
						},
						{
							"name": "Roof4",
							"from": [ 0.0, 8.0, 4.0 ], 
							"to": [ 16.0, 10.0, 5.0 ], 
							"rotationOrigin": [ 0.0, 8.0, 4.0 ],
							"rotationX": -44.99999632180179,
							"faces": {
								"north": { "texture": "#shingles", "uv": [ 0.0, 0.0, 16.0, 2.0 ], "enabled": false },
								"east": { "texture": "#shingles", "uv": [ 0.0, 0.0, 1.0, 2.0 ] },
								"south": { "texture": "#shingles", "uv": [ 0.0, 12.0, 16.0, 14.0 ] },
								"west": { "texture": "#shingles", "uv": [ 0.0, 0.0, 1.0, 2.0 ] },
								"up": { "texture": "#shingles", "uv": [ 0.0, 0.0, 16.0, 1.0 ], "enabled": false },
								"down": { "texture": "#shingles", "uv": [ 0.0, 0.0, 16.0, 1.0 ], "enabled": false }
							},
							"children": [
								{
									"name": "Cube22",
									"from": [ 0.0, -2.0, 1.0 ], 
									"to": [ 8.0, -1.0, 1.5 ], 
									"rotationOrigin": [ 0.0, -1.0, 0.0 ],
									"rotationX": -45.0,
									"faces": {
										"north": { "texture": "#shingles", "uv": [ 0.0, 0.0, 8.0, 1.0 ] },
										"east": { "texture": "#shingles", "uv": [ 0.0, 0.0, 0.5, 1.0 ], "enabled": false },
										"south": { "texture": "#shingles", "uv": [ 0.0, 14.5, 8.0, 15.5 ] },
										"west": { "texture": "#shingles", "uv": [ 0.0, 0.0, 0.5, 1.0 ] },
										"up": { "texture": "#shingles", "uv": [ 0.0, 0.0, 8.0, 0.5 ], "enabled": false },
										"down": { "texture": "#shingles", "uv": [ 11.0, 3.0, 11.5, 3.5 ], "autoUv": false }
									}
								},
								{
									"name": "Cube55",
									"from": [ 8.0, -2.0, 1.0 ], 
									"to": [ 12.0, -1.0, 1.5 ], 
									"rotationOrigin": [ 8.0, -1.0, 0.0 ],
									"rotationX": -45.0,
									"faces": {
										"north": { "texture": "#shingles", "uv": [ 4.5, 14.5, 8.5, 15.5 ] },
										"east": { "texture": "#shingles", "uv": [ 0.0, 0.0, 0.5, 1.0 ], "enabled": false },
										"south": { "texture": "#shingles", "uv": [ 4.5, 14.5, 8.5, 15.5 ] },
										"west": { "texture": "#shingles", "uv": [ 0.0, 0.0, 0.5, 1.0 ] },
										"up": { "texture": "#shingles", "uv": [ 0.0, 0.0, 4.0, 0.5 ], "enabled": false },
										"down": { "texture": "#shingles", "uv": [ 11.0, 3.0, 11.5, 3.5 ], "autoUv": false }
									}
								},
								{
									"name": "Cube56",
									"from": [ 12.0, -2.0, 1.0 ], 
									"to": [ 16.0, -1.0, 1.5 ], 
									"rotationOrigin": [ 12.0, -1.0, 0.0 ],
									"rotationX": -45.0,
									"faces": {
										"north": { "texture": "#shingles", "uv": [ 4.5, 14.5, 8.5, 15.5 ] },
										"east": { "texture": "#shingles", "uv": [ 0.0, 0.0, 0.5, 1.0 ], "enabled": false },
										"south": { "texture": "#shingles", "uv": [ 12.0, 14.5, 16.0, 15.5 ] },
										"west": { "texture": "#shingles", "uv": [ 0.0, 0.0, 0.5, 1.0 ] },
										"up": { "texture": "#shingles", "uv": [ 0.0, 0.0, 4.0, 0.5 ], "enabled": false },
										"down": { "texture": "#shingles", "uv": [ 11.0, 3.0, 11.5, 3.5 ], "autoUv": false }
									}
								}
							]
						},
						{
							"name": "Roof3",
							"from": [ 0.0, 10.0, 2.0 ], 
							"to": [ 16.0, 12.0, 3.0 ], 
							"rotationOrigin": [ 0.0, 10.0, 2.0 ],
							"rotationX": -44.99999632180179,
							"faces": {
								"north": { "texture": "#shingles", "uv": [ 0.0, 0.0, 16.0, 2.0 ], "enabled": false },
								"east": { "texture": "#shingles", "uv": [ 0.0, 0.0, 1.0, 2.0 ] },
								"south": { "texture": "#shingles", "uv": [ 0.0, 8.5, 16.0, 10.5 ] },
								"west": { "texture": "#shingles", "uv": [ 0.0, 0.0, 1.0, 2.0 ] },
								"up": { "texture": "#shingles", "uv": [ 0.0, 0.0, 16.0, 1.0 ], "enabled": false },
								"down": { "texture": "#shingles", "uv": [ 0.0, 0.0, 16.0, 1.0 ], "enabled": false }
							},
							"children": [
								{
									"name": "Cube16",
									"from": [ 0.0, -2.0, 1.0 ], 
									"to": [ 3.0, -1.0, 1.5 ], 
									"rotationOrigin": [ 0.0, -1.0, 0.0 ],
									"rotationX": -45.0,
									"faces": {
										"north": { "texture": "#shingles", "uv": [ 0.0, 10.5, 3.0, 11.5 ] },
										"east": { "texture": "#shingles", "uv": [ 0.0, 0.0, 0.5, 1.0 ], "enabled": false },
										"south": { "texture": "#shingles", "uv": [ 0.0, 10.5, 3.0, 11.5 ] },
										"west": { "texture": "#shingles", "uv": [ 0.0, 0.0, 0.5, 1.0 ] },
										"up": { "texture": "#shingles", "uv": [ 0.0, 0.0, 3.0, 0.5 ], "enabled": false },
										"down": { "texture": "#shingles", "uv": [ 11.0, 3.0, 11.5, 3.5 ], "autoUv": false }
									}
								},
								{
									"name": "Cube18",
									"from": [ 3.0, -2.0, 1.0 ], 
									"to": [ 10.0, -1.0, 1.5 ], 
									"rotationOrigin": [ 3.0, -1.0, 0.0 ],
									"rotationX": -45.0,
									"faces": {
										"north": { "texture": "#shingles", "uv": [ 3.0, 11.0, 10.0, 12.0 ] },
										"east": { "texture": "#shingles", "uv": [ 0.0, 0.0, 0.5, 1.0 ], "enabled": false },
										"south": { "texture": "#shingles", "uv": [ 3.0, 11.0, 10.0, 12.0 ], "autoUv": false },
										"west": { "texture": "#shingles", "uv": [ 0.0, 0.0, 0.5, 1.0 ], "enabled": false },
										"up": { "texture": "#shingles", "uv": [ 0.0, 0.0, 7.0, 0.5 ], "enabled": false },
										"down": { "texture": "#shingles", "uv": [ 11.0, 3.0, 11.5, 3.5 ], "autoUv": false }
									}
								},
								{
									"name": "Cube19",
									"from": [ 10.0, -2.0, 1.0 ], 
									"to": [ 16.0, -1.0, 1.5 ], 
									"rotationOrigin": [ 10.0, -1.0, 0.0 ],
									"rotationX": -45.0,
									"faces": {
										"north": { "texture": "#shingles", "uv": [ 10.0, 11.0, 16.0, 12.0 ] },
										"east": { "texture": "#shingles", "uv": [ 0.0, 0.0, 0.5, 1.0 ] },
										"south": { "texture": "#shingles", "uv": [ 10.0, 10.5, 16.0, 11.5 ], "autoUv": false },
										"west": { "texture": "#shingles", "uv": [ 0.0, 0.0, 0.5, 1.0 ], "enabled": false },
										"up": { "texture": "#shingles", "uv": [ 0.0, 0.0, 6.0, 0.5 ], "enabled": false },
										"down": { "texture": "#shingles", "uv": [ 11.0, 3.0, 11.5, 3.5 ], "autoUv": false }
									}
								}
							]
						},
						{
							"name": "Roof2",
							"from": [ 0.0, 12.0, 0.0 ], 
							"to": [ 16.0, 14.0, 1.0 ], 
							"rotationOrigin": [ 0.0, 12.0, 0.0 ],
							"rotationX": -44.99999632180179,
							"faces": {
								"north": { "texture": "#shingles", "uv": [ 0.0, 0.0, 16.0, 2.0 ], "enabled": false },
								"east": { "texture": "#shingles", "uv": [ 0.0, 0.0, 1.0, 2.0 ] },
								"south": { "texture": "#shingles", "uv": [ 0.0, 4.0, 16.0, 6.0 ] },
								"west": { "texture": "#shingles", "uv": [ 0.0, 0.0, 1.0, 2.0 ] },
								"up": { "texture": "#shingles", "uv": [ 0.0, 0.0, 16.0, 1.0 ], "enabled": false },
								"down": { "texture": "#shingles", "uv": [ 0.0, 0.0, 16.0, 1.0 ], "enabled": false }
							},
							"children": [
								{
									"name": "Cube10",
									"from": [ 0.0, -2.0, 1.0 ], 
									"to": [ 5.0, -1.0, 1.5 ], 
									"rotationOrigin": [ 0.0, -1.0, 0.0 ],
									"rotationX": -45.0,
									"faces": {
										"north": { "texture": "#shingles", "uv": [ 0.0, 7.0, 5.0, 8.0 ] },
										"east": { "texture": "#shingles", "uv": [ 0.0, 0.0, 0.5, 1.0 ], "enabled": false },
										"south": { "texture": "#shingles", "uv": [ 0.0, 6.5, 5.0, 7.5 ] },
										"west": { "texture": "#shingles", "uv": [ 0.0, 0.0, 0.5, 1.0 ] },
										"up": { "texture": "#shingles", "uv": [ 0.0, 0.0, 5.0, 0.5 ], "enabled": false },
										"down": { "texture": "#shingles", "uv": [ 11.0, 3.0, 11.5, 3.5 ], "autoUv": false }
									}
								},
								{
									"name": "Cube12",
									"from": [ 5.0, -2.0, 1.0 ], 
									"to": [ 8.0, -1.0, 1.5 ], 
									"rotationOrigin": [ 5.0, -1.0, 0.0 ],
									"rotationX": -45.0,
									"faces": {
										"north": { "texture": "#shingles", "uv": [ 5.0, 7.0, 8.0, 8.0 ] },
										"east": { "texture": "#shingles", "uv": [ 0.0, 0.0, 0.5, 1.0 ], "enabled": false },
										"south": { "texture": "#shingles", "uv": [ 5.0, 7.0, 8.0, 8.0 ], "autoUv": false },
										"west": { "texture": "#shingles", "uv": [ 0.0, 0.0, 0.5, 1.0 ], "enabled": false },
										"up": { "texture": "#shingles", "uv": [ 0.0, 0.0, 3.0, 0.5 ], "enabled": false },
										"down": { "texture": "#shingles", "uv": [ 11.0, 3.0, 11.5, 3.5 ], "autoUv": false }
									}
								},
								{
									"name": "Cube13",
									"from": [ 8.0, -2.0, 1.0 ], 
									"to": [ 16.0, -1.0, 1.5 ], 
									"rotationOrigin": [ 8.0, -1.0, 0.0 ],
									"rotationX": -45.0,
									"faces": {
										"north": { "texture": "#shingles", "uv": [ 8.0, 6.5, 16.0, 7.5 ] },
										"east": { "texture": "#shingles", "uv": [ 0.0, 0.0, 0.5, 1.0 ] },
										"south": { "texture": "#shingles", "uv": [ 8.0, 6.5, 16.0, 7.5 ], "autoUv": false },
										"west": { "texture": "#shingles", "uv": [ 0.0, 0.0, 0.5, 1.0 ], "enabled": false },
										"up": { "texture": "#shingles", "uv": [ 0.0, 0.0, 8.0, 0.5 ], "enabled": false },
										"down": { "texture": "#shingles", "uv": [ 11.0, 3.0, 11.5, 3.5 ], "autoUv": false }
									}
								}
							]
						},
						{
							"name": "Roof 7",
							"from": [ 0.0, 4.0, 8.0 ], 
							"to": [ 16.0, 6.0, 9.0 ], 
							"rotationOrigin": [ 0.0, 4.0, 8.0 ],
							"rotationX": -44.99999632180179,
							"faces": {
								"north": { "texture": "#shingles", "uv": [ 0.0, 0.0, 16.0, 2.0 ], "enabled": false },
								"east": { "texture": "#shingles", "uv": [ 0.0, 0.0, 1.0, 2.0 ] },
								"south": { "texture": "#shingles", "uv": [ 0.0, 4.0, 16.0, 6.0 ] },
								"west": { "texture": "#shingles", "uv": [ 0.0, 0.0, 1.0, 2.0 ] },
								"up": { "texture": "#shingles", "uv": [ 0.0, 0.0, 16.0, 1.0 ], "enabled": false },
								"down": { "texture": "#shingles", "uv": [ 0.0, 0.0, 16.0, 1.0 ], "enabled": false }
							},
							"children": [
								{
									"name": "Cube50",
									"from": [ 0.0, -2.0, 1.0 ], 
									"to": [ 5.0, -1.0, 1.5 ], 
									"rotationOrigin": [ 0.0, -1.0, 0.0 ],
									"rotationX": -45.0,
									"faces": {
										"north": { "texture": "#shingles", "uv": [ 0.0, 6.5, 5.0, 7.5 ] },
										"east": { "texture": "#shingles", "uv": [ 0.0, 0.0, 0.5, 1.0 ], "enabled": false },
										"south": { "texture": "#shingles", "uv": [ 0.0, 6.5, 5.0, 7.5 ] },
										"west": { "texture": "#shingles", "uv": [ 0.0, 0.0, 0.5, 1.0 ] },
										"up": { "texture": "#shingles", "uv": [ 0.0, 0.0, 5.0, 0.5 ], "enabled": false },
										"down": { "texture": "#shingles", "uv": [ 11.0, 3.0, 11.5, 3.5 ], "autoUv": false }
									}
								},
								{
									"name": "Cube51",
									"from": [ 5.0, -2.0, 1.0 ], 
									"to": [ 8.0, -1.0, 1.5 ], 
									"rotationOrigin": [ 5.0, -1.0, 0.0 ],
									"rotationX": -45.0,
									"faces": {
										"north": { "texture": "#shingles", "uv": [ 5.0, 7.0, 8.0, 8.0 ] },
										"east": { "texture": "#shingles", "uv": [ 0.0, 0.0, 0.5, 1.0 ], "enabled": false },
										"south": { "texture": "#shingles", "uv": [ 5.0, 7.0, 8.0, 8.0 ], "autoUv": false },
										"west": { "texture": "#shingles", "uv": [ 0.0, 0.0, 0.5, 1.0 ], "enabled": false },
										"up": { "texture": "#shingles", "uv": [ 0.0, 0.0, 3.0, 0.5 ], "enabled": false },
										"down": { "texture": "#shingles", "uv": [ 11.0, 3.0, 11.5, 3.5 ], "autoUv": false }
									}
								},
								{
									"name": "Cube52",
									"from": [ 8.0, -2.0, 1.0 ], 
									"to": [ 16.0, -1.0, 1.5 ], 
									"rotationOrigin": [ 8.0, -1.0, 0.0 ],
									"rotationX": -45.0,
									"faces": {
										"north": { "texture": "#shingles", "uv": [ 8.0, 6.5, 16.0, 7.5 ] },
										"east": { "texture": "#shingles", "uv": [ 0.0, 0.0, 0.5, 1.0 ] },
										"south": { "texture": "#shingles", "uv": [ 8.0, 6.5, 16.0, 7.5 ], "autoUv": false },
										"west": { "texture": "#shingles", "uv": [ 0.0, 0.0, 0.5, 1.0 ], "enabled": false },
										"up": { "texture": "#shingles", "uv": [ 0.0, 0.0, 8.0, 0.5 ], "enabled": false },
										"down": { "texture": "#shingles", "uv": [ 11.0, 3.0, 11.5, 3.5 ], "autoUv": false }
									}
								}
							]
						},
						{
							"name": "Roof 8",
							"from": [ 0.0, 0.0, 12.0 ], 
							"to": [ 16.0, 2.0, 13.0 ], 
							"rotationOrigin": [ 0.0, 0.0, 12.0 ],
							"rotationX": -44.99999632180179,
							"faces": {
								"north": { "texture": "#shingles", "uv": [ 0.0, 0.0, 16.0, 2.0 ], "enabled": false },
								"east": { "texture": "#shingles", "uv": [ 0.0, 0.0, 1.0, 2.0 ] },
								"south": { "texture": "#shingles", "uv": [ 0.0, 12.0, 16.0, 14.0 ] },
								"west": { "texture": "#shingles", "uv": [ 0.0, 0.0, 1.0, 2.0 ] },
								"up": { "texture": "#shingles", "uv": [ 0.0, 0.0, 16.0, 1.0 ], "enabled": false },
								"down": { "texture": "#shingles", "uv": [ 0.0, 0.0, 16.0, 1.0 ], "enabled": false }
							},
							"children": [
								{
									"name": "Cube54",
									"from": [ 0.0, -2.0, 1.0 ], 
									"to": [ 8.0, -1.0, 1.5 ], 
									"rotationOrigin": [ 0.0, -1.0, 0.0 ],
									"rotationX": -45.0,
									"faces": {
										"north": { "texture": "#shingles", "uv": [ 0.0, 14.5, 8.0, 15.5 ] },
										"east": { "texture": "#shingles", "uv": [ 0.0, 0.0, 0.5, 1.0 ], "enabled": false },
										"south": { "texture": "#shingles", "uv": [ 0.0, 14.5, 8.0, 15.5 ] },
										"west": { "texture": "#shingles", "uv": [ 0.0, 0.0, 0.5, 1.0 ] },
										"up": { "texture": "#shingles", "uv": [ 0.0, 0.0, 8.0, 0.5 ], "enabled": false },
										"down": { "texture": "#shingles", "uv": [ 11.0, 3.0, 11.5, 3.5 ], "autoUv": false }
									}
								},
								{
									"name": "Cube57",
									"from": [ 8.0, -2.0, 1.0 ], 
									"to": [ 12.0, -1.0, 1.5 ], 
									"rotationOrigin": [ 8.0, -1.0, 0.0 ],
									"rotationX": -45.0,
									"faces": {
										"north": { "texture": "#shingles", "uv": [ 4.5, 14.5, 8.5, 15.5 ] },
										"east": { "texture": "#shingles", "uv": [ 0.0, 0.0, 0.5, 1.0 ], "enabled": false },
										"south": { "texture": "#shingles", "uv": [ 4.5, 14.5, 8.5, 15.5 ] },
										"west": { "texture": "#shingles", "uv": [ 0.0, 0.0, 0.5, 1.0 ] },
										"up": { "texture": "#shingles", "uv": [ 0.0, 0.0, 4.0, 0.5 ], "enabled": false },
										"down": { "texture": "#shingles", "uv": [ 11.0, 3.0, 11.5, 3.5 ], "autoUv": false }
									}
								},
								{
									"name": "Cube57",
									"from": [ 12.0, -2.0, 1.0 ], 
									"to": [ 16.0, -1.0, 1.5 ], 
									"rotationOrigin": [ 12.0, -1.0, 0.0 ],
									"rotationX": -45.0,
									"faces": {
										"north": { "texture": "#shingles", "uv": [ 12.0, 14.5, 16.0, 15.5 ] },
										"east": { "texture": "#shingles", "uv": [ 0.0, 0.0, 0.5, 1.0 ], "enabled": false },
										"south": { "texture": "#shingles", "uv": [ 12.0, 14.5, 16.0, 15.5 ] },
										"west": { "texture": "#shingles", "uv": [ 0.0, 0.0, 0.5, 1.0 ] },
										"up": { "texture": "#shingles", "uv": [ 0.0, 0.0, 4.0, 0.5 ], "enabled": false },
										"down": { "texture": "#shingles", "uv": [ 11.0, 3.0, 11.5, 3.5 ], "autoUv": false }
									}
								}
							]
						},
						{
							"name": "Roof53",
							"from": [ 0.0, 2.0, 10.0 ], 
							"to": [ 16.0, 4.0, 11.0 ], 
							"rotationOrigin": [ 0.0, 2.0, 10.0 ],
							"rotationX": -44.99999632180179,
							"faces": {
								"north": { "texture": "#shingles", "uv": [ 0.0, 0.0, 16.0, 2.0 ], "enabled": false },
								"east": { "texture": "#shingles", "uv": [ 0.0, 0.0, 1.0, 2.0 ] },
								"south": { "texture": "#shingles", "uv": [ 0.0, 8.5, 16.0, 10.5 ] },
								"west": { "texture": "#shingles", "uv": [ 0.0, 0.0, 1.0, 2.0 ] },
								"up": { "texture": "#shingles", "uv": [ 0.0, 0.0, 16.0, 1.0 ], "enabled": false },
								"down": { "texture": "#shingles", "uv": [ 0.0, 0.0, 16.0, 1.0 ], "enabled": false }
							},
							"children": [
								{
									"name": "Cube58",
									"from": [ 0.0, -2.0, 1.0 ], 
									"to": [ 3.0, -1.0, 1.5 ], 
									"rotationOrigin": [ 0.0, -1.0, 0.0 ],
									"rotationX": -45.0,
									"faces": {
										"north": { "texture": "#shingles", "uv": [ 0.0, 10.5, 3.0, 11.5 ] },
										"east": { "texture": "#shingles", "uv": [ 0.0, 0.0, 0.5, 1.0 ], "enabled": false },
										"south": { "texture": "#shingles", "uv": [ 0.0, 10.5, 3.0, 11.5 ] },
										"west": { "texture": "#shingles", "uv": [ 0.0, 0.0, 0.5, 1.0 ] },
										"up": { "texture": "#shingles", "uv": [ 0.0, 0.0, 3.0, 0.5 ], "enabled": false },
										"down": { "texture": "#shingles", "uv": [ 11.0, 3.0, 11.5, 3.5 ], "autoUv": false }
									}
								},
								{
									"name": "Cube58",
									"from": [ 3.0, -2.0, 1.0 ], 
									"to": [ 10.0, -1.0, 1.5 ], 
									"rotationOrigin": [ 3.0, -1.0, 0.0 ],
									"rotationX": -45.0,
									"faces": {
										"north": { "texture": "#shingles", "uv": [ 3.0, 11.0, 10.0, 12.0 ] },
										"east": { "texture": "#shingles", "uv": [ 0.0, 0.0, 0.5, 1.0 ], "enabled": false },
										"south": { "texture": "#shingles", "uv": [ 3.0, 11.0, 10.0, 12.0 ], "autoUv": false },
										"west": { "texture": "#shingles", "uv": [ 0.0, 0.0, 0.5, 1.0 ], "enabled": false },
										"up": { "texture": "#shingles", "uv": [ 0.0, 0.0, 7.0, 0.5 ], "enabled": false },
										"down": { "texture": "#shingles", "uv": [ 11.0, 3.0, 11.5, 3.5 ], "autoUv": false }
									}
								},
								{
									"name": "Cube58",
									"from": [ 10.0, -2.0, 1.0 ], 
									"to": [ 16.0, -1.0, 1.5 ], 
									"rotationOrigin": [ 10.0, -1.0, 0.0 ],
									"rotationX": -45.0,
									"faces": {
										"north": { "texture": "#shingles", "uv": [ 10.0, 11.0, 16.0, 12.0 ] },
										"east": { "texture": "#shingles", "uv": [ 0.0, 0.0, 0.5, 1.0 ] },
										"south": { "texture": "#shingles", "uv": [ 10.0, 10.5, 16.0, 11.5 ], "autoUv": false },
										"west": { "texture": "#shingles", "uv": [ 0.0, 0.0, 0.5, 1.0 ], "enabled": false },
										"up": { "texture": "#shingles", "uv": [ 0.0, 0.0, 6.0, 0.5 ], "enabled": false },
										"down": { "texture": "#shingles", "uv": [ 11.0, 3.0, 11.5, 3.5 ], "autoUv": false }
									}
								}
							]
						},
						{
							"name": "Cube39",
							"from": [ 0.0, 12.2929, -0.2929 ], 
							"to": [ 7.0, 13.2929, 0.2071 ], 
							"rotationOrigin": [ 0.0, 13.2929, -1.2929 ],
							"rotationX": -89.99998481315555,
							"faces": {
								"north": { "texture": "#shingles", "uv": [ 0.0, 0.0, 7.0, 1.0 ] },
								"east": { "texture": "#shingles", "uv": [ 0.0, 0.0, 0.5, 1.0 ], "enabled": false },
								"south": { "texture": "#shingles", "uv": [ 0.0, 2.5, 7.0, 3.5 ] },
								"west": { "texture": "#shingles", "uv": [ 0.0, 0.0, 0.5, 1.0 ] },
								"up": { "texture": "#shingles", "uv": [ 0.0, 0.0, 7.0, 0.5 ], "enabled": false },
								"down": { "texture": "#shingles", "uv": [ 11.0, 3.0, 11.5, 3.5 ], "autoUv": false }
							}
						},
						{
							"name": "Cube41",
							"from": [ 7.0, 12.2929, -0.2929 ], 
							"to": [ 10.0, 13.2929, 0.2071 ], 
							"rotationOrigin": [ 7.0, 13.2929, -1.2929 ],
							"rotationX": -89.99998481315555,
							"faces": {
								"north": { "texture": "#shingles", "uv": [ 0.0, 0.0, 3.0, 1.0 ] },
								"east": { "texture": "#shingles", "uv": [ 0.0, 0.0, 0.5, 1.0 ], "enabled": false },
								"south": { "texture": "#shingles", "uv": [ 7.0, 3.5, 10.0, 4.5 ], "autoUv": false },
								"west": { "texture": "#shingles", "uv": [ 0.0, 0.0, 0.5, 1.0 ], "enabled": false },
								"up": { "texture": "#shingles", "uv": [ 0.0, 0.0, 3.0, 0.5 ], "enabled": false },
								"down": { "texture": "#shingles", "uv": [ 11.0, 3.0, 11.5, 3.5 ], "autoUv": false }
							}
						},
						{
							"name": "Cube42",
							"from": [ 10.0, 12.2929, -0.2929 ], 
							"to": [ 16.0, 13.2929, 0.2071 ], 
							"rotationOrigin": [ 10.0, 13.2929, -1.2929 ],
							"rotationX": -89.99999164334537,
							"faces": {
								"north": { "texture": "#shingles", "uv": [ 5.5, 0.5, 0.0, 0.0 ], "autoUv": false },
								"east": { "texture": "#shingles", "uv": [ 0.0, 0.0, 0.5, 1.0 ] },
								"south": { "texture": "#shingles", "uv": [ 10.0, 2.5, 16.0, 3.5 ], "autoUv": false },
								"west": { "texture": "#shingles", "uv": [ 0.0, 0.0, 0.5, 1.0 ], "enabled": false },
								"up": { "texture": "#shingles", "uv": [ 0.0, 0.0, 6.0, 0.5 ], "enabled": false },
								"down": { "texture": "#shingles", "uv": [ 11.0, 3.0, 11.5, 3.5 ], "autoUv": false }
							}
						}
					]
				},
				{
					"name": "Walls",
					"from": [ 8.0, -8.0, 5.5 ], 
					"to": [ 8.0, -8.0, 5.5 ], 
					"rotationOrigin": [ 8.0, -8.0, 5.5 ],
					"rotationX": -179.99992682394213,
					"rotationY": 5.0089477137329395E-6,
					"rotationZ": -179.99992682394213,
					"faces": {
						"north": { "texture": "#bricks", "uv": [ 0.0, 0.0, 0.5, 0.5 ], "enabled": false },
						"east": { "texture": "#bricks", "uv": [ 0.0, 0.0, 0.5, 0.5 ], "enabled": false },
						"south": { "texture": "#bricks", "uv": [ 0.0, 0.0, 0.5, 0.5 ], "enabled": false },
						"west": { "texture": "#bricks", "uv": [ 0.0, 0.0, 0.5, 0.5 ], "enabled": false },
						"up": { "texture": "#bricks", "uv": [ 0.0, 0.0, 0.5, 0.5 ], "enabled": false },
						"down": { "texture": "#bricks", "uv": [ 0.0, 0.0, 0.5, 0.5 ], "enabled": false }
					},
					"children": [
						{
							"name": "Wall1",
							"from": [ 0.0, 0.0, -1.5 ], 
							"to": [ 16.0, 1.0, 13.5 ], 
							"rotationOrigin": [ 0.0, 0.0, -0.5 ],
							"rotationX": -1.628443907497612E-12,
							"rotationY": 3.413353627936079E-19,
							"rotationZ": 1.628443907497612E-12,
							"faces": {
								"north": { "texture": "#bricks", "uv": [ 0.0, 0.0, 16.0, 1.0 ], "enabled": false },
								"east": { "texture": "#bricks", "uv": [ 0.0, 15.0, 15.0, 16.0 ] },
								"south": { "texture": "#bricks", "uv": [ 0.0, 15.0, 16.0, 16.0 ] },
								"west": { "texture": "#bricks", "uv": [ 1.0, 15.0, 16.0, 16.0 ] },
								"up": { "texture": "#bricks", "uv": [ 0.0, 0.0, 16.0, 15.0 ], "enabled": false },
								"down": { "texture": "#bricks", "uv": [ 1.0, 0.0, 16.0, 16.0 ], "rotation": 90 }
							}
						},
						{
							"name": "Wall2",
							"from": [ 0.0, 1.0, -0.5 ], 
							"to": [ 16.0, 2.0, 13.5 ], 
							"rotationOrigin": [ 0.0, 1.0, 0.5 ],
							"rotationX": -1.628443907497612E-12,
							"rotationY": 3.413353627936079E-19,
							"rotationZ": 1.628443907497612E-12,
							"faces": {
								"north": { "texture": "#bricks", "uv": [ 0.0, 0.0, 16.0, 1.0 ], "enabled": false },
								"east": { "texture": "#bricks", "uv": [ 0.0, 14.0, 14.0, 15.0 ] },
								"south": { "texture": "#bricks", "uv": [ 0.0, 14.0, 16.0, 15.0 ] },
								"west": { "texture": "#bricks", "uv": [ 2.0, 14.0, 16.0, 15.0 ] },
								"up": { "texture": "#bricks", "uv": [ 0.0, 0.0, 16.0, 14.0 ], "enabled": false },
								"down": { "texture": "#bricks", "uv": [ 0.0, 0.0, 16.0, 14.0 ], "enabled": false }
							}
						},
						{
							"name": "Wall5",
							"from": [ 0.0, 4.0, 2.5 ], 
							"to": [ 16.0, 5.0, 13.5 ], 
							"rotationOrigin": [ 0.0, 4.0, 3.5 ],
							"rotationX": -1.628443907497612E-12,
							"rotationY": 3.413353627936079E-19,
							"rotationZ": 1.628443907497612E-12,
							"faces": {
								"north": { "texture": "#bricks", "uv": [ 0.0, 0.0, 16.0, 1.0 ], "enabled": false },
								"east": { "texture": "#bricks", "uv": [ 0.0, 11.0, 11.0, 12.0 ] },
								"south": { "texture": "#bricks", "uv": [ 0.0, 11.0, 16.0, 12.0 ] },
								"west": { "texture": "#bricks", "uv": [ 5.0, 11.0, 16.0, 12.0 ] },
								"up": { "texture": "#bricks", "uv": [ 0.0, 0.0, 16.0, 11.0 ], "enabled": false },
								"down": { "texture": "#bricks", "uv": [ 0.0, 0.0, 16.0, 11.0 ], "enabled": false }
							}
						},
						{
							"name": "Wall3",
							"from": [ 0.0, 2.0, 0.5 ], 
							"to": [ 16.0, 3.0, 13.5 ], 
							"rotationOrigin": [ 0.0, 2.0, 1.5 ],
							"rotationX": -1.628443907497612E-12,
							"rotationY": 3.413353627936079E-19,
							"rotationZ": 1.628443907497612E-12,
							"faces": {
								"north": { "texture": "#bricks", "uv": [ 0.0, 0.0, 16.0, 1.0 ], "enabled": false },
								"east": { "texture": "#bricks", "uv": [ 0.0, 13.0, 13.0, 14.0 ] },
								"south": { "texture": "#bricks", "uv": [ 0.0, 13.0, 16.0, 14.0 ] },
								"west": { "texture": "#bricks", "uv": [ 3.0, 13.0, 16.0, 14.0 ] },
								"up": { "texture": "#bricks", "uv": [ 0.0, 0.0, 16.0, 13.0 ], "enabled": false },
								"down": { "texture": "#bricks", "uv": [ 0.0, 0.0, 16.0, 13.0 ], "enabled": false }
							}
						},
						{
							"name": "Wall4",
							"from": [ 0.0, 3.0, 1.5 ], 
							"to": [ 16.0, 4.0, 13.5 ], 
							"rotationOrigin": [ 0.0, 3.0, 2.5 ],
							"rotationX": -1.628443907497612E-12,
							"rotationY": 3.413353627936079E-19,
							"rotationZ": 1.628443907497612E-12,
							"faces": {
								"north": { "texture": "#bricks", "uv": [ 0.0, 0.0, 16.0, 1.0 ], "enabled": false },
								"east": { "texture": "#bricks", "uv": [ 0.0, 12.0, 12.0, 13.0 ] },
								"south": { "texture": "#bricks", "uv": [ 0.0, 12.0, 16.0, 13.0 ] },
								"west": { "texture": "#bricks", "uv": [ 4.0, 12.0, 16.0, 13.0 ] },
								"up": { "texture": "#bricks", "uv": [ 0.0, 0.0, 16.0, 12.0 ], "enabled": false },
								"down": { "texture": "#bricks", "uv": [ 0.0, 0.0, 16.0, 12.0 ], "enabled": false }
							}
						},
						{
							"name": "Wall6",
							"from": [ 0.0, 5.0, 3.5 ], 
							"to": [ 16.0, 6.0, 13.5 ], 
							"rotationOrigin": [ 0.0, 5.0, 3.2 ],
							"rotationX": -1.628443907497612E-12,
							"rotationY": 3.413353627936079E-19,
							"rotationZ": 1.628443907497612E-12,
							"faces": {
								"north": { "texture": "#bricks", "uv": [ 0.0, 0.0, 16.0, 1.0 ], "enabled": false },
								"east": { "texture": "#bricks", "uv": [ 0.0, 10.0, 10.0, 11.0 ] },
								"south": { "texture": "#bricks", "uv": [ 0.0, 10.0, 16.0, 11.0 ] },
								"west": { "texture": "#bricks", "uv": [ 6.0, 10.0, 16.0, 11.0 ] },
								"up": { "texture": "#bricks", "uv": [ 0.0, 0.0, 16.0, 10.0 ], "enabled": false },
								"down": { "texture": "#bricks", "uv": [ 0.0, 0.0, 16.0, 10.0 ], "enabled": false }
							}
						},
						{
							"name": "Wall7",
							"from": [ 0.0, 6.0, 4.5 ], 
							"to": [ 16.0, 7.0, 13.5 ], 
							"rotationOrigin": [ 0.0, 6.0, 4.0 ],
							"rotationX": -1.628443907497612E-12,
							"rotationY": 3.413353627936079E-19,
							"rotationZ": 1.628443907497612E-12,
							"faces": {
								"north": { "texture": "#bricks", "uv": [ 0.0, 0.0, 16.0, 1.0 ], "enabled": false },
								"east": { "texture": "#bricks", "uv": [ 0.0, 9.0, 9.0, 10.0 ] },
								"south": { "texture": "#bricks", "uv": [ 0.0, 9.0, 16.0, 10.0 ] },
								"west": { "texture": "#bricks", "uv": [ 7.0, 9.0, 16.0, 10.0 ] },
								"up": { "texture": "#bricks", "uv": [ 0.0, 0.0, 16.0, 9.0 ], "enabled": false },
								"down": { "texture": "#bricks", "uv": [ 0.0, 0.0, 16.0, 9.0 ], "enabled": false }
							}
						},
						{
							"name": "Wall8",
							"from": [ 0.0, 7.0, 5.5 ], 
							"to": [ 16.0, 8.0, 13.5 ], 
							"rotationOrigin": [ 0.0, 7.0, 5.0 ],
							"rotationX": -1.628443907497612E-12,
							"rotationY": 3.413353627936079E-19,
							"rotationZ": 1.628443907497612E-12,
							"faces": {
								"north": { "texture": "#bricks", "uv": [ 0.0, 0.0, 16.0, 1.0 ], "enabled": false },
								"east": { "texture": "#bricks", "uv": [ 0.0, 8.0, 8.0, 9.0 ] },
								"south": { "texture": "#bricks", "uv": [ 0.0, 8.0, 16.0, 9.0 ] },
								"west": { "texture": "#bricks", "uv": [ 8.0, 8.0, 16.0, 9.0 ] },
								"up": { "texture": "#bricks", "uv": [ 0.0, 0.0, 16.0, 8.0 ], "enabled": false },
								"down": { "texture": "#bricks", "uv": [ 0.0, 0.0, 16.0, 8.0 ], "enabled": false }
							}
						},
						{
							"name": "Wall9",
							"from": [ 0.0, 8.0, 6.5 ], 
							"to": [ 16.0, 9.0, 13.5 ], 
							"rotationOrigin": [ 0.0, 8.0, 7.0 ],
							"rotationX": -1.628443907497612E-12,
							"rotationY": 3.413353627936079E-19,
							"rotationZ": 1.628443907497612E-12,
							"faces": {
								"north": { "texture": "#bricks", "uv": [ 0.0, 0.0, 16.0, 1.0 ], "enabled": false },
								"east": { "texture": "#bricks", "uv": [ 0.0, 7.0, 7.0, 8.0 ] },
								"south": { "texture": "#bricks", "uv": [ 0.0, 7.0, 16.0, 8.0 ] },
								"west": { "texture": "#bricks", "uv": [ 9.0, 7.0, 16.0, 8.0 ] },
								"up": { "texture": "#bricks", "uv": [ 0.0, 0.0, 16.0, 7.0 ], "enabled": false },
								"down": { "texture": "#bricks", "uv": [ 0.0, 0.0, 16.0, 7.0 ], "enabled": false }
							}
						},
						{
							"name": "Wall10",
							"from": [ 0.0, 9.0, 7.5 ], 
							"to": [ 16.0, 10.0, 13.5 ], 
							"rotationOrigin": [ 0.0, 9.0, 8.0 ],
							"rotationX": -1.628443907497612E-12,
							"rotationY": 3.413353627936079E-19,
							"rotationZ": 1.628443907497612E-12,
							"faces": {
								"north": { "texture": "#bricks", "uv": [ 0.0, 0.0, 16.0, 1.0 ], "enabled": false },
								"east": { "texture": "#bricks", "uv": [ 0.0, 6.0, 6.0, 7.0 ] },
								"south": { "texture": "#bricks", "uv": [ 0.0, 6.0, 16.0, 7.0 ] },
								"west": { "texture": "#bricks", "uv": [ 10.0, 6.0, 16.0, 7.0 ] },
								"up": { "texture": "#bricks", "uv": [ 0.0, 0.0, 16.0, 6.0 ], "enabled": false },
								"down": { "texture": "#bricks", "uv": [ 0.0, 0.0, 16.0, 6.0 ], "enabled": false }
							}
						},
						{
							"name": "Wall11",
							"from": [ 0.0, 10.0, 8.5 ], 
							"to": [ 16.0, 11.0, 13.5 ], 
							"rotationOrigin": [ 0.0, 10.0, 9.0 ],
							"rotationX": -1.628443907497612E-12,
							"rotationY": 3.413353627936079E-19,
							"rotationZ": 1.628443907497612E-12,
							"faces": {
								"north": { "texture": "#bricks", "uv": [ 0.0, 0.0, 16.0, 1.0 ], "enabled": false },
								"east": { "texture": "#bricks", "uv": [ 0.0, 5.0, 5.0, 6.0 ] },
								"south": { "texture": "#bricks", "uv": [ 0.0, 5.0, 16.0, 6.0 ] },
								"west": { "texture": "#bricks", "uv": [ 11.0, 5.0, 16.0, 6.0 ] },
								"up": { "texture": "#bricks", "uv": [ 0.0, 0.0, 16.0, 5.0 ], "enabled": false },
								"down": { "texture": "#bricks", "uv": [ 0.0, 0.0, 16.0, 5.0 ], "enabled": false }
							}
						},
						{
							"name": "Wall12",
							"from": [ 0.0, 11.0, 9.5 ], 
							"to": [ 16.0, 12.0, 13.5 ], 
							"rotationOrigin": [ 0.0, 11.0, 10.0 ],
							"rotationX": -1.628443907497612E-12,
							"rotationY": 3.413353627936079E-19,
							"rotationZ": 1.628443907497612E-12,
							"faces": {
								"north": { "texture": "#bricks", "uv": [ 0.0, 0.0, 16.0, 1.0 ], "enabled": false },
								"east": { "texture": "#bricks", "uv": [ 0.0, 4.0, 4.0, 5.0 ] },
								"south": { "texture": "#bricks", "uv": [ 0.0, 4.0, 16.0, 5.0 ] },
								"west": { "texture": "#bricks", "uv": [ 12.0, 4.0, 16.0, 5.0 ] },
								"up": { "texture": "#bricks", "uv": [ 0.0, 0.0, 16.0, 4.0 ], "enabled": false },
								"down": { "texture": "#bricks", "uv": [ 0.0, 0.0, 16.0, 4.0 ], "enabled": false }
							}
						},
						{
							"name": "Wall13",
							"from": [ 0.0, 12.0, 10.5 ], 
							"to": [ 16.0, 13.0, 13.5 ], 
							"rotationOrigin": [ 0.0, 12.0, 11.0 ],
							"rotationX": -1.628443907497612E-12,
							"rotationY": 3.413353627936079E-19,
							"rotationZ": 1.628443907497612E-12,
							"faces": {
								"north": { "texture": "#bricks", "uv": [ 0.0, 0.0, 16.0, 1.0 ], "enabled": false },
								"east": { "texture": "#bricks", "uv": [ 0.0, 3.0, 3.0, 4.0 ] },
								"south": { "texture": "#bricks", "uv": [ 0.0, 3.0, 16.0, 4.0 ] },
								"west": { "texture": "#bricks", "uv": [ 13.0, 3.0, 16.0, 4.0 ] },
								"up": { "texture": "#bricks", "uv": [ 0.0, 0.0, 16.0, 3.0 ], "enabled": false },
								"down": { "texture": "#bricks", "uv": [ 0.0, 0.0, 16.0, 3.0 ], "enabled": false }
							}
						},
						{
							"name": "Wall14",
							"from": [ 0.0, 13.0, 12.5 ], 
							"to": [ 16.0, 14.0, 13.5 ], 
							"rotationOrigin": [ 0.0, 13.0, 13.0 ],
							"rotationX": -1.628443907497612E-12,
							"rotationY": 3.413353627936079E-19,
							"rotationZ": 1.628443907497612E-12,
							"faces": {
								"north": { "texture": "#bricks", "uv": [ 0.0, 0.0, 16.0, 1.0 ], "enabled": false },
								"east": { "texture": "#bricks", "uv": [ 0.0, 2.0, 1.0, 3.0 ] },
								"south": { "texture": "#bricks", "uv": [ 0.0, 2.0, 16.0, 3.0 ] },
								"west": { "texture": "#bricks", "uv": [ 15.0, 2.0, 16.0, 3.0 ] },
								"up": { "texture": "#bricks", "uv": [ 0.0, 0.0, 16.0, 1.0 ], "enabled": false },
								"down": { "texture": "#bricks", "uv": [ 0.0, 0.0, 16.0, 1.0 ], "enabled": false }
							}
						},
						{
							"name": "Wall15",
							"from": [ 0.0, 14.0, 12.5 ], 
							"to": [ 16.0, 16.0, 13.5 ], 
							"rotationOrigin": [ 0.0, 14.0, 13.0 ],
							"rotationX": -1.628443907497612E-12,
							"rotationY": 3.413353627936079E-19,
							"rotationZ": 1.628443907497612E-12,
							"faces": {
								"north": { "texture": "#bricks", "uv": [ 0.0, 0.0, 16.0, 2.0 ], "enabled": false },
								"east": { "texture": "#bricks", "uv": [ 0.0, 2.0, 1.0, 4.0 ], "enabled": false },
								"south": { "texture": "#bricks", "uv": [ 0.0, 0.0, 16.0, 2.0 ], "autoUv": false },
								"west": { "texture": "#bricks", "uv": [ 15.0, 2.0, 16.0, 4.0 ], "enabled": false },
								"up": { "texture": "#bricks", "uv": [ 0.0, 0.0, 16.0, 1.0 ], "enabled": false },
								"down": { "texture": "#bricks", "uv": [ 0.0, 0.0, 16.0, 1.0 ], "enabled": false }
							}
						},
						{
							"name": "Wall55",
							"from": [ 0.0, 0.0, -2.5 ], 
							"to": [ 16.0, 0.5, -1.5 ], 
							"rotationOrigin": [ 0.0, 0.0, -1.5 ],
							"rotationX": -1.628443907497612E-12,
							"rotationY": 3.413353627936079E-19,
							"rotationZ": 1.628443907497612E-12,
							"faces": {
								"north": { "texture": "#bricks", "uv": [ 0.0, 15.0, 16.0, 16.0 ], "autoUv": false },
								"east": { "texture": "#bricks", "uv": [ 0.0, 15.0, 1.0, 15.5 ], "enabled": false },
								"south": { "texture": "#bricks", "uv": [ 0.0, 15.0, 16.0, 15.5 ], "enabled": false },
								"west": { "texture": "#bricks", "uv": [ 1.0, 15.0, 2.0, 15.5 ], "enabled": false },
								"up": { "texture": "#bricks", "uv": [ 0.0, 0.0, 16.0, 1.0 ], "enabled": false },
								"down": { "texture": "#bricks", "uv": [ 0.0, 0.0, 1.0, 16.0 ], "rotation": 90 }
							}
						}
					]
				},
				{
					"name": "Wood supports",
					"from": [ -9.0, -9.2899, 6.8212 ], 
					"to": [ -9.0, -9.2899, 6.8212 ], 
					"rotationOrigin": [ -9.0, -9.2899, 6.8212 ],
					"rotationX": -44.99999028471095,
					"faces": {
						"north": { "texture": "#log", "uv": [ 0.0, 0.0, 0.5, 0.5 ], "enabled": false },
						"east": { "texture": "#log", "uv": [ 0.0, 0.0, 0.5, 0.5 ], "enabled": false },
						"south": { "texture": "#log", "uv": [ 0.0, 0.0, 0.5, 0.5 ], "enabled": false },
						"west": { "texture": "#log", "uv": [ 0.0, 0.0, 0.5, 0.5 ], "enabled": false },
						"up": { "texture": "#log", "uv": [ 0.0, 0.0, 0.5, 0.5 ], "enabled": false },
						"down": { "texture": "#log", "uv": [ 0.0, 0.0, 0.5, 0.5 ], "enabled": false }
					},
					"children": [
						{
							"name": "wood support  left",
							"from": [ 0.0, 0.0, 0.0 ], 
							"to": [ 1.0, 22.5, 2.0 ], 
							"rotationOrigin": [ 0.5, 2.2, -0.8 ],
							"rotationX": -3.415094397496434E-6,
							"faces": {
								"north": { "texture": "#log", "uv": [ 0.0, 0.0, 16.0, 1.5 ], "rotation": 90, "autoUv": false },
								"east": { "texture": "#log", "uv": [ 0.0, 0.0, 16.0, 1.5 ], "rotation": 90, "autoUv": false },
								"south": { "texture": "#log", "uv": [ 0.0, 0.0, 16.0, 1.5 ], "rotation": 90, "autoUv": false },
								"west": { "texture": "#log", "uv": [ 0.0, 0.0, 16.0, 1.5 ], "rotation": 90, "autoUv": false },
								"up": { "texture": "#log", "uv": [ 0.0, 0.0, 1.0, 2.0 ] },
								"down": { "texture": "#log", "uv": [ 0.0, 0.0, 1.0, 2.0 ] }
							}
						},
						{
							"name": "wood support right",
							"from": [ 17.0, 0.0, 0.0 ], 
							"to": [ 18.0, 22.5, 2.0 ], 
							"rotationOrigin": [ 17.5, 2.2, -0.8 ],
							"rotationX": -3.415094397496434E-6,
							"faces": {
								"north": { "texture": "#log", "uv": [ 0.0, 0.0, 16.0, 1.5 ], "rotation": 90, "autoUv": false },
								"east": { "texture": "#log", "uv": [ 0.0, 0.0, 16.0, 1.5 ], "rotation": 90, "autoUv": false },
								"south": { "texture": "#log", "uv": [ 0.0, 0.0, 16.0, 1.5 ], "rotation": 90, "autoUv": false },
								"west": { "texture": "#log", "uv": [ 0.0, 0.0, 16.0, 2.0 ], "rotation": 90, "autoUv": false },
								"up": { "texture": "#log", "uv": [ 0.0, 0.0, 1.0, 2.0 ] },
								"down": { "texture": "#log", "uv": [ 0.0, 0.0, 1.0, 2.0 ] }
							}
						}
					]
				},
				{
					"name": "Insides",
					"from": [ -8.0, -9.0, 5.4999 ], 
					"to": [ 8.0, 11.0, 5.4999 ], 
					"rotationOrigin": [ -7.5, -6.2999, 4.6999 ],
					"rotationX": -44.99999028471095,
					"faces": {
						"north": { "texture": "#log", "uv": [ 0.0, 0.0, 19.5, 16.0 ], "rotation": 90, "enabled": false, "autoUv": false },
						"east": { "texture": "#log", "uv": [ 0.0, 0.0, 16.0, 1.5 ], "rotation": 90, "enabled": false, "autoUv": false },
						"south": { "texture": "#log", "uv": [ 0.0, 0.0, 14.0, 16.0 ], "rotation": 90, "autoUv": false },
						"west": { "texture": "#log", "uv": [ 0.0, 0.5, 16.0, 2.0 ], "rotation": 90, "enabled": false, "autoUv": false },
						"up": { "texture": "#log", "uv": [ 0.0, 0.0, 16.0, 0.5 ], "enabled": false },
						"down": { "texture": "#log", "uv": [ 0.0, 0.0, 16.0, 0.5 ], "enabled": false }
					}
				}
			]
		}
	]}