{
	"editor": {
		"allAngles": false,
		"entityTextureMode": false
	},
	"textureWidth": 16,
	"textureHeight": 16,
	"textureSizes": {
	},
	"textures": {
		"hay": "block/grass/hay/normal-side",
		"string": "item/stonefirekit/string",
		"bundle": "item/stonefirekit/bundle",
		"roge": "item/stonefirekit/roge",
		"stone": "block/stone/rock/shale"
	},
	"elements": [
		{
			"name": "Stone1",
			"from": [ 5.4, 0.0, 5.5 ], 
			"to": [ 8.4, 2.1, 11.0 ], 
			"rotationOrigin": [ 5.5, 0.0, 7.0 ],
			"faces": {
				"north": { "texture": "#stone", "uv": [ 0.0, 8.0, 3.0, 10.0 ] },
				"east": { "texture": "#stone", "uv": [ 10.0, 13.0, 15.5, 15.0 ] },
				"south": { "texture": "#stone", "uv": [ 2.0, 10.0, 5.0, 12.0 ] },
				"west": { "texture": "#stone", "uv": [ 7.0, 5.0, 12.5, 7.0 ] },
				"up": { "texture": "#stone", "uv": [ 5.0, 7.0, 8.0, 12.5 ] },
				"down": { "texture": "#stone", "uv": [ 7.0, 2.0, 10.0, 7.5 ] }
			},
			"children": [
				{
					"name": "Stone2",
					"from": [ 3.1, 0.0, -0.3 ], 
					"to": [ 6.0, 2.0, 5.5 ], 
					"rotationOrigin": [ 3.1, 0.0, 1.5 ],
					"faces": {
						"north": { "texture": "#stone", "uv": [ 0.0, 8.0, 2.5, 10.0 ] },
						"east": { "texture": "#stone", "uv": [ 10.0, 13.0, 15.5, 15.0 ] },
						"south": { "texture": "#stone", "uv": [ 2.0, 10.0, 4.5, 12.0 ] },
						"west": { "texture": "#stone", "uv": [ 7.0, 5.0, 12.5, 7.0 ] },
						"up": { "texture": "#stone", "uv": [ 5.0, 7.0, 7.5, 12.5 ] },
						"down": { "texture": "#stone", "uv": [ 7.0, 2.0, 9.5, 7.5 ] }
					},
					"children": [
						{
							"name": "Stone3",
							"from": [ 1.0002, 2.1, 1.3014 ], 
							"to": [ 4.0002, 4.2, 6.8014 ], 
							"rotationOrigin": [ 1.0, 2.0, 2.8 ],
							"rotationY": -89.9802127184967,
							"faces": {
								"north": { "texture": "#stone", "uv": [ 0.0, 8.0, 3.0, 10.0 ] },
								"east": { "texture": "#stone", "uv": [ 10.0, 13.0, 15.5, 15.0 ] },
								"south": { "texture": "#stone", "uv": [ 2.0, 10.0, 5.0, 12.0 ] },
								"west": { "texture": "#stone", "uv": [ 7.0, 5.0, 12.5, 7.0 ] },
								"up": { "texture": "#stone", "uv": [ 5.0, 7.0, 8.0, 12.5 ] },
								"down": { "texture": "#stone", "uv": [ 7.0, 2.0, 10.0, 7.5 ] }
							}
						}
					]
				},
				{
					"name": "Stone4",
					"from": [ 4.1, 2.1, -2.0 ], 
					"to": [ 7.1, 4.2, 3.5 ], 
					"rotationOrigin": [ 4.1, 2.0, -0.5 ],
					"rotationX": -2.0,
					"rotationY": -90.0,
					"faces": {
						"north": { "texture": "#stone", "uv": [ 0.0, 8.0, 3.0, 10.0 ] },
						"east": { "texture": "#stone", "uv": [ 10.0, 13.0, 15.5, 15.0 ] },
						"south": { "texture": "#stone", "uv": [ 2.0, 10.0, 5.0, 12.0 ] },
						"west": { "texture": "#stone", "uv": [ 7.0, 5.0, 12.5, 7.0 ] },
						"up": { "texture": "#stone", "uv": [ 5.0, 7.0, 8.0, 12.5 ] },
						"down": { "texture": "#stone", "uv": [ 7.0, 2.0, 10.0, 7.5 ] }
					},
					"children": [
						{
							"name": "Stone5",
							"from": [ 2.0, 2.0, 0.6 ], 
							"to": [ 4.9, 4.0, 6.4 ], 
							"rotationOrigin": [ 1.929, 1.8314, 2.5 ],
							"rotationX": 90.00019076868418,
							"rotationY": 88.00001735036892,
							"rotationZ": -90.00019076868418,
							"faces": {
								"north": { "texture": "#stone", "uv": [ 0.0, 8.0, 2.5, 10.0 ] },
								"east": { "texture": "#stone", "uv": [ 10.0, 13.0, 15.5, 15.0 ] },
								"south": { "texture": "#stone", "uv": [ 2.0, 10.0, 4.5, 12.0 ] },
								"west": { "texture": "#stone", "uv": [ 7.0, 5.0, 12.5, 7.0 ] },
								"up": { "texture": "#stone", "uv": [ 5.0, 7.0, 7.5, 12.5 ] },
								"down": { "texture": "#stone", "uv": [ 7.0, 2.0, 9.5, 7.5 ] }
							}
						},
						{
							"name": "Stone6",
							"from": [ 1.929, 2.0, 3.7 ], 
							"to": [ 4.829, 4.0, 9.5 ], 
							"rotationOrigin": [ 1.929, 1.8314, 5.5 ],
							"rotationX": 90.00019076868418,
							"rotationY": 88.00001735036892,
							"rotationZ": -90.00019076868418,
							"faces": {
								"north": { "texture": "#stone", "uv": [ 0.0, 8.0, 2.5, 10.0 ] },
								"east": { "texture": "#stone", "uv": [ 10.0, 13.0, 15.5, 15.0 ] },
								"south": { "texture": "#stone", "uv": [ 2.0, 10.0, 4.5, 12.0 ] },
								"west": { "texture": "#stone", "uv": [ 7.0, 5.0, 12.5, 7.0 ] },
								"up": { "texture": "#stone", "uv": [ 5.0, 7.0, 7.5, 12.5 ] },
								"down": { "texture": "#stone", "uv": [ 7.0, 2.0, 9.5, 7.5 ] }
							}
						}
					]
				}
			]
		},
		{
			"name": "Rope Main L",
			"from": [ 8.0, 4.0, 8.0 ], 
			"to": [ 8.0, 4.0, 8.0 ], 
			"rotationOrigin": [ 8.0, 4.0, 8.0 ],
			"faces": {
				"north": { "texture": "#null", "uv": [ 0.0, 0.0, 0.5, 0.5 ] },
				"east": { "texture": "#null", "uv": [ 0.0, 0.0, 0.5, 0.5 ] },
				"south": { "texture": "#null", "uv": [ 0.0, 0.0, 0.5, 0.5 ] },
				"west": { "texture": "#null", "uv": [ 0.0, 0.0, 0.5, 0.5 ] },
				"up": { "texture": "#null", "uv": [ 0.0, 0.0, 0.5, 0.5 ] },
				"down": { "texture": "#null", "uv": [ 0.0, 0.0, 0.5, 0.5 ] }
			},
			"children": [
				{
					"name": "Rope2",
					"from": [ -1.6, -2.0, -3.2 ], 
					"to": [ -1.3, 0.0, -2.9 ], 
					"rotationOrigin": [ -1.6, -3.0, -3.5 ],
					"rotationX": -2.0,
					"faces": {
						"north": { "texture": "#roge", "uv": [ 0.0, 0.5, 0.5, 2.5 ] },
						"east": { "texture": "#roge", "uv": [ 0.0, 0.5, 0.5, 2.5 ] },
						"south": { "texture": "#roge", "uv": [ 0.0, 0.5, 0.5, 2.5 ] },
						"west": { "texture": "#roge", "uv": [ 0.0, 0.5, 0.5, 2.5 ] },
						"up": { "texture": "#roge", "uv": [ 0.0, 0.0, 0.5, 0.5 ] },
						"down": { "texture": "#roge", "uv": [ 0.0, 0.0, 0.5, 0.5 ] }
					}
				},
				{
					"name": "Rope1",
					"from": [ -1.6, 0.0, -3.3 ], 
					"to": [ -1.3, 2.1, -3.0 ], 
					"rotationOrigin": [ -1.6, 0.0, -3.5 ],
					"rotationX": 1.255769125046343E-6,
					"rotationY": 3.92254764528498E-6,
					"rotationZ": -6.403301995305826E-7,
					"faces": {
						"north": { "texture": "#roge", "uv": [ 0.0, 0.5, 0.5, 2.5 ] },
						"east": { "texture": "#roge", "uv": [ 0.0, 0.5, 0.5, 2.5 ] },
						"south": { "texture": "#roge", "uv": [ 0.0, 0.5, 0.5, 2.5 ] },
						"west": { "texture": "#roge", "uv": [ 0.0, 0.5, 0.5, 2.5 ] },
						"up": { "texture": "#roge", "uv": [ 0.0, 0.0, 0.5, 0.5 ] },
						"down": { "texture": "#roge", "uv": [ 0.0, 0.0, 0.5, 0.5 ] }
					}
				},
				{
					"name": "Rope4",
					"from": [ -1.6, 2.3, -3.0 ], 
					"to": [ -1.3, 2.6, -0.8 ], 
					"rotationOrigin": [ -1.6, 2.1293, -2.2879 ],
					"rotationX": -30.0,
					"rotationY": 3.92254764528498E-6,
					"rotationZ": -6.403300977528383E-7,
					"faces": {
						"north": { "texture": "#roge", "uv": [ 0.0, 0.5, 0.5, 1.0 ], "autoUv": false },
						"east": { "texture": "#roge", "uv": [ 0.0, 0.5, 0.5, 2.5 ], "rotation": 90 },
						"south": { "texture": "#roge", "uv": [ 0.0, 0.5, 0.5, 1.0 ] },
						"west": { "texture": "#roge", "uv": [ 0.0, 0.5, 0.5, 2.5 ], "rotation": 90 },
						"up": { "texture": "#roge", "uv": [ 0.0, 0.5, 0.5, 2.5 ] },
						"down": { "texture": "#roge", "uv": [ 0.0, 0.5, 0.5, 2.5 ] }
					}
				},
				{
					"name": "Rope5",
					"from": [ -1.6, -4.0, -2.95 ], 
					"to": [ -1.3, -2.0, -2.65 ], 
					"rotationOrigin": [ -1.6, -5.0, -3.5 ],
					"rotationX": -6.0,
					"faces": {
						"north": { "texture": "#roge", "uv": [ 0.0, 0.5, 0.5, 2.5 ] },
						"east": { "texture": "#roge", "uv": [ 0.0, 0.5, 0.5, 2.5 ] },
						"south": { "texture": "#roge", "uv": [ 0.0, 0.5, 0.5, 2.5 ] },
						"west": { "texture": "#roge", "uv": [ 0.0, 0.5, 0.5, 2.5 ] },
						"up": { "texture": "#roge", "uv": [ 0.0, 0.0, 0.5, 0.5 ] },
						"down": { "texture": "#roge", "uv": [ 0.0, 0.0, 0.5, 0.5 ] }
					}
				},
				{
					"name": "Rope3",
					"from": [ -1.6, 3.0, -1.2 ], 
					"to": [ -1.3, 3.3, 0.0 ], 
					"rotationOrigin": [ -1.6, 3.2211, -2.4703 ],
					"rotationY": 3.922546831063026E-6,
					"rotationZ": -6.403300977528383E-7,
					"faces": {
						"north": { "texture": "#roge", "uv": [ 0.0, 0.0, 0.5, 0.5 ] },
						"east": { "texture": "#roge", "uv": [ 0.0, 0.0, 1.0, 0.5 ] },
						"south": { "texture": "#roge", "uv": [ 0.0, 0.0, 0.5, 0.5 ] },
						"west": { "texture": "#roge", "uv": [ 0.0, 0.0, 1.0, 0.5 ] },
						"up": { "texture": "#roge", "uv": [ 0.0, 0.0, 0.5, 1.0 ] },
						"down": { "texture": "#roge", "uv": [ 0.0, 0.0, 0.5, 1.0 ] }
					}
				},
				{
					"name": "Rope6",
					"from": [ -1.6, 3.35, 0.0 ], 
					"to": [ -1.3, 3.65, 3.2 ], 
					"rotationOrigin": [ -1.6, 3.2211, -1.4703 ],
					"rotationX": 15.0,
					"rotationY": 3.922546831063026E-6,
					"rotationZ": -6.403300977528383E-7,
					"faces": {
						"north": { "texture": "#roge", "uv": [ 0.0, 0.0, 0.5, 0.5 ] },
						"east": { "texture": "#roge", "uv": [ 0.0, 0.0, 3.0, 0.5 ] },
						"south": { "texture": "#roge", "uv": [ 0.0, 0.0, 0.5, 0.5 ] },
						"west": { "texture": "#roge", "uv": [ 0.0, 0.0, 3.0, 0.5 ] },
						"up": { "texture": "#roge", "uv": [ 0.0, 0.0, 0.5, 3.0 ] },
						"down": { "texture": "#roge", "uv": [ 0.0, 0.0, 0.5, 3.0 ] }
					}
				},
				{
					"name": "Rope7",
					"from": [ -1.6, -4.1, 2.9 ], 
					"to": [ -1.3, 2.2, 3.2 ], 
					"rotationOrigin": [ -1.6, -4.7789, 1.5297 ],
					"rotationY": 3.922546831063026E-6,
					"rotationZ": -6.403300977528383E-7,
					"faces": {
						"north": { "texture": "#roge", "uv": [ 0.0, 0.0, 0.5, 6.0 ] },
						"east": { "texture": "#roge", "uv": [ 0.0, 0.0, 0.5, 6.0 ] },
						"south": { "texture": "#roge", "uv": [ 0.0, 0.0, 0.5, 6.0 ] },
						"west": { "texture": "#roge", "uv": [ 0.0, 0.0, 0.5, 6.0 ] },
						"up": { "texture": "#roge", "uv": [ 0.0, 0.0, 0.5, 0.5 ] },
						"down": { "texture": "#roge", "uv": [ 0.0, 0.0, 0.5, 0.5 ] }
					}
				},
				{
					"name": "Rope8",
					"from": [ -1.6, -4.2, -2.9 ], 
					"to": [ -1.3, -3.9, 3.1 ], 
					"rotationOrigin": [ -1.6, -4.8, -3.1 ],
					"rotationY": 3.922546831063026E-6,
					"rotationZ": -6.403300468639662E-7,
					"faces": {
						"north": { "texture": "#roge", "uv": [ 0.0, 0.0, 0.5, 0.5 ] },
						"east": { "texture": "#roge", "uv": [ 0.0, 0.0, 6.0, 0.5 ] },
						"south": { "texture": "#roge", "uv": [ 0.0, 0.0, 0.5, 0.5 ] },
						"west": { "texture": "#roge", "uv": [ 0.0, 0.0, 6.0, 0.5 ] },
						"up": { "texture": "#roge", "uv": [ 0.0, 0.0, 0.5, 6.0 ] },
						"down": { "texture": "#roge", "uv": [ 0.0, 0.0, 0.5, 6.0 ] }
					}
				}
			]
		},
		{
			"name": "origin",
			"from": [ 8.5, 4.8, 7.23 ], 
			"to": [ 8.5, 4.8, 7.23 ], 
			"rotationOrigin": [ 9.2256, 5.0, 7.2256 ],
			"faces": {
				"north": { "texture": "#null", "uv": [ 0.0, 0.0, 0.5, 0.5 ], "enabled": false },
				"east": { "texture": "#null", "uv": [ 0.0, 0.0, 0.5, 0.5 ], "enabled": false },
				"south": { "texture": "#null", "uv": [ 0.0, 0.0, 0.5, 0.5 ], "enabled": false },
				"west": { "texture": "#null", "uv": [ 0.0, 0.0, 0.5, 0.5 ], "enabled": false },
				"up": { "texture": "#null", "uv": [ 0.0, 0.0, 0.5, 0.5 ], "enabled": false },
				"down": { "texture": "#null", "uv": [ 0.0, 0.0, 0.5, 0.5 ], "enabled": false }
			},
			"children": [
				{
					"name": "body",
					"from": [ -1.6128, 1.008, -0.6048 ], 
					"to": [ 1.6128, 2.2176, 0.8952 ], 
					"rotationOrigin": [ 0.0, 1.6128, 0.0 ],
					"faces": {
						"north": { "texture": "#bundle", "uv": [ 1.5, 5.0, 2.5, 8.0 ], "rotation": 90 },
						"east": { "texture": "#bundle", "uv": [ 0.5, 13.0, 2.0, 14.0 ] },
						"south": { "texture": "#bundle", "uv": [ 1.5, 4.0, 2.5, 7.0 ], "rotation": 90 },
						"west": { "texture": "#bundle", "uv": [ 3.0, 13.5, 4.5, 14.5 ] },
						"up": { "texture": "#bundle", "uv": [ 1.5, 5.0, 3.0, 8.0 ], "rotation": 90 },
						"down": { "texture": "#bundle", "uv": [ 2.5, 5.0, 4.0, 8.0 ], "rotation": 90 }
					},
					"children": [
						{
							"name": "Right",
							"from": [ 3.0643, 0.0, 0.2 ], 
							"to": [ 4.0803, 0.4032, 0.6032 ], 
							"rotationOrigin": [ 3.0643, 0.2016, 0.2016 ],
							"rotationX": 19.0,
							"rotationY": 14.0,
							"rotationZ": -19.0,
							"faces": {
								"north": { "texture": "#bundle", "uv": [ 8.0, 1.0, 8.5, 2.0 ], "rotation": 270 },
								"east": { "texture": "#bundle", "uv": [ 5.5, 4.5, 6.0, 5.0 ], "enabled": false },
								"south": { "texture": "#bundle", "uv": [ 9.0, 0.5, 9.5, 1.5 ], "rotation": 90 },
								"west": { "texture": "#bundle", "uv": [ 0.0, 0.0, 0.5, 0.5 ], "enabled": false },
								"up": { "texture": "#bundle", "uv": [ 4.0, 2.0, 4.5, 3.0 ], "rotation": 90 },
								"down": { "texture": "#bundle", "uv": [ 2.0, 1.5, 2.5, 2.5 ], "rotation": 270 }
							},
							"children": [
								{
									"name": "Right4",
									"from": [ -0.1882, 0.7416, -0.2547 ], 
									"to": [ 1.8278, 1.1448, 0.1485 ], 
									"rotationOrigin": [ -0.1882, 0.9432, -0.0531 ],
									"rotationX": 17.598958916961077,
									"rotationY": 15.44999258663293,
									"rotationZ": 37.806565515663756,
									"faces": {
										"north": { "texture": "#bundle", "uv": [ 9.0, 0.5, 9.5, 2.5 ], "rotation": 270 },
										"east": { "texture": "#bundle", "uv": [ 5.5, 4.5, 6.0, 5.0 ], "enabled": false },
										"south": { "texture": "#bundle", "uv": [ 6.0, 2.0, 6.5, 4.0 ], "rotation": 90 },
										"west": { "texture": "#bundle", "uv": [ 0.0, 0.0, 0.5, 0.5 ], "enabled": false },
										"up": { "texture": "#bundle", "uv": [ 4.0, 2.0, 4.5, 4.0 ], "rotation": 90 },
										"down": { "texture": "#bundle", "uv": [ 5.0, 2.5, 5.5, 4.5 ], "rotation": 270, "autoUv": false }
									}
								},
								{
									"name": "Right6",
									"from": [ -0.2594, 0.3192, 0.1022 ], 
									"to": [ 1.7566, 1.1256, 0.9086 ], 
									"rotationOrigin": [ -0.2594, 0.7224, 0.5054 ],
									"rotationX": -18.769652906951798,
									"rotationY": -13.669315343943461,
									"rotationZ": 6.854432377102377,
									"faces": {
										"north": { "texture": "#bundle", "uv": [ 4.0, 2.0, 4.5, 4.0 ], "rotation": 270 },
										"east": { "texture": "#bundle", "uv": [ 5.5, 4.5, 6.0, 5.0 ], "enabled": false },
										"south": { "texture": "#bundle", "uv": [ 5.0, 2.0, 5.5, 4.0 ], "rotation": 90 },
										"west": { "texture": "#bundle", "uv": [ 0.0, 0.0, 0.5, 0.5 ], "enabled": false },
										"up": { "texture": "#bundle", "uv": [ 8.0, 1.0, 8.5, 3.0 ], "rotation": 90 },
										"down": { "texture": "#bundle", "uv": [ 8.5, 5.0, 9.0, 7.0 ], "rotation": 270 }
									}
								},
								{
									"name": "Right7",
									"from": [ -0.641, 0.5229, 0.0813 ], 
									"to": [ 1.375, 0.9261, 0.4845 ], 
									"rotationOrigin": [ -0.641, 0.7245, 0.2829 ],
									"rotationX": 12.155168691885633,
									"rotationY": -7.2812954194698944,
									"rotationZ": 49.11542280295781,
									"faces": {
										"north": { "texture": "#bundle", "uv": [ 9.0, 0.5, 9.5, 2.5 ], "rotation": 270 },
										"east": { "texture": "#bundle", "uv": [ 5.5, 4.5, 6.0, 5.0 ], "enabled": false },
										"south": { "texture": "#bundle", "uv": [ 9.0, 0.5, 9.5, 2.5 ], "rotation": 90 },
										"west": { "texture": "#bundle", "uv": [ 0.0, 0.0, 0.5, 0.5 ], "enabled": false },
										"up": { "texture": "#bundle", "uv": [ 0.5, 1.5, 1.0, 3.5 ], "rotation": 90 },
										"down": { "texture": "#bundle", "uv": [ 4.0, 1.5, 4.5, 3.5 ], "rotation": 270 }
									}
								},
								{
									"name": "Right8",
									"from": [ -0.243, 0.5972, 0.6417 ], 
									"to": [ 0.9666, 1.0004, 1.0449 ], 
									"rotationOrigin": [ -0.243, 0.7988, 0.8433 ],
									"rotationX": 1.494612958359134,
									"rotationY": -49.40589229349942,
									"rotationZ": 22.58540572674873,
									"faces": {
										"north": { "texture": "#bundle", "uv": [ 4.0, 2.0, 4.5, 4.0 ], "rotation": 270, "autoUv": false },
										"east": { "texture": "#bundle", "uv": [ 5.5, 4.5, 6.0, 5.0 ], "enabled": false },
										"south": { "texture": "#bundle", "uv": [ 6.5, 2.5, 7.0, 3.5 ], "rotation": 90 },
										"west": { "texture": "#bundle", "uv": [ 0.0, 0.0, 0.5, 0.5 ], "enabled": false },
										"up": { "texture": "#bundle", "uv": [ 2.5, 1.5, 3.0, 2.5 ], "rotation": 90 },
										"down": { "texture": "#bundle", "uv": [ 2.5, 1.5, 3.0, 2.5 ], "rotation": 270 }
									}
								},
								{
									"name": "Right9",
									"from": [ -0.0941, 0.3708, -0.1274 ], 
									"to": [ 1.5187, 0.774, 0.2758 ], 
									"rotationOrigin": [ -0.0941, 0.5724, 0.0742 ],
									"rotationX": -9.821010178773909,
									"rotationY": 26.35260309358268,
									"rotationZ": 21.304547415930287,
									"faces": {
										"north": { "texture": "#bundle", "uv": [ 4.0, 2.0, 4.5, 3.5 ], "rotation": 270 },
										"east": { "texture": "#bundle", "uv": [ 5.5, 4.5, 6.0, 5.0 ], "enabled": false },
										"south": { "texture": "#bundle", "uv": [ 9.0, 0.5, 9.5, 2.0 ], "rotation": 90 },
										"west": { "texture": "#bundle", "uv": [ 0.0, 0.0, 0.5, 0.5 ], "enabled": false },
										"up": { "texture": "#bundle", "uv": [ 8.0, 2.0, 8.5, 3.5 ], "rotation": 90 },
										"down": { "texture": "#bundle", "uv": [ 2.5, 2.0, 3.0, 3.5 ], "rotation": 270 }
									}
								},
								{
									"name": "Right10",
									"from": [ -0.706, 0.57, 0.2663 ], 
									"to": [ 0.9068, 0.9732, 0.6695 ], 
									"rotationOrigin": [ -0.706, 0.7716, 0.4679 ],
									"rotationX": 36.217580792664535,
									"rotationY": -49.74564746933195,
									"rotationZ": 33.57353115905192,
									"faces": {
										"north": { "texture": "#bundle", "uv": [ 4.0, 2.0, 4.5, 3.5 ], "rotation": 270 },
										"east": { "texture": "#bundle", "uv": [ 5.5, 4.5, 6.0, 5.0 ], "enabled": false },
										"south": { "texture": "#bundle", "uv": [ 6.0, 2.5, 6.5, 4.0 ], "rotation": 90 },
										"west": { "texture": "#bundle", "uv": [ 0.0, 0.0, 0.5, 0.5 ], "enabled": false },
										"up": { "texture": "#bundle", "uv": [ 2.5, 1.5, 3.0, 3.0 ], "rotation": 90 },
										"down": { "texture": "#bundle", "uv": [ 2.0, 1.5, 2.5, 3.0 ], "rotation": 270 }
									}
								}
							]
						},
						{
							"name": "Left12",
							"from": [ -1.3709, 0.8064, 0.35 ], 
							"to": [ 0.2419, 1.2096, 0.7532 ], 
							"rotationOrigin": [ 0.2419, 1.008, 0.3226 ],
							"rotationY": -3.0,
							"rotationZ": -19.0,
							"faces": {
								"north": { "texture": "#bundle", "uv": [ 4.0, 1.5, 4.5, 3.0 ], "rotation": 90 },
								"east": { "texture": "#bundle", "uv": [ 0.0, 0.0, 0.5, 0.5 ], "enabled": false },
								"south": { "texture": "#bundle", "uv": [ 0.5, 1.5, 1.0, 3.0 ], "rotation": 270 },
								"west": { "texture": "#bundle", "uv": [ 0.0, 0.0, 0.5, 0.5 ], "enabled": false },
								"up": { "texture": "#bundle", "uv": [ 9.0, 0.5, 9.5, 2.0 ], "rotation": 270 },
								"down": { "texture": "#bundle", "uv": [ 10.0, 1.0, 10.5, 2.5 ], "rotation": 90 }
							},
							"children": [
								{
									"name": "Left17",
									"from": [ -0.2608, -0.42, -0.0403 ], 
									"to": [ 1.7552, -0.0168, 0.3629 ], 
									"rotationOrigin": [ 1.7552, -0.2184, 0.1613 ],
									"rotationX": 13.308089413588357,
									"rotationY": -33.76320083379349,
									"rotationZ": 17.055198955817108,
									"faces": {
										"north": { "texture": "#bundle", "uv": [ 9.0, 0.5, 9.5, 2.5 ], "rotation": 90 },
										"east": { "texture": "#bundle", "uv": [ 0.0, 0.0, 0.5, 0.5 ], "enabled": false },
										"south": { "texture": "#bundle", "uv": [ 10.0, 1.0, 10.5, 3.0 ], "rotation": 270 },
										"west": { "texture": "#bundle", "uv": [ 0.0, 0.0, 0.5, 0.5 ], "enabled": false },
										"up": { "texture": "#bundle", "uv": [ 9.5, 1.5, 10.0, 3.5 ], "rotation": 270 },
										"down": { "texture": "#bundle", "uv": [ 3.5, 2.5, 4.0, 4.5 ], "rotation": 90 }
									}
								},
								{
									"name": "Left13",
									"from": [ 0.0602, -0.0645, 0.6845 ], 
									"to": [ 1.673, 0.3387, 1.0877 ], 
									"rotationOrigin": [ 1.673, 0.1371, 0.8861 ],
									"rotationX": -9.82101034129177,
									"rotationY": 26.35260499915877,
									"rotationZ": 27.304545947052084,
									"faces": {
										"north": { "texture": "#bundle", "uv": [ 10.0, 1.0, 10.5, 2.5 ], "rotation": 90 },
										"east": { "texture": "#bundle", "uv": [ 0.0, 0.0, 0.5, 0.5 ], "enabled": false },
										"south": { "texture": "#bundle", "uv": [ 9.0, 0.5, 9.5, 2.0 ], "rotation": 270 },
										"west": { "texture": "#bundle", "uv": [ 0.0, 0.0, 0.5, 0.5 ], "enabled": false },
										"up": { "texture": "#bundle", "uv": [ 9.0, 0.5, 9.5, 2.0 ], "rotation": 270 },
										"down": { "texture": "#bundle", "uv": [ 9.0, 0.5, 9.5, 2.0 ], "rotation": 90 }
									}
								},
								{
									"name": "Left15",
									"from": [ -0.2842, -0.5018, -4.0E-4 ], 
									"to": [ 1.7318, 0.3046, 0.806 ], 
									"rotationOrigin": [ 1.7318, -0.0986, 0.4834 ],
									"rotationX": -40.147706523007095,
									"rotationY": -13.311318047115105,
									"rotationZ": 24.41841301847105,
									"faces": {
										"north": { "texture": "#bundle", "uv": [ 4.0, 2.0, 4.5, 4.0 ], "rotation": 90 },
										"east": { "texture": "#bundle", "uv": [ 0.0, 0.0, 0.5, 0.5 ], "enabled": false },
										"south": { "texture": "#bundle", "uv": [ 1.5, 1.5, 2.0, 3.5 ], "rotation": 270 },
										"west": { "texture": "#bundle", "uv": [ 0.0, 0.0, 0.5, 0.5 ], "enabled": false },
										"up": { "texture": "#bundle", "uv": [ 4.0, 2.0, 4.5, 4.0 ], "rotation": 270 },
										"down": { "texture": "#bundle", "uv": [ 9.0, 0.5, 9.5, 2.5 ], "rotation": 90 }
									}
								},
								{
									"name": "Left16",
									"from": [ -0.3721, -0.0319, 0.3623 ], 
									"to": [ 1.6439, 0.3713, 0.7655 ], 
									"rotationOrigin": [ 1.6439, 0.1697, 0.5639 ],
									"rotationX": -42.62712394966707,
									"rotationY": 15.182473564283777,
									"rotationZ": 11.641129263737328,
									"faces": {
										"north": { "texture": "#bundle", "uv": [ 10.0, 1.0, 10.5, 3.0 ], "rotation": 90 },
										"east": { "texture": "#bundle", "uv": [ 0.0, 0.0, 0.5, 0.5 ], "enabled": false },
										"south": { "texture": "#bundle", "uv": [ 9.0, 0.5, 9.5, 2.5 ], "rotation": 270 },
										"west": { "texture": "#bundle", "uv": [ 0.0, 0.0, 0.5, 0.5 ], "enabled": false },
										"up": { "texture": "#bundle", "uv": [ 4.0, 2.0, 4.5, 4.0 ], "rotation": 270 },
										"down": { "texture": "#bundle", "uv": [ 9.0, 0.5, 9.5, 2.5 ], "rotation": 90 }
									}
								}
							]
						},
						{
							"name": "tie20",
							"from": [ 1.6934, -0.121, -0.121 ], 
							"to": [ 1.895, 1.2902, 1.579 ], 
							"rotationOrigin": [ 1.8547, 0.6854, 0.6854 ],
							"faces": {
								"north": { "texture": "#string", "uv": [ 2.5, 0.0, 3.0, 1.0 ], "autoUv": false },
								"east": { "texture": "#string", "uv": [ 0.0, 0.0, 3.5, 0.5 ], "autoUv": false },
								"south": { "texture": "#string", "uv": [ 8.0, 0.0, 8.5, 1.0 ], "autoUv": false },
								"west": { "texture": "#string", "uv": [ 4.0, 0.0, 5.5, 1.0 ] },
								"up": { "texture": "#string", "uv": [ 12.0, 0.0, 12.5, 1.5 ] },
								"down": { "texture": "#string", "uv": [ 0.0, 0.0, 0.5, 1.5 ] }
							}
						},
						{
							"name": "tie21",
							"from": [ 0.4838, -0.121, -0.121 ], 
							"to": [ 0.6854, 1.2902, 1.579 ], 
							"rotationOrigin": [ 0.6451, 0.6048, 0.6048 ],
							"rotationY": 14.0,
							"faces": {
								"north": { "texture": "#string", "uv": [ 0.0, 0.0, 0.5, 1.0 ] },
								"east": { "texture": "#string", "uv": [ 0.0, 0.0, 1.5, 1.0 ] },
								"south": { "texture": "#string", "uv": [ 0.0, 0.0, 0.5, 1.0 ] },
								"west": { "texture": "#string", "uv": [ 0.0, 0.0, 1.5, 1.0 ] },
								"up": { "texture": "#string", "uv": [ 0.0, 0.0, 0.5, 1.5 ] },
								"down": { "texture": "#string", "uv": [ 0.0, 0.0, 0.5, 1.5 ] }
							}
						},
						{
							"name": "tie22",
							"from": [ 2.4998, -0.121, -0.121 ], 
							"to": [ 2.7014, 1.2902, 1.679 ], 
							"rotationOrigin": [ 2.6611, 0.6854, 0.6854 ],
							"rotationY": -17.0,
							"faces": {
								"north": { "texture": "#string", "uv": [ 2.0, 0.0, 2.5, 1.0 ] },
								"east": { "texture": "#string", "uv": [ 5.0, 0.0, 6.5, 1.0 ] },
								"south": { "texture": "#string", "uv": [ 2.0, 0.0, 2.5, 1.0 ] },
								"west": { "texture": "#string", "uv": [ 4.0, 0.0, 5.5, 1.0 ] },
								"up": { "texture": "#string", "uv": [ 12.0, 0.0, 12.5, 1.5 ] },
								"down": { "texture": "#string", "uv": [ 0.0, 0.0, 0.5, 1.5 ] }
							}
						}
					]
				}
			]
		},
		{
			"name": "Rope Main M",
			"from": [ 10.0, 4.0, 8.0 ], 
			"to": [ 10.0, 4.0, 8.0 ], 
			"rotationOrigin": [ 10.0, 4.0, 8.0 ],
			"faces": {
				"north": { "texture": "#roge", "uv": [ 0.0, 0.0, 0.5, 0.5 ] },
				"east": { "texture": "#roge", "uv": [ 0.0, 0.0, 0.5, 0.5 ] },
				"south": { "texture": "#roge", "uv": [ 0.0, 0.0, 0.5, 0.5 ] },
				"west": { "texture": "#roge", "uv": [ 0.0, 0.0, 0.5, 0.5 ] },
				"up": { "texture": "#roge", "uv": [ 0.0, 0.0, 0.5, 0.5 ] },
				"down": { "texture": "#roge", "uv": [ 0.0, 0.0, 0.5, 0.5 ] }
			},
			"children": [
				{
					"name": "Rope35",
					"from": [ -1.6, -2.0, -3.2 ], 
					"to": [ -1.3, 0.0, -2.9 ], 
					"rotationOrigin": [ -1.6, -3.0, -3.5 ],
					"rotationX": -2.0,
					"faces": {
						"north": { "texture": "#roge", "uv": [ 0.0, 0.0, 0.5, 2.0 ] },
						"east": { "texture": "#roge", "uv": [ 0.0, 0.0, 0.5, 2.0 ] },
						"south": { "texture": "#roge", "uv": [ 0.0, 0.0, 0.5, 2.0 ] },
						"west": { "texture": "#roge", "uv": [ 0.0, 0.0, 0.5, 2.0 ] },
						"up": { "texture": "#roge", "uv": [ 0.0, 0.0, 0.5, 0.5 ] },
						"down": { "texture": "#roge", "uv": [ 0.0, 0.0, 0.5, 0.5 ] }
					}
				},
				{
					"name": "Rope36",
					"from": [ -1.6, 0.0, -3.3 ], 
					"to": [ -1.3, 2.1, -3.0 ], 
					"rotationOrigin": [ -1.6, 0.0, -3.5 ],
					"rotationX": 1.255769125046343E-6,
					"rotationY": 3.92254764528498E-6,
					"rotationZ": -6.403301995305826E-7,
					"faces": {
						"north": { "texture": "#roge", "uv": [ 0.0, 0.0, 2.0, 0.5 ], "rotation": 90 },
						"east": { "texture": "#roge", "uv": [ 0.0, 0.0, 0.5, 2.0 ] },
						"south": { "texture": "#roge", "uv": [ 0.0, 0.0, 0.5, 2.0 ] },
						"west": { "texture": "#roge", "uv": [ 0.0, 0.0, 0.5, 2.0 ] },
						"up": { "texture": "#roge", "uv": [ 0.0, 0.0, 0.5, 0.5 ] },
						"down": { "texture": "#roge", "uv": [ 0.0, 0.0, 0.5, 0.5 ] }
					}
				},
				{
					"name": "Rope37",
					"from": [ -1.6, 2.3, -3.0 ], 
					"to": [ -1.3, 2.6, -0.8 ], 
					"rotationOrigin": [ -1.6, 2.1293, -2.2879 ],
					"rotationX": -30.0,
					"rotationY": 3.92254764528498E-6,
					"rotationZ": -6.403300977528383E-7,
					"faces": {
						"north": { "texture": "#roge", "uv": [ 0.0, 0.0, 0.5, 0.5 ] },
						"east": { "texture": "#roge", "uv": [ 0.0, 0.0, 2.0, 0.5 ] },
						"south": { "texture": "#roge", "uv": [ 0.0, 0.0, 0.5, 0.5 ] },
						"west": { "texture": "#roge", "uv": [ 0.0, 0.0, 2.0, 0.5 ] },
						"up": { "texture": "#roge", "uv": [ 0.0, 0.0, 0.5, 2.0 ] },
						"down": { "texture": "#roge", "uv": [ 0.0, 0.0, 0.5, 2.0 ] }
					}
				},
				{
					"name": "Rope38",
					"from": [ -1.6, -4.0, -2.95 ], 
					"to": [ -1.3, -2.0, -2.65 ], 
					"rotationOrigin": [ -1.6, -5.0, -3.5 ],
					"rotationX": -6.0,
					"faces": {
						"north": { "texture": "#roge", "uv": [ 0.0, 0.0, 0.5, 2.0 ] },
						"east": { "texture": "#roge", "uv": [ 0.0, 0.0, 0.5, 2.0 ] },
						"south": { "texture": "#roge", "uv": [ 0.0, 0.0, 0.5, 2.0 ] },
						"west": { "texture": "#roge", "uv": [ 0.0, 0.0, 0.5, 2.0 ] },
						"up": { "texture": "#roge", "uv": [ 0.0, 0.0, 0.5, 0.5 ] },
						"down": { "texture": "#roge", "uv": [ 0.0, 0.0, 0.5, 0.5 ] }
					}
				},
				{
					"name": "Rope39",
					"from": [ -1.6, 3.0, -1.2 ], 
					"to": [ -1.3, 3.3, 0.0 ], 
					"rotationOrigin": [ -1.6, 3.2211, -2.4703 ],
					"rotationY": 3.922546831063026E-6,
					"rotationZ": -6.403300977528383E-7,
					"faces": {
						"north": { "texture": "#roge", "uv": [ 0.0, 0.0, 0.5, 0.5 ] },
						"east": { "texture": "#roge", "uv": [ 0.0, 0.0, 1.0, 0.5 ] },
						"south": { "texture": "#roge", "uv": [ 0.0, 0.0, 0.5, 0.5 ] },
						"west": { "texture": "#roge", "uv": [ 0.0, 0.0, 1.0, 0.5 ] },
						"up": { "texture": "#roge", "uv": [ 0.0, 0.0, 0.5, 1.0 ] },
						"down": { "texture": "#roge", "uv": [ 0.0, 0.0, 0.5, 1.0 ] }
					}
				},
				{
					"name": "Rope40",
					"from": [ -1.6, 3.35, 0.0 ], 
					"to": [ -1.3, 3.65, 3.2 ], 
					"rotationOrigin": [ -1.6, 3.2211, -1.4703 ],
					"rotationX": 15.0,
					"rotationY": 3.922546831063026E-6,
					"rotationZ": -6.403300977528383E-7,
					"faces": {
						"north": { "texture": "#roge", "uv": [ 0.0, 0.0, 0.5, 0.5 ] },
						"east": { "texture": "#roge", "uv": [ 0.0, 0.0, 3.0, 0.5 ] },
						"south": { "texture": "#roge", "uv": [ 0.0, 0.0, 0.5, 0.5 ] },
						"west": { "texture": "#roge", "uv": [ 0.0, 0.0, 3.0, 0.5 ] },
						"up": { "texture": "#roge", "uv": [ 0.0, 0.0, 0.5, 3.0 ] },
						"down": { "texture": "#roge", "uv": [ 0.0, 0.0, 0.5, 3.0 ] }
					}
				},
				{
					"name": "Rope41",
					"from": [ -1.6, -4.1, 2.9 ], 
					"to": [ -1.3, 2.2, 3.2 ], 
					"rotationOrigin": [ -1.6, -4.7789, 1.5297 ],
					"rotationY": 3.922546831063026E-6,
					"rotationZ": -6.403300977528383E-7,
					"faces": {
						"north": { "texture": "#roge", "uv": [ 0.0, 0.0, 0.5, 6.0 ] },
						"east": { "texture": "#roge", "uv": [ 0.0, 0.0, 0.5, 6.0 ] },
						"south": { "texture": "#roge", "uv": [ 0.0, 0.0, 0.5, 6.0 ] },
						"west": { "texture": "#roge", "uv": [ 0.0, 0.0, 0.5, 6.0 ] },
						"up": { "texture": "#roge", "uv": [ 0.0, 0.0, 0.5, 0.5 ] },
						"down": { "texture": "#roge", "uv": [ 0.0, 0.0, 0.5, 0.5 ] }
					}
				},
				{
					"name": "Rope42",
					"from": [ -1.6, -4.2, -2.9 ], 
					"to": [ -1.3, -3.9, 3.1 ], 
					"rotationOrigin": [ -1.6, -4.8, -3.1 ],
					"rotationY": 3.922546831063026E-6,
					"rotationZ": -6.403300468639662E-7,
					"faces": {
						"north": { "texture": "#roge", "uv": [ 0.0, 0.0, 0.5, 0.5 ] },
						"east": { "texture": "#roge", "uv": [ 0.0, 0.0, 6.0, 0.5 ] },
						"south": { "texture": "#roge", "uv": [ 0.0, 0.0, 0.5, 0.5 ] },
						"west": { "texture": "#roge", "uv": [ 0.0, 0.0, 6.0, 0.5 ] },
						"up": { "texture": "#roge", "uv": [ 0.0, 0.0, 0.5, 6.0 ] },
						"down": { "texture": "#roge", "uv": [ 0.0, 0.0, 0.5, 6.0 ] }
					}
				}
			]
		},
		{
			"name": "Rope Main R",
			"from": [ 12.0, 4.0, 8.0 ], 
			"to": [ 12.0, 4.0, 8.0 ], 
			"rotationOrigin": [ 12.0, 4.0, 8.0 ],
			"faces": {
				"north": { "texture": "#roge", "uv": [ 0.0, 0.0, 0.5, 0.5 ] },
				"east": { "texture": "#roge", "uv": [ 0.0, 0.0, 0.5, 0.5 ] },
				"south": { "texture": "#roge", "uv": [ 0.0, 0.0, 0.5, 0.5 ] },
				"west": { "texture": "#roge", "uv": [ 0.0, 0.0, 0.5, 0.5 ] },
				"up": { "texture": "#roge", "uv": [ 0.0, 0.0, 0.5, 0.5 ] },
				"down": { "texture": "#roge", "uv": [ 0.0, 0.0, 0.5, 0.5 ] }
			},
			"children": [
				{
					"name": "Rope44",
					"from": [ -1.6, -2.0, -3.2 ], 
					"to": [ -1.3, 0.0, -2.9 ], 
					"rotationOrigin": [ -1.6, -3.0, -3.5 ],
					"rotationX": -2.0,
					"faces": {
						"north": { "texture": "#roge", "uv": [ 0.0, 0.0, 0.5, 2.0 ] },
						"east": { "texture": "#roge", "uv": [ 0.0, 0.0, 0.5, 2.0 ] },
						"south": { "texture": "#roge", "uv": [ 0.0, 0.0, 0.5, 2.0 ] },
						"west": { "texture": "#roge", "uv": [ 0.0, 0.0, 0.5, 2.0 ] },
						"up": { "texture": "#roge", "uv": [ 0.0, 0.0, 0.5, 0.5 ] },
						"down": { "texture": "#roge", "uv": [ 0.0, 0.0, 0.5, 0.5 ] }
					}
				},
				{
					"name": "Rope45",
					"from": [ -1.6, 0.0, -3.3 ], 
					"to": [ -1.3, 2.1, -3.0 ], 
					"rotationOrigin": [ -1.6, 0.0, -3.5 ],
					"rotationX": 1.255769125046343E-6,
					"rotationY": 3.92254764528498E-6,
					"rotationZ": -6.403301995305826E-7,
					"faces": {
						"north": { "texture": "#roge", "uv": [ 0.0, 0.0, 2.0, 0.5 ], "rotation": 90 },
						"east": { "texture": "#roge", "uv": [ 0.0, 0.0, 0.5, 2.0 ] },
						"south": { "texture": "#roge", "uv": [ 0.0, 0.0, 0.5, 2.0 ] },
						"west": { "texture": "#roge", "uv": [ 0.0, 0.0, 0.5, 2.0 ] },
						"up": { "texture": "#roge", "uv": [ 0.0, 0.0, 0.5, 0.5 ] },
						"down": { "texture": "#roge", "uv": [ 0.0, 0.0, 0.5, 0.5 ] }
					}
				},
				{
					"name": "Rope46",
					"from": [ -1.6, 2.3, -3.0 ], 
					"to": [ -1.3, 2.6, -0.8 ], 
					"rotationOrigin": [ -1.6, 2.1293, -2.2879 ],
					"rotationX": -30.0,
					"rotationY": 3.92254764528498E-6,
					"rotationZ": -6.403300977528383E-7,
					"faces": {
						"north": { "texture": "#roge", "uv": [ 0.0, 0.0, 0.5, 0.5 ] },
						"east": { "texture": "#roge", "uv": [ 0.0, 0.0, 2.0, 0.5 ] },
						"south": { "texture": "#roge", "uv": [ 0.0, 0.0, 0.5, 0.5 ] },
						"west": { "texture": "#roge", "uv": [ 0.0, 0.0, 2.0, 0.5 ] },
						"up": { "texture": "#roge", "uv": [ 0.0, 0.0, 0.5, 2.0 ] },
						"down": { "texture": "#roge", "uv": [ 0.0, 0.0, 0.5, 2.0 ] }
					}
				},
				{
					"name": "Rope47",
					"from": [ -1.6, -4.0, -2.95 ], 
					"to": [ -1.3, -2.0, -2.65 ], 
					"rotationOrigin": [ -1.6, -5.0, -3.5 ],
					"rotationX": -6.0,
					"faces": {
						"north": { "texture": "#roge", "uv": [ 0.0, 0.0, 0.5, 2.0 ] },
						"east": { "texture": "#roge", "uv": [ 0.0, 0.0, 0.5, 2.0 ] },
						"south": { "texture": "#roge", "uv": [ 0.0, 0.0, 0.5, 2.0 ] },
						"west": { "texture": "#roge", "uv": [ 0.0, 0.0, 0.5, 2.0 ] },
						"up": { "texture": "#roge", "uv": [ 0.0, 0.0, 0.5, 0.5 ] },
						"down": { "texture": "#roge", "uv": [ 0.0, 0.0, 0.5, 0.5 ] }
					}
				},
				{
					"name": "Rope48",
					"from": [ -1.6, 3.0, -1.2 ], 
					"to": [ -1.3, 3.3, 0.0 ], 
					"rotationOrigin": [ -1.6, 3.2211, -2.4703 ],
					"rotationY": 3.922546831063026E-6,
					"rotationZ": -6.403300977528383E-7,
					"faces": {
						"north": { "texture": "#roge", "uv": [ 0.0, 0.0, 0.5, 0.5 ] },
						"east": { "texture": "#roge", "uv": [ 0.0, 0.0, 1.0, 0.5 ] },
						"south": { "texture": "#roge", "uv": [ 0.0, 0.0, 0.5, 0.5 ] },
						"west": { "texture": "#roge", "uv": [ 0.0, 0.0, 1.0, 0.5 ] },
						"up": { "texture": "#roge", "uv": [ 0.0, 0.0, 0.5, 1.0 ] },
						"down": { "texture": "#roge", "uv": [ 0.0, 0.0, 0.5, 1.0 ] }
					}
				},
				{
					"name": "Rope49",
					"from": [ -1.6, 3.35, 0.0 ], 
					"to": [ -1.3, 3.65, 3.2 ], 
					"rotationOrigin": [ -1.6, 3.2211, -1.4703 ],
					"rotationX": 15.0,
					"rotationY": 3.922546831063026E-6,
					"rotationZ": -6.403300977528383E-7,
					"faces": {
						"north": { "texture": "#roge", "uv": [ 0.0, 0.0, 0.5, 0.5 ] },
						"east": { "texture": "#roge", "uv": [ 0.0, 0.0, 3.0, 0.5 ] },
						"south": { "texture": "#roge", "uv": [ 0.0, 0.0, 0.5, 0.5 ] },
						"west": { "texture": "#roge", "uv": [ 0.0, 0.0, 3.0, 0.5 ] },
						"up": { "texture": "#roge", "uv": [ 0.0, 0.0, 0.5, 3.0 ] },
						"down": { "texture": "#roge", "uv": [ 0.0, 0.0, 0.5, 3.0 ] }
					}
				},
				{
					"name": "Rope50",
					"from": [ -1.6, -4.1, 2.9 ], 
					"to": [ -1.3, 2.2, 3.2 ], 
					"rotationOrigin": [ -1.6, -4.7789, 1.5297 ],
					"rotationY": 3.922546831063026E-6,
					"rotationZ": -6.403300977528383E-7,
					"faces": {
						"north": { "texture": "#roge", "uv": [ 0.0, 0.0, 0.5, 6.0 ] },
						"east": { "texture": "#roge", "uv": [ 0.0, 0.0, 0.5, 6.0 ] },
						"south": { "texture": "#roge", "uv": [ 0.0, 0.0, 0.5, 6.0 ] },
						"west": { "texture": "#roge", "uv": [ 0.0, 0.0, 0.5, 6.0 ] },
						"up": { "texture": "#roge", "uv": [ 0.0, 0.0, 0.5, 0.5 ] },
						"down": { "texture": "#roge", "uv": [ 0.0, 0.0, 0.5, 0.5 ] }
					}
				},
				{
					"name": "Rope51",
					"from": [ -1.6, -4.2, -2.9 ], 
					"to": [ -1.3, -3.9, 3.1 ], 
					"rotationOrigin": [ -1.6, -4.8, -3.1 ],
					"rotationY": 3.922546831063026E-6,
					"rotationZ": -6.403300468639662E-7,
					"faces": {
						"north": { "texture": "#roge", "uv": [ 0.0, 0.0, 0.5, 0.5 ] },
						"east": { "texture": "#roge", "uv": [ 0.0, 0.0, 6.0, 0.5 ] },
						"south": { "texture": "#roge", "uv": [ 0.0, 0.0, 0.5, 0.5 ] },
						"west": { "texture": "#roge", "uv": [ 0.0, 0.0, 6.0, 0.5 ] },
						"up": { "texture": "#roge", "uv": [ 0.0, 0.0, 0.5, 6.0 ] },
						"down": { "texture": "#roge", "uv": [ 0.0, 0.0, 0.5, 6.0 ] }
					}
				}
			]
		},
		{
			"name": "Backets Main",
			"from": [ 8.5, 4.8, 7.23 ], 
			"to": [ 9.5, 5.8, 8.23 ], 
			"rotationOrigin": [ 8.5, 4.8, 7.23 ],
			"faces": {
				"north": { "texture": "#hay", "uv": [ 0.0, 0.0, 1.0, 1.0 ] },
				"east": { "texture": "#hay", "uv": [ 0.0, 0.0, 1.0, 1.0 ] },
				"south": { "texture": "#hay", "uv": [ 0.0, 0.0, 1.0, 1.0 ] },
				"west": { "texture": "#hay", "uv": [ 0.0, 0.0, 1.0, 1.0 ] },
				"up": { "texture": "#hay", "uv": [ 0.0, 0.0, 1.0, 1.0 ] },
				"down": { "texture": "#hay", "uv": [ 0.0, 0.0, 1.0, 1.0 ] }
			},
			"children": [
				{
					"name": "Backets Floor",
					"from": [ -3.1, -4.9, -2.13 ], 
					"to": [ 2.9, -4.8, 3.87 ], 
					"rotationOrigin": [ -3.1, -4.8, -2.13 ],
					"faces": {
						"north": { "texture": "#roge", "uv": [ 0.0, 0.0, 6.0, 0.5 ] },
						"east": { "texture": "#roge", "uv": [ 0.0, 0.0, 6.0, 0.5 ] },
						"south": { "texture": "#roge", "uv": [ 0.0, 0.0, 6.0, 0.5 ] },
						"west": { "texture": "#roge", "uv": [ 0.0, 0.0, 6.0, 0.5 ] },
						"up": { "texture": "#roge", "uv": [ 0.5, 1.0, 10.0, 10.0 ], "autoUv": false },
						"down": { "texture": "#roge", "uv": [ 0.5, 1.0, 10.0, 10.0 ], "autoUv": false }
					}
				},
				{
					"name": "Backets S",
					"from": [ -3.1, -4.8, 3.87 ], 
					"to": [ 2.8, -2.6, 4.07 ], 
					"rotationOrigin": [ -3.3, -4.8, 3.87 ],
					"faces": {
						"north": { "texture": "#roge", "uv": [ 0.0, 0.0, 9.5, 3.5 ], "autoUv": false },
						"east": { "texture": "#roge", "uv": [ 0.0, 0.0, 0.5, 3.5 ], "autoUv": false },
						"south": { "texture": "#roge", "uv": [ 0.0, 0.0, 9.5, 3.5 ], "autoUv": false },
						"west": { "texture": "#roge", "uv": [ 0.0, 0.0, 0.5, 3.5 ], "autoUv": false },
						"up": { "texture": "#roge", "uv": [ 0.5, 0.0, 10.0, 0.5 ], "autoUv": false },
						"down": { "texture": "#roge", "uv": [ 0.5, 0.0, 10.0, 0.5 ], "autoUv": false }
					}
				},
				{
					"name": "Backets E",
					"from": [ 2.8, -4.8, -2.13 ], 
					"to": [ 3.0, -2.6, 3.87 ], 
					"rotationOrigin": [ 2.5, -4.8, -2.23 ],
					"faces": {
						"north": { "texture": "#roge", "uv": [ 0.0, 0.0, 0.5, 3.5 ], "autoUv": false },
						"east": { "texture": "#roge", "uv": [ 0.0, 0.0, 9.5, 3.5 ], "autoUv": false },
						"south": { "texture": "#roge", "uv": [ 0.0, 0.0, 0.5, 3.5 ], "autoUv": false },
						"west": { "texture": "#roge", "uv": [ 0.0, 0.0, 9.5, 3.5 ], "autoUv": false },
						"up": { "texture": "#roge", "uv": [ 0.5, 0.0, 10.0, 0.5 ], "rotation": 90, "autoUv": false },
						"down": { "texture": "#roge", "uv": [ 0.0, 0.0, 10.0, 0.5 ], "rotation": 90, "autoUv": false }
					}
				},
				{
					"name": "Backets N",
					"from": [ -3.1, -4.8, -2.33 ], 
					"to": [ 2.8, -2.6, -2.13 ], 
					"rotationOrigin": [ -3.3, -4.8, -2.13 ],
					"faces": {
						"north": { "texture": "#roge", "uv": [ 0.0, 0.0, 9.5, 3.5 ], "autoUv": false },
						"east": { "texture": "#roge", "uv": [ 0.0, 0.0, 0.0, 3.5 ], "autoUv": false },
						"south": { "texture": "#roge", "uv": [ 0.5, 0.0, 9.5, 3.5 ], "autoUv": false },
						"west": { "texture": "#roge", "uv": [ 0.0, 0.0, 0.0, 3.5 ], "autoUv": false },
						"up": { "texture": "#roge", "uv": [ 0.0, 0.0, 9.5, 0.5 ], "autoUv": false },
						"down": { "texture": "#roge", "uv": [ 0.0, 0.0, 9.5, 0.5 ], "autoUv": false }
					}
				},
				{
					"name": "Backets W",
					"from": [ -3.3, -4.8, -2.13 ], 
					"to": [ -3.1, -2.6, 3.87 ], 
					"rotationOrigin": [ -3.5, -4.8, -2.23 ],
					"faces": {
						"north": { "texture": "#roge", "uv": [ 0.0, 0.0, 0.5, 3.5 ], "autoUv": false },
						"east": { "texture": "#roge", "uv": [ 0.0, 0.0, 9.5, 3.5 ], "autoUv": false },
						"south": { "texture": "#roge", "uv": [ 0.0, 0.0, 0.5, 3.5 ], "autoUv": false },
						"west": { "texture": "#roge", "uv": [ 0.0, 0.0, 9.5, 3.5 ], "autoUv": false },
						"up": { "texture": "#roge", "uv": [ 0.5, 0.0, 10.0, 0.5 ], "rotation": 90, "autoUv": false },
						"down": { "texture": "#roge", "uv": [ 0.0, 0.0, 10.0, 0.5 ], "rotation": 90, "autoUv": false }
					}
				}
			]
		}
	]}