{
	"editor": {
		"allAngles": false,
		"entityTextureMode": false
	},
	"textureWidth": 16,
	"textureHeight": 16,
	"textureSizes": {
	},
	"textures": {
		"bricks": "C:/Users/andy-/AppData/Roaming/Vintagestory/assets/survival/textures/block/stone/brick/granite1",
		"chute": "C:/Users/andy-/AppData/Roaming/Vintagestory/assets/survival/textures/block/metal/sheet/copper1"
	},
	"elements": [
		{
			"name": "RimN",
			"from": [ 4.0, 4.0, 4.0 ], 
			"to": [ 12.0, 16.0, 5.0 ], 
			"faces": {
				"north": { "texture": "#chute", "uv": [ 0.5, 0.5, 12.5, 8.5 ], "rotation": 270 },
				"east": { "texture": "#chute", "uv": [ 13.0, 3.0, 14.0, 15.0 ] },
				"south": { "texture": "#chute", "uv": [ 4.0, 2.0, 12.0, 14.0 ] },
				"west": { "texture": "#chute", "uv": [ 0.0, 8.0, 1.0, 20.0 ] },
				"up": { "texture": "#chute", "uv": [ 0.0, 8.0, 8.0, 9.0 ] },
				"down": { "texture": "#chute", "uv": [ 0.0, 4.0, 8.0, 5.0 ] }
			}
		},
		{
			"name": "RimS",
			"from": [ 4.0, 4.0, 11.0 ], 
			"to": [ 12.0, 16.0, 12.0 ], 
			"faces": {
				"north": { "texture": "#chute", "uv": [ 3.0, 2.5, 11.0, 14.5 ] },
				"east": { "texture": "#chute", "uv": [ 13.0, 0.0, 14.0, 12.0 ] },
				"south": { "texture": "#chute", "uv": [ 0.5, 7.0, 12.5, 15.0 ], "rotation": 270 },
				"west": { "texture": "#chute", "uv": [ 15.0, 8.0, 16.0, 20.0 ] },
				"up": { "texture": "#chute", "uv": [ 0.0, 2.0, 8.0, 3.0 ] },
				"down": { "texture": "#chute", "uv": [ 0.0, 4.0, 8.0, 5.0 ] }
			}
		},
		{
			"name": "RimW",
			"from": [ 4.0, 11.0, 5.0 ], 
			"to": [ 5.0, 16.0, 11.0 ], 
			"faces": {
				"north": { "texture": "#chute", "uv": [ 0.0, 0.0, 1.0, 5.0 ], "enabled": false },
				"east": { "texture": "#chute", "uv": [ 3.0, 2.5, 9.0, 7.5 ] },
				"south": { "texture": "#chute", "uv": [ 0.0, 0.0, 1.0, 5.0 ], "enabled": false },
				"west": { "texture": "#chute", "uv": [ 0.5, 0.5, 6.5, 5.5 ] },
				"up": { "texture": "#chute", "uv": [ 4.0, 2.0, 5.0, 8.0 ] },
				"down": { "texture": "#chute", "uv": [ 4.0, 2.0, 5.0, 8.0 ] }
			}
		},
		{
			"name": "RimE",
			"from": [ 11.0, 4.0, 5.0 ], 
			"to": [ 12.0, 16.0, 11.0 ], 
			"faces": {
				"north": { "texture": "#chute", "uv": [ 0.0, 0.0, 1.0, 12.0 ], "enabled": false },
				"east": { "texture": "#chute", "uv": [ 0.5, 3.0, 6.5, 15.0 ] },
				"south": { "texture": "#chute", "uv": [ 4.0, 0.0, 5.0, 12.0 ], "enabled": false },
				"west": { "texture": "#chute", "uv": [ 3.0, 2.0, 15.0, 8.0 ], "rotation": 90 },
				"up": { "texture": "#chute", "uv": [ 3.0, 0.0, 4.0, 6.0 ] },
				"down": { "texture": "#chute", "uv": [ 7.0, 0.0, 8.0, 6.0 ] }
			}
		},
		{
			"name": "outletN",
			"from": [ 0.0, 4.0, 4.0 ], 
			"to": [ 4.0, 12.0, 5.0 ], 
			"rotationOrigin": [ 8.0, 0.0, 8.0 ],
			"faces": {
				"north": { "texture": "#chute", "uv": [ 7.0, 7.0, 11.0, 15.0 ] },
				"east": { "texture": "#chute", "uv": [ 0.0, 0.0, 1.0, 8.0 ], "enabled": false },
				"south": { "texture": "#chute", "uv": [ 3.0, 7.0, 7.0, 15.0 ] },
				"west": { "texture": "#chute", "uv": [ 3.0, 5.0, 4.0, 13.0 ] },
				"up": { "texture": "#chute", "uv": [ 3.0, 2.0, 7.0, 3.0 ] },
				"down": { "texture": "#chute", "uv": [ 13.0, 2.0, 14.0, 6.0 ], "rotation": 90 }
			}
		},
		{
			"name": "outletS",
			"from": [ 0.0, 4.0, 11.0 ], 
			"to": [ 4.0, 12.0, 12.0 ], 
			"rotationOrigin": [ 8.0, 0.0, 8.0 ],
			"faces": {
				"north": { "texture": "#chute", "uv": [ 4.5, 4.0, 8.5, 12.0 ] },
				"east": { "texture": "#chute", "uv": [ 0.0, 0.0, 1.0, 8.0 ], "enabled": false },
				"south": { "texture": "#chute", "uv": [ 3.0, 7.0, 7.0, 15.0 ] },
				"west": { "texture": "#chute", "uv": [ 3.0, 3.0, 4.0, 11.0 ] },
				"up": { "texture": "#chute", "uv": [ 3.0, 3.0, 7.0, 4.0 ] },
				"down": { "texture": "#chute", "uv": [ 13.0, 2.0, 14.0, 6.0 ], "rotation": 90 }
			}
		},
		{
			"name": "outletD",
			"from": [ 0.0, 4.0, 5.0 ], 
			"to": [ 11.0, 5.0, 11.0 ], 
			"rotationOrigin": [ 8.0, 0.0, 8.0 ],
			"faces": {
				"north": { "texture": "#chute", "uv": [ 10.5, 4.0, 11.5, 15.0 ], "rotation": 90, "enabled": false },
				"east": { "texture": "#chute", "uv": [ 8.0, 6.0, 14.0, 7.0 ], "enabled": false },
				"south": { "texture": "#chute", "uv": [ 0.0, 10.0, 11.0, 11.0 ], "enabled": false },
				"west": { "texture": "#chute", "uv": [ 9.5, 4.5, 10.5, 10.5 ], "rotation": 90 },
				"up": { "texture": "#chute", "uv": [ 5.0, 2.0, 16.0, 8.0 ] },
				"down": { "texture": "#chute", "uv": [ 5.0, 4.5, 16.0, 10.5 ] }
			}
		},
		{
			"name": "outletU",
			"from": [ 0.0, 11.0, 5.0 ], 
			"to": [ 4.0, 12.0, 11.0 ], 
			"rotationOrigin": [ 8.0, 0.0, 8.0 ],
			"faces": {
				"north": { "texture": "#chute", "uv": [ 10.5, 4.0, 11.5, 8.0 ], "rotation": 90, "enabled": false },
				"east": { "texture": "#chute", "uv": [ 0.5, 0.5, 1.5, 6.5 ], "rotation": 270, "enabled": false },
				"south": { "texture": "#chute", "uv": [ 0.0, 10.0, 4.0, 11.0 ], "enabled": false },
				"west": { "texture": "#chute", "uv": [ 9.5, 4.5, 10.5, 10.5 ], "rotation": 90 },
				"up": { "texture": "#chute", "uv": [ 0.5, 5.0, 4.5, 11.0 ] },
				"down": { "texture": "#chute", "uv": [ 6.0, 2.0, 10.0, 8.0 ] }
			}
		},
		{
			"name": "Wall 0",
			"from": [ 0.0, 0.0, 12.0 ], 
			"to": [ 16.0, 16.0, 16.0 ], 
			"rotationOrigin": [ 0.0, 0.0, 12.0 ],
			"faces": {
				"north": { "texture": "#bricks", "uv": [ 0.0, 0.0, 16.0, 16.0 ], "enabled": false },
				"east": { "texture": "#bricks", "uv": [ 0.0, 0.0, 4.0, 16.0 ] },
				"south": { "texture": "#bricks", "uv": [ 0.0, 0.0, 16.0, 16.0 ] },
				"west": { "texture": "#bricks", "uv": [ 12.0, 0.0, 16.0, 16.0 ] },
				"up": { "texture": "#bricks", "uv": [ 12.0, 0.0, 16.0, 16.0 ], "rotation": 90 },
				"down": { "texture": "#bricks", "uv": [ 12.0, 0.0, 16.0, 16.0 ], "rotation": 90 }
			}
		},
		{
			"name": "Wall 1",
			"from": [ 0.0, 0.0, 0.0 ], 
			"to": [ 16.0, 16.0, 4.0 ], 
			"faces": {
				"north": { "texture": "#bricks", "uv": [ 0.0, 0.0, 16.0, 16.0 ] },
				"east": { "texture": "#bricks", "uv": [ 12.0, 0.0, 16.0, 16.0 ] },
				"south": { "texture": "#bricks", "uv": [ 0.0, 0.0, 16.0, 16.0 ], "enabled": false },
				"west": { "texture": "#bricks", "uv": [ 0.0, 0.0, 4.0, 16.0 ] },
				"up": { "texture": "#bricks", "uv": [ 0.0, 0.0, 4.0, 16.0 ], "rotation": 90 },
				"down": { "texture": "#bricks", "uv": [ 0.0, 0.0, 4.0, 16.0 ], "rotation": 90 }
			}
		},
		{
			"name": "Wall 3",
			"from": [ 0.0, 0.0, 4.0 ], 
			"to": [ 16.0, 4.0, 12.0 ], 
			"rotationOrigin": [ 0.0, 0.0, 4.0 ],
			"faces": {
				"north": { "texture": "#bricks", "uv": [ 0.0, 0.0, 16.0, 4.0 ], "enabled": false },
				"east": { "texture": "#bricks", "uv": [ 3.0, 12.0, 11.0, 16.0 ] },
				"south": { "texture": "#bricks", "uv": [ 1.0, 0.5, 17.0, 4.5 ], "enabled": false },
				"west": { "texture": "#bricks", "uv": [ 3.0, 12.0, 11.0, 16.0 ] },
				"up": { "texture": "#bricks", "uv": [ 0.0, 0.0, 4.0, 8.0 ], "enabled": false, "autoUv": false },
				"down": { "texture": "#bricks", "uv": [ 3.0, 0.0, 11.0, 16.0 ], "rotation": 90 }
			}
		},
		{
			"name": "Wall 4",
			"from": [ 12.0, 4.0, 4.0 ], 
			"to": [ 16.0, 16.0, 12.0 ], 
			"rotationOrigin": [ 12.0, 4.0, 4.0 ],
			"faces": {
				"north": { "texture": "#bricks", "uv": [ 0.0, 0.0, 4.0, 12.0 ], "enabled": false },
				"east": { "texture": "#bricks", "uv": [ 4.0, 0.0, 12.0, 12.0 ] },
				"south": { "texture": "#bricks", "uv": [ 0.0, 0.0, 4.0, 12.0 ], "enabled": false },
				"west": { "texture": "#bricks", "uv": [ 2.0, 0.5, 10.0, 12.5 ], "enabled": false },
				"up": { "texture": "#bricks", "uv": [ 4.5, 0.0, 12.5, 4.0 ], "rotation": 90 },
				"down": { "texture": "#bricks", "uv": [ 1.5, 0.0, 5.5, 8.0 ], "enabled": false }
			}
		},
		{
			"name": "Wall 5",
			"from": [ 0.0, 12.0, 4.0 ], 
			"to": [ 4.0, 16.0, 12.0 ], 
			"rotationOrigin": [ 0.0, 12.0, 4.0 ],
			"faces": {
				"north": { "texture": "#bricks", "uv": [ 0.0, 0.0, 4.0, 4.0 ] },
				"east": { "texture": "#bricks", "uv": [ 0.0, 0.0, 8.0, 4.0 ] },
				"south": { "texture": "#bricks", "uv": [ 0.0, 0.0, 4.0, 4.0 ] },
				"west": { "texture": "#bricks", "uv": [ 4.5, 0.0, 12.5, 4.0 ] },
				"up": { "texture": "#bricks", "uv": [ 3.5, 11.5, 11.5, 15.5 ], "rotation": 90 },
				"down": { "texture": "#bricks", "uv": [ 0.0, 0.0, 4.0, 8.0 ], "enabled": false }
			}
		}
	]}