{
	"editor": {
		"allAngles": false,
		"entityTextureMode": false
	},
	"textureWidth": 16,
	"textureHeight": 16,
	"textureSizes": {
	},
	"textures": {
		"bricks": "C:/Users/andy-/AppData/Roaming/Vintagestory/assets/survival/textures/block/stone/brick/granite1",
		"chute": "C:/Users/andy-/AppData/Roaming/Vintagestory/assets/survival/textures/block/metal/sheet/copper1"
	},
	"elements": [
		{
			"name": "North",
			"from": [ 0.0, 4.0, 4.0 ], 
			"to": [ 16.0, 12.0, 5.0 ], 
			"rotationOrigin": [ 8.0, 8.0, 8.0 ],
			"faces": {
				"north": { "texture": "#chute", "uv": [ 0.0, 0.0, 8.0, 16.0 ], "rotation": 270 },
				"east": { "texture": "#chute", "uv": [ 13.0, 0.0, 14.0, 8.0 ] },
				"south": { "texture": "#chute", "uv": [ 4.0, 0.0, 12.0, 16.0 ], "rotation": 90 },
				"west": { "texture": "#chute", "uv": [ 0.0, 0.0, 1.0, 8.0 ] },
				"up": { "texture": "#chute", "uv": [ 0.0, 8.0, 16.0, 9.0 ] },
				"down": { "texture": "#chute", "uv": [ 0.0, 4.0, 16.0, 5.0 ] }
			}
		},
		{
			"name": "South",
			"from": [ 0.0, 4.0, 11.0 ], 
			"to": [ 16.0, 12.0, 12.0 ], 
			"rotationOrigin": [ 8.0, 8.0, 8.0 ],
			"faces": {
				"north": { "texture": "#chute", "uv": [ 4.0, 0.0, 12.0, 16.0 ], "rotation": 90 },
				"east": { "texture": "#chute", "uv": [ 11.0, 0.0, 12.0, 8.0 ] },
				"south": { "texture": "#chute", "uv": [ 4.0, 0.0, 12.0, 16.0 ], "rotation": 270 },
				"west": { "texture": "#chute", "uv": [ 15.0, 0.0, 16.0, 8.0 ] },
				"up": { "texture": "#chute", "uv": [ 0.0, 2.0, 16.0, 3.0 ] },
				"down": { "texture": "#chute", "uv": [ 0.0, 4.0, 16.0, 5.0 ] }
			}
		},
		{
			"name": "Bottom",
			"from": [ 0.0, 4.0, 5.0 ], 
			"to": [ 16.0, 5.0, 11.0 ], 
			"rotationOrigin": [ 4.0, 12.0, 8.0 ],
			"faces": {
				"north": { "texture": "#chute", "uv": [ 0.0, 0.0, 16.0, 1.0 ], "enabled": false },
				"east": { "texture": "#chute", "uv": [ 5.0, 0.0, 11.0, 1.0 ] },
				"south": { "texture": "#chute", "uv": [ 0.0, 0.0, 16.0, 1.0 ], "enabled": false },
				"west": { "texture": "#chute", "uv": [ 0.5, 0.0, 6.5, 1.0 ] },
				"up": { "texture": "#chute", "uv": [ 5.0, 0.0, 11.0, 16.0 ], "rotation": 90 },
				"down": { "texture": "#chute", "uv": [ 0.0, 5.0, 16.0, 11.0 ] }
			}
		},
		{
			"name": "Top",
			"from": [ 0.0, 11.0, 5.0 ], 
			"to": [ 16.0, 12.0, 11.0 ], 
			"rotationOrigin": [ 8.0, 8.0, 8.0 ],
			"faces": {
				"north": { "texture": "#chute", "uv": [ 0.0, 0.0, 16.0, 1.0 ], "enabled": false },
				"east": { "texture": "#chute", "uv": [ 5.0, 0.0, 11.0, 1.0 ] },
				"south": { "texture": "#chute", "uv": [ 4.0, 0.0, 20.0, 1.0 ], "enabled": false },
				"west": { "texture": "#chute", "uv": [ 0.0, 2.0, 1.0, 8.0 ], "rotation": 90 },
				"up": { "texture": "#chute", "uv": [ 0.0, 5.0, 16.0, 11.0 ] },
				"down": { "texture": "#chute", "uv": [ 5.0, 0.0, 11.0, 16.0 ], "rotation": 90 }
			}
		},
		{
			"name": "Wall 0",
			"from": [ 0.0, 0.0, 12.0 ], 
			"to": [ 16.0, 16.0, 16.0 ], 
			"rotationOrigin": [ 0.0, 0.0, 12.0 ],
			"faces": {
				"north": { "texture": "#bricks", "uv": [ 0.0, 0.0, 16.0, 16.0 ], "enabled": false },
				"east": { "texture": "#bricks", "uv": [ 0.0, 0.0, 4.0, 16.0 ] },
				"south": { "texture": "#bricks", "uv": [ 0.0, 0.0, 16.0, 16.0 ] },
				"west": { "texture": "#bricks", "uv": [ 12.0, 0.0, 16.0, 16.0 ] },
				"up": { "texture": "#bricks", "uv": [ 0.0, 11.5, 16.0, 15.5 ] },
				"down": { "texture": "#bricks", "uv": [ 0.0, 11.5, 16.0, 15.5 ] }
			}
		},
		{
			"name": "Wall 1",
			"from": [ 0.0, 0.0, 0.0 ], 
			"to": [ 16.0, 16.0, 4.0 ], 
			"faces": {
				"north": { "texture": "#bricks", "uv": [ 0.0, 0.0, 16.0, 16.0 ] },
				"east": { "texture": "#bricks", "uv": [ 12.0, 0.0, 16.0, 16.0 ] },
				"south": { "texture": "#bricks", "uv": [ 0.0, 0.0, 16.0, 16.0 ], "enabled": false },
				"west": { "texture": "#bricks", "uv": [ 0.0, 0.0, 4.0, 16.0 ] },
				"up": { "texture": "#bricks", "uv": [ 0.0, 0.0, 16.0, 4.0 ] },
				"down": { "texture": "#bricks", "uv": [ 0.0, 0.0, 16.0, 4.0 ] }
			}
		},
		{
			"name": "Wall 3",
			"from": [ 0.0, 0.0, 4.0 ], 
			"to": [ 16.0, 4.0, 12.0 ], 
			"rotationOrigin": [ 10.0, 0.0, 4.0 ],
			"faces": {
				"north": { "texture": "#bricks", "uv": [ -6.0, 1.0, 10.0, 5.0 ], "enabled": false },
				"east": { "texture": "#bricks", "uv": [ 3.5, 12.0, 11.5, 16.0 ] },
				"south": { "texture": "#bricks", "uv": [ 1.0, 0.5, 17.0, 4.5 ], "enabled": false },
				"west": { "texture": "#bricks", "uv": [ 3.5, 12.0, 11.5, 16.0 ] },
				"up": { "texture": "#bricks", "uv": [ 0.0, 0.0, 4.0, 8.0 ], "enabled": false, "autoUv": false },
				"down": { "texture": "#bricks", "uv": [ 0.0, 4.0, 16.0, 12.0 ] }
			}
		},
		{
			"name": "Wall 5",
			"from": [ 0.0, 12.0, 4.0 ], 
			"to": [ 16.0, 16.0, 12.0 ], 
			"rotationOrigin": [ 0.0, 12.0, 4.0 ],
			"faces": {
				"north": { "texture": "#bricks", "uv": [ 0.0, 0.0, 16.0, 4.0 ] },
				"east": { "texture": "#bricks", "uv": [ 4.5, 0.0, 12.5, 4.0 ] },
				"south": { "texture": "#bricks", "uv": [ 0.0, 0.0, 16.0, 4.0 ] },
				"west": { "texture": "#bricks", "uv": [ 4.5, 0.0, 12.5, 4.0 ] },
				"up": { "texture": "#bricks", "uv": [ 0.0, 3.5, 16.0, 11.5 ] },
				"down": { "texture": "#bricks", "uv": [ 0.0, 0.0, 16.0, 8.0 ], "enabled": false }
			}
		}
	]}