{
	"editor": {
		"allAngles": false,
		"entityTextureMode": false
	},
	"textureWidth": 16,
	"textureHeight": 16,
	"textureSizes": {
	},
	"textures": {
		"castiron": "block/castiron",
		"shinybrass": "block/shinybrass",
		"machinery": "block/machinery"
	},
	"elements": [
		{
			"name": "base",
			"from": [ 0.0, 0.0, 0.0 ], 
			"to": [ 16.0, 12.0, 3.0 ], 
			"faces": {
				"north": { "texture": "#machinery", "uv": [ 0.0, 0.0, 16.0, 12.0 ] },
				"east": { "texture": "#machinery", "uv": [ 0.0, 0.0, 3.0, 12.0 ] },
				"south": { "texture": "#machinery", "uv": [ 0.0, 0.0, 16.0, 12.0 ] },
				"west": { "texture": "#machinery", "uv": [ 0.0, 0.0, 3.0, 12.0 ] },
				"up": { "texture": "#machinery", "uv": [ 0.0, 0.0, 16.0, 3.0 ] },
				"down": { "texture": "#machinery", "uv": [ 0.0, 0.0, 16.0, 3.0 ] }
			},
			"children": [
				{
					"name": "base3",
					"from": [ 0.0, 0.0, 13.0 ], 
					"to": [ 16.0, 12.0, 16.0 ], 
					"rotationOrigin": [ 0.0, 0.0, 13.0 ],
					"faces": {
						"north": { "texture": "#machinery", "uv": [ 0.0, 0.0, 16.0, 12.0 ] },
						"east": { "texture": "#machinery", "uv": [ 0.0, 0.0, 3.0, 12.0 ] },
						"south": { "texture": "#machinery", "uv": [ 0.0, 0.0, 16.0, 12.0 ] },
						"west": { "texture": "#machinery", "uv": [ 0.0, 0.0, 3.0, 12.0 ] },
						"up": { "texture": "#machinery", "uv": [ 0.0, 0.0, 16.0, 3.0 ] },
						"down": { "texture": "#machinery", "uv": [ 0.0, 0.0, 16.0, 3.0 ] }
					}
				},
				{
					"name": "base4",
					"from": [ 0.0045, 0.0, 13.0 ], 
					"to": [ 10.0045, 6.5, 16.0 ], 
					"rotationOrigin": [ 0.0, 0.0, 13.0 ],
					"rotationY": 89.9802127184967,
					"faces": {
						"north": { "texture": "#machinery", "uv": [ 0.0, 0.0, 10.0, 6.5 ] },
						"east": { "texture": "#machinery", "uv": [ 0.0, 0.0, 3.0, 6.5 ] },
						"south": { "texture": "#machinery", "uv": [ 0.0, 0.0, 10.0, 6.5 ] },
						"west": { "texture": "#machinery", "uv": [ 0.0, 0.0, 3.0, 6.5 ] },
						"up": { "texture": "#machinery", "uv": [ 0.0, 0.0, 10.0, 3.0 ] },
						"down": { "texture": "#machinery", "uv": [ 0.0, 0.0, 10.0, 3.0 ] }
					}
				},
				{
					"name": "base5",
					"from": [ 13.0045, 0.0, 12.9955 ], 
					"to": [ 23.0045, 6.5, 15.9955 ], 
					"rotationOrigin": [ 13.0, 0.0, 13.0 ],
					"rotationY": 89.9802127184967,
					"faces": {
						"north": { "texture": "#machinery", "uv": [ 0.0, 0.0, 10.0, 6.5 ] },
						"east": { "texture": "#machinery", "uv": [ 0.0, 0.0, 3.0, 6.5 ] },
						"south": { "texture": "#machinery", "uv": [ 0.0, 0.0, 10.0, 6.5 ] },
						"west": { "texture": "#machinery", "uv": [ 0.0, 0.0, 3.0, 6.5 ] },
						"up": { "texture": "#machinery", "uv": [ 0.0, 0.0, 10.0, 3.0 ] },
						"down": { "texture": "#machinery", "uv": [ 0.0, 0.0, 10.0, 3.0 ] }
					}
				}
			]
		},
		{
			"name": "grinder1",
			"from": [ 2.0, 6.5, 2.5 ], 
			"to": [ 3.0, 11.5, 7.5 ], 
			"rotationOrigin": [ 2.0, 6.0, 3.0 ],
			"faces": {
				"north": { "texture": "#shinybrass", "uv": [ 0.0, 0.0, 1.0, 5.0 ] },
				"east": { "texture": "#shinybrass", "uv": [ 0.0, 0.0, 5.0, 5.0 ] },
				"south": { "texture": "#shinybrass", "uv": [ 0.0, 0.0, 1.0, 5.0 ] },
				"west": { "texture": "#shinybrass", "uv": [ 0.0, 0.0, 5.0, 5.0 ] },
				"up": { "texture": "#shinybrass", "uv": [ 0.0, 0.0, 1.0, 5.0 ] },
				"down": { "texture": "#shinybrass", "uv": [ 0.0, 0.0, 1.0, 5.0 ] }
			},
			"children": [
				{
					"name": "shaftcap7",
					"from": [ 11.0, 0.0, 0.0 ], 
					"to": [ 12.0, 5.0, 5.0 ], 
					"rotationOrigin": [ 11.0, -0.5, 0.5 ],
					"faces": {
						"north": { "texture": "#shinybrass", "uv": [ 0.0, 0.0, 1.0, 5.0 ] },
						"east": { "texture": "#shinybrass", "uv": [ 0.0, 0.0, 5.0, 5.0 ] },
						"south": { "texture": "#shinybrass", "uv": [ 0.0, 0.0, 1.0, 5.0 ] },
						"west": { "texture": "#shinybrass", "uv": [ 0.0, 0.0, 5.0, 5.0 ] },
						"up": { "texture": "#shinybrass", "uv": [ 0.0, 0.0, 1.0, 5.0 ] },
						"down": { "texture": "#shinybrass", "uv": [ 0.0, 0.0, 1.0, 5.0 ] }
					}
				},
				{
					"name": "grinder shaft axis",
					"from": [ -1.0, 2.0, 2.0 ], 
					"to": [ 13.0, 3.0, 3.0 ], 
					"rotationOrigin": [ 0.0, 2.5, 2.5 ],
					"rotationX": 44.99999632180179,
					"faces": {
						"north": { "texture": "#castiron", "uv": [ 0.0, 0.0, 15.0, 1.0 ] },
						"east": { "texture": "#castiron", "uv": [ 0.0, 0.0, 1.0, 1.0 ] },
						"south": { "texture": "#castiron", "uv": [ 0.0, 0.0, 15.0, 1.0 ] },
						"west": { "texture": "#castiron", "uv": [ 0.0, 0.0, 1.0, 1.0 ] },
						"up": { "texture": "#castiron", "uv": [ 0.0, 0.0, 15.0, 1.0 ] },
						"down": { "texture": "#castiron", "uv": [ 0.0, 0.0, 15.0, 1.0 ] }
					},
					"children": [
						{
							"name": "shaft",
							"from": [ 2.0, -1.5, -1.5 ], 
							"to": [ 12.0, 2.5, 2.5 ], 
							"rotationOrigin": [ 2.0, -1.5, -1.5 ],
							"faces": {
								"north": { "texture": "#castiron", "uv": [ 0.0, 0.0, 10.0, 4.0 ] },
								"east": { "texture": "#castiron", "uv": [ 0.0, 0.0, 4.0, 4.0 ] },
								"south": { "texture": "#castiron", "uv": [ 0.0, 0.0, 10.0, 4.0 ] },
								"west": { "texture": "#castiron", "uv": [ 0.0, 0.0, 4.0, 4.0 ] },
								"up": { "texture": "#castiron", "uv": [ 0.0, 0.0, 10.0, 4.0 ] },
								"down": { "texture": "#castiron", "uv": [ 0.0, 0.0, 10.0, 4.0 ] }
							},
							"children": [
								{
									"name": "bladeparentup",
									"from": [ 0.0, 4.0, 0.0 ], 
									"to": [ 1.0, 5.0, 1.0 ], 
									"rotationOrigin": [ 0.0, 4.0, 0.0 ],
									"faces": {
										"north": { "texture": "#castiron", "uv": [ 0.0, 0.0, 1.0, 1.0 ], "enabled": false },
										"east": { "texture": "#castiron", "uv": [ 0.0, 0.0, 1.0, 1.0 ], "enabled": false },
										"south": { "texture": "#castiron", "uv": [ 0.0, 0.0, 1.0, 1.0 ], "enabled": false },
										"west": { "texture": "#castiron", "uv": [ 0.0, 0.0, 1.0, 1.0 ], "enabled": false },
										"up": { "texture": "#castiron", "uv": [ 0.0, 0.0, 1.0, 1.0 ], "enabled": false },
										"down": { "texture": "#castiron", "uv": [ 0.0, 0.0, 1.0, 1.0 ], "enabled": false }
									},
									"children": [
										{
											"name": "shaftblade",
											"from": [ 1.0, 0.0, 0.0 ], 
											"to": [ 2.0, 0.5, 1.0 ], 
											"rotationOrigin": [ 1.0, 0.0, 0.0 ],
											"faces": {
												"north": { "texture": "#castiron", "uv": [ 0.0, 0.0, 1.0, 0.5 ] },
												"east": { "texture": "#castiron", "uv": [ 0.0, 0.0, 1.0, 0.5 ] },
												"south": { "texture": "#castiron", "uv": [ 0.0, 0.0, 1.0, 0.5 ] },
												"west": { "texture": "#castiron", "uv": [ 0.0, 0.0, 1.0, 0.5 ] },
												"up": { "texture": "#castiron", "uv": [ 0.0, 0.0, 1.0, 1.0 ] },
												"down": { "texture": "#castiron", "uv": [ 0.0, 0.0, 1.0, 1.0 ] }
											},
											"children": [
												{
													"name": "shaftblade9",
													"from": [ 0.25, 0.5, 0.25 ], 
													"to": [ 0.75, 1.0, 0.75 ], 
													"faces": {
														"north": { "texture": "#castiron", "uv": [ 0.0, 0.0, 0.5, 0.5 ] },
														"east": { "texture": "#castiron", "uv": [ 0.0, 0.0, 0.5, 0.5 ] },
														"south": { "texture": "#castiron", "uv": [ 0.0, 0.0, 0.5, 0.5 ] },
														"west": { "texture": "#castiron", "uv": [ 0.0, 0.0, 0.5, 0.5 ] },
														"up": { "texture": "#castiron", "uv": [ 0.0, 0.0, 0.5, 0.5 ] },
														"down": { "texture": "#castiron", "uv": [ 0.0, 0.0, 0.5, 0.5 ] }
													}
												}
											]
										},
										{
											"name": "shaftblade10",
											"from": [ 3.25, 0.0, 1.0 ], 
											"to": [ 4.25, 0.5, 2.0 ], 
											"rotationOrigin": [ 3.0, 0.0, 1.0 ],
											"faces": {
												"north": { "texture": "#castiron", "uv": [ 0.0, 0.0, 1.0, 0.5 ] },
												"east": { "texture": "#castiron", "uv": [ 0.0, 0.0, 1.0, 0.5 ] },
												"south": { "texture": "#castiron", "uv": [ 0.0, 0.0, 1.0, 0.5 ] },
												"west": { "texture": "#castiron", "uv": [ 0.0, 0.0, 1.0, 0.5 ] },
												"up": { "texture": "#castiron", "uv": [ 0.0, 0.0, 1.0, 1.0 ] },
												"down": { "texture": "#castiron", "uv": [ 0.0, 0.0, 1.0, 1.0 ] }
											},
											"children": [
												{
													"name": "shaftblade11",
													"from": [ 0.25, 0.5, 0.25 ], 
													"to": [ 0.75, 1.0, 0.75 ], 
													"faces": {
														"north": { "texture": "#castiron", "uv": [ 0.0, 0.0, 0.5, 0.5 ] },
														"east": { "texture": "#castiron", "uv": [ 0.0, 0.0, 0.5, 0.5 ] },
														"south": { "texture": "#castiron", "uv": [ 0.0, 0.0, 0.5, 0.5 ] },
														"west": { "texture": "#castiron", "uv": [ 0.0, 0.0, 0.5, 0.5 ] },
														"up": { "texture": "#castiron", "uv": [ 0.0, 0.0, 0.5, 0.5 ] },
														"down": { "texture": "#castiron", "uv": [ 0.0, 0.0, 0.5, 0.5 ] }
													}
												}
											]
										},
										{
											"name": "shaftblade12",
											"from": [ 5.5, 0.0, 2.0 ], 
											"to": [ 6.5, 0.5, 3.0 ], 
											"rotationOrigin": [ 5.0, 0.0, 2.0 ],
											"faces": {
												"north": { "texture": "#castiron", "uv": [ 0.0, 0.0, 1.0, 0.5 ] },
												"east": { "texture": "#castiron", "uv": [ 0.0, 0.0, 1.0, 0.5 ] },
												"south": { "texture": "#castiron", "uv": [ 0.0, 0.0, 1.0, 0.5 ] },
												"west": { "texture": "#castiron", "uv": [ 0.0, 0.0, 1.0, 0.5 ] },
												"up": { "texture": "#castiron", "uv": [ 0.0, 0.0, 1.0, 1.0 ] },
												"down": { "texture": "#castiron", "uv": [ 0.0, 0.0, 1.0, 1.0 ] }
											},
											"children": [
												{
													"name": "shaftblade13",
													"from": [ 0.25, 0.5, 0.25 ], 
													"to": [ 0.75, 1.0, 0.75 ], 
													"faces": {
														"north": { "texture": "#castiron", "uv": [ 0.0, 0.0, 0.5, 0.5 ] },
														"east": { "texture": "#castiron", "uv": [ 0.0, 0.0, 0.5, 0.5 ] },
														"south": { "texture": "#castiron", "uv": [ 0.0, 0.0, 0.5, 0.5 ] },
														"west": { "texture": "#castiron", "uv": [ 0.0, 0.0, 0.5, 0.5 ] },
														"up": { "texture": "#castiron", "uv": [ 0.0, 0.0, 0.5, 0.5 ] },
														"down": { "texture": "#castiron", "uv": [ 0.0, 0.0, 0.5, 0.5 ] }
													}
												}
											]
										},
										{
											"name": "shaftblade14",
											"from": [ 8.0, 0.0, 3.0 ], 
											"to": [ 9.0, 0.5, 4.0 ], 
											"rotationOrigin": [ 8.0, 0.0, 3.0 ],
											"faces": {
												"north": { "texture": "#castiron", "uv": [ 0.0, 0.0, 1.0, 0.5 ] },
												"east": { "texture": "#castiron", "uv": [ 0.0, 0.0, 1.0, 0.5 ] },
												"south": { "texture": "#castiron", "uv": [ 0.0, 0.0, 1.0, 0.5 ] },
												"west": { "texture": "#castiron", "uv": [ 0.0, 0.0, 1.0, 0.5 ] },
												"up": { "texture": "#castiron", "uv": [ 0.0, 0.0, 1.0, 1.0 ] },
												"down": { "texture": "#castiron", "uv": [ 0.0, 0.0, 1.0, 1.0 ] }
											},
											"children": [
												{
													"name": "shaftblade15",
													"from": [ 0.25, 0.5, 0.25 ], 
													"to": [ 0.75, 1.0, 0.75 ], 
													"faces": {
														"north": { "texture": "#castiron", "uv": [ 0.0, 0.0, 0.5, 0.5 ] },
														"east": { "texture": "#castiron", "uv": [ 0.0, 0.0, 0.5, 0.5 ] },
														"south": { "texture": "#castiron", "uv": [ 0.0, 0.0, 0.5, 0.5 ] },
														"west": { "texture": "#castiron", "uv": [ 0.0, 0.0, 0.5, 0.5 ] },
														"up": { "texture": "#castiron", "uv": [ 0.0, 0.0, 0.5, 0.5 ] },
														"down": { "texture": "#castiron", "uv": [ 0.0, 0.0, 0.5, 0.5 ] }
													}
												}
											]
										}
									]
								},
								{
									"name": "bladeparentF",
									"from": [ 0.0, 4.0, 4.0 ], 
									"to": [ 1.0, 5.0, 5.0 ], 
									"rotationOrigin": [ 0.0, 4.0, 4.0 ],
									"rotationX": 90.0,
									"faces": {
										"north": { "texture": "#castiron", "uv": [ 0.0, 0.0, 1.0, 1.0 ], "enabled": false },
										"east": { "texture": "#castiron", "uv": [ 0.0, 0.0, 1.0, 1.0 ], "enabled": false },
										"south": { "texture": "#castiron", "uv": [ 0.0, 0.0, 1.0, 1.0 ], "enabled": false },
										"west": { "texture": "#castiron", "uv": [ 0.0, 0.0, 1.0, 1.0 ], "enabled": false },
										"up": { "texture": "#castiron", "uv": [ 0.0, 0.0, 1.0, 1.0 ], "enabled": false },
										"down": { "texture": "#castiron", "uv": [ 0.0, 0.0, 1.0, 1.0 ], "enabled": false }
									},
									"children": [
										{
											"name": "shaftblade18",
											"from": [ 1.0, 0.0, 0.0 ], 
											"to": [ 2.0, 0.5, 1.0 ], 
											"rotationOrigin": [ 1.0, 0.0, 0.0 ],
											"faces": {
												"north": { "texture": "#castiron", "uv": [ 0.0, 0.0, 1.0, 0.5 ] },
												"east": { "texture": "#castiron", "uv": [ 0.0, 0.0, 1.0, 0.5 ] },
												"south": { "texture": "#castiron", "uv": [ 0.0, 0.0, 1.0, 0.5 ] },
												"west": { "texture": "#castiron", "uv": [ 0.0, 0.0, 1.0, 0.5 ] },
												"up": { "texture": "#castiron", "uv": [ 0.0, 0.0, 1.0, 1.0 ] },
												"down": { "texture": "#castiron", "uv": [ 0.0, 0.0, 1.0, 1.0 ] }
											},
											"children": [
												{
													"name": "shaftblade19",
													"from": [ 0.25, 0.5, 0.25 ], 
													"to": [ 0.75, 1.0, 0.75 ], 
													"faces": {
														"north": { "texture": "#castiron", "uv": [ 0.0, 0.0, 0.5, 0.5 ] },
														"east": { "texture": "#castiron", "uv": [ 0.0, 0.0, 0.5, 0.5 ] },
														"south": { "texture": "#castiron", "uv": [ 0.0, 0.0, 0.5, 0.5 ] },
														"west": { "texture": "#castiron", "uv": [ 0.0, 0.0, 0.5, 0.5 ] },
														"up": { "texture": "#castiron", "uv": [ 0.0, 0.0, 0.5, 0.5 ] },
														"down": { "texture": "#castiron", "uv": [ 0.0, 0.0, 0.5, 0.5 ] }
													}
												}
											]
										},
										{
											"name": "shaftblade20",
											"from": [ 3.25, 0.0, 1.0 ], 
											"to": [ 4.25, 0.5, 2.0 ], 
											"rotationOrigin": [ 3.0, 0.0, 1.0 ],
											"faces": {
												"north": { "texture": "#castiron", "uv": [ 0.0, 0.0, 1.0, 0.5 ] },
												"east": { "texture": "#castiron", "uv": [ 0.0, 0.0, 1.0, 0.5 ] },
												"south": { "texture": "#castiron", "uv": [ 0.0, 0.0, 1.0, 0.5 ] },
												"west": { "texture": "#castiron", "uv": [ 0.0, 0.0, 1.0, 0.5 ] },
												"up": { "texture": "#castiron", "uv": [ 0.0, 0.0, 1.0, 1.0 ] },
												"down": { "texture": "#castiron", "uv": [ 0.0, 0.0, 1.0, 1.0 ] }
											},
											"children": [
												{
													"name": "shaftblade21",
													"from": [ 0.25, 0.5, 0.25 ], 
													"to": [ 0.75, 1.0, 0.75 ], 
													"faces": {
														"north": { "texture": "#castiron", "uv": [ 0.0, 0.0, 0.5, 0.5 ] },
														"east": { "texture": "#castiron", "uv": [ 0.0, 0.0, 0.5, 0.5 ] },
														"south": { "texture": "#castiron", "uv": [ 0.0, 0.0, 0.5, 0.5 ] },
														"west": { "texture": "#castiron", "uv": [ 0.0, 0.0, 0.5, 0.5 ] },
														"up": { "texture": "#castiron", "uv": [ 0.0, 0.0, 0.5, 0.5 ] },
														"down": { "texture": "#castiron", "uv": [ 0.0, 0.0, 0.5, 0.5 ] }
													}
												}
											]
										},
										{
											"name": "shaftblade22",
											"from": [ 5.5, 0.0, 2.0 ], 
											"to": [ 6.5, 0.5, 3.0 ], 
											"rotationOrigin": [ 5.0, 0.0, 2.0 ],
											"faces": {
												"north": { "texture": "#castiron", "uv": [ 0.0, 0.0, 1.0, 0.5 ] },
												"east": { "texture": "#castiron", "uv": [ 0.0, 0.0, 1.0, 0.5 ] },
												"south": { "texture": "#castiron", "uv": [ 0.0, 0.0, 1.0, 0.5 ] },
												"west": { "texture": "#castiron", "uv": [ 0.0, 0.0, 1.0, 0.5 ] },
												"up": { "texture": "#castiron", "uv": [ 0.0, 0.0, 1.0, 1.0 ] },
												"down": { "texture": "#castiron", "uv": [ 0.0, 0.0, 1.0, 1.0 ] }
											},
											"children": [
												{
													"name": "shaftblade23",
													"from": [ 0.25, 0.5, 0.25 ], 
													"to": [ 0.75, 1.0, 0.75 ], 
													"faces": {
														"north": { "texture": "#castiron", "uv": [ 0.0, 0.0, 0.5, 0.5 ] },
														"east": { "texture": "#castiron", "uv": [ 0.0, 0.0, 0.5, 0.5 ] },
														"south": { "texture": "#castiron", "uv": [ 0.0, 0.0, 0.5, 0.5 ] },
														"west": { "texture": "#castiron", "uv": [ 0.0, 0.0, 0.5, 0.5 ] },
														"up": { "texture": "#castiron", "uv": [ 0.0, 0.0, 0.5, 0.5 ] },
														"down": { "texture": "#castiron", "uv": [ 0.0, 0.0, 0.5, 0.5 ] }
													}
												}
											]
										},
										{
											"name": "shaftblade24",
											"from": [ 8.0, 0.0, 3.0 ], 
											"to": [ 9.0, 0.5, 4.0 ], 
											"rotationOrigin": [ 8.0, 0.0, 3.0 ],
											"faces": {
												"north": { "texture": "#castiron", "uv": [ 0.0, 0.0, 1.0, 0.5 ] },
												"east": { "texture": "#castiron", "uv": [ 0.0, 0.0, 1.0, 0.5 ] },
												"south": { "texture": "#castiron", "uv": [ 0.0, 0.0, 1.0, 0.5 ] },
												"west": { "texture": "#castiron", "uv": [ 0.0, 0.0, 1.0, 0.5 ] },
												"up": { "texture": "#castiron", "uv": [ 0.0, 0.0, 1.0, 1.0 ] },
												"down": { "texture": "#castiron", "uv": [ 0.0, 0.0, 1.0, 1.0 ] }
											},
											"children": [
												{
													"name": "shaftblade25",
													"from": [ 0.25, 0.5, 0.25 ], 
													"to": [ 0.75, 1.0, 0.75 ], 
													"faces": {
														"north": { "texture": "#castiron", "uv": [ 0.0, 0.0, 0.5, 0.5 ] },
														"east": { "texture": "#castiron", "uv": [ 0.0, 0.0, 0.5, 0.5 ] },
														"south": { "texture": "#castiron", "uv": [ 0.0, 0.0, 0.5, 0.5 ] },
														"west": { "texture": "#castiron", "uv": [ 0.0, 0.0, 0.5, 0.5 ] },
														"up": { "texture": "#castiron", "uv": [ 0.0, 0.0, 0.5, 0.5 ] },
														"down": { "texture": "#castiron", "uv": [ 0.0, 0.0, 0.5, 0.5 ] }
													}
												}
											]
										}
									]
								},
								{
									"name": "bladeparentupdown",
									"from": [ 0.0, 0.0, 4.0 ], 
									"to": [ 1.0, 1.0, 5.0 ], 
									"rotationOrigin": [ 0.0, 0.0, 4.0 ],
									"rotationX": 180.0,
									"faces": {
										"north": { "texture": "#castiron", "uv": [ 0.0, 0.0, 1.0, 1.0 ], "enabled": false },
										"east": { "texture": "#castiron", "uv": [ 0.0, 0.0, 1.0, 1.0 ], "enabled": false },
										"south": { "texture": "#castiron", "uv": [ 0.0, 0.0, 1.0, 1.0 ], "enabled": false },
										"west": { "texture": "#castiron", "uv": [ 0.0, 0.0, 1.0, 1.0 ], "enabled": false },
										"up": { "texture": "#castiron", "uv": [ 0.0, 0.0, 1.0, 1.0 ], "enabled": false },
										"down": { "texture": "#castiron", "uv": [ 0.0, 0.0, 1.0, 1.0 ], "enabled": false }
									},
									"children": [
										{
											"name": "shaftblade27",
											"from": [ 1.0, 0.0, 0.0 ], 
											"to": [ 2.0, 0.5, 1.0 ], 
											"rotationOrigin": [ 1.0, 0.0, 0.0 ],
											"faces": {
												"north": { "texture": "#castiron", "uv": [ 0.0, 0.0, 1.0, 0.5 ] },
												"east": { "texture": "#castiron", "uv": [ 0.0, 0.0, 1.0, 0.5 ] },
												"south": { "texture": "#castiron", "uv": [ 0.0, 0.0, 1.0, 0.5 ] },
												"west": { "texture": "#castiron", "uv": [ 0.0, 0.0, 1.0, 0.5 ] },
												"up": { "texture": "#castiron", "uv": [ 0.0, 0.0, 1.0, 1.0 ] },
												"down": { "texture": "#castiron", "uv": [ 0.0, 0.0, 1.0, 1.0 ] }
											},
											"children": [
												{
													"name": "shaftblade28",
													"from": [ 0.25, 0.5, 0.25 ], 
													"to": [ 0.75, 1.0, 0.75 ], 
													"faces": {
														"north": { "texture": "#castiron", "uv": [ 0.0, 0.0, 0.5, 0.5 ] },
														"east": { "texture": "#castiron", "uv": [ 0.0, 0.0, 0.5, 0.5 ] },
														"south": { "texture": "#castiron", "uv": [ 0.0, 0.0, 0.5, 0.5 ] },
														"west": { "texture": "#castiron", "uv": [ 0.0, 0.0, 0.5, 0.5 ] },
														"up": { "texture": "#castiron", "uv": [ 0.0, 0.0, 0.5, 0.5 ] },
														"down": { "texture": "#castiron", "uv": [ 0.0, 0.0, 0.5, 0.5 ] }
													}
												}
											]
										},
										{
											"name": "shaftblade29",
											"from": [ 3.25, 0.0, 1.0 ], 
											"to": [ 4.25, 0.5, 2.0 ], 
											"rotationOrigin": [ 3.0, 0.0, 1.0 ],
											"faces": {
												"north": { "texture": "#castiron", "uv": [ 0.0, 0.0, 1.0, 0.5 ] },
												"east": { "texture": "#castiron", "uv": [ 0.0, 0.0, 1.0, 0.5 ] },
												"south": { "texture": "#castiron", "uv": [ 0.0, 0.0, 1.0, 0.5 ] },
												"west": { "texture": "#castiron", "uv": [ 0.0, 0.0, 1.0, 0.5 ] },
												"up": { "texture": "#castiron", "uv": [ 0.0, 0.0, 1.0, 1.0 ] },
												"down": { "texture": "#castiron", "uv": [ 0.0, 0.0, 1.0, 1.0 ] }
											},
											"children": [
												{
													"name": "shaftblade30",
													"from": [ 0.25, 0.5, 0.25 ], 
													"to": [ 0.75, 1.0, 0.75 ], 
													"faces": {
														"north": { "texture": "#castiron", "uv": [ 0.0, 0.0, 0.5, 0.5 ] },
														"east": { "texture": "#castiron", "uv": [ 0.0, 0.0, 0.5, 0.5 ] },
														"south": { "texture": "#castiron", "uv": [ 0.0, 0.0, 0.5, 0.5 ] },
														"west": { "texture": "#castiron", "uv": [ 0.0, 0.0, 0.5, 0.5 ] },
														"up": { "texture": "#castiron", "uv": [ 0.0, 0.0, 0.5, 0.5 ] },
														"down": { "texture": "#castiron", "uv": [ 0.0, 0.0, 0.5, 0.5 ] }
													}
												}
											]
										},
										{
											"name": "shaftblade31",
											"from": [ 5.5, 0.0, 2.0 ], 
											"to": [ 6.5, 0.5, 3.0 ], 
											"rotationOrigin": [ 5.0, 0.0, 2.0 ],
											"faces": {
												"north": { "texture": "#castiron", "uv": [ 0.0, 0.0, 1.0, 0.5 ] },
												"east": { "texture": "#castiron", "uv": [ 0.0, 0.0, 1.0, 0.5 ] },
												"south": { "texture": "#castiron", "uv": [ 0.0, 0.0, 1.0, 0.5 ] },
												"west": { "texture": "#castiron", "uv": [ 0.0, 0.0, 1.0, 0.5 ] },
												"up": { "texture": "#castiron", "uv": [ 0.0, 0.0, 1.0, 1.0 ] },
												"down": { "texture": "#castiron", "uv": [ 0.0, 0.0, 1.0, 1.0 ] }
											},
											"children": [
												{
													"name": "shaftblade32",
													"from": [ 0.25, 0.5, 0.25 ], 
													"to": [ 0.75, 1.0, 0.75 ], 
													"faces": {
														"north": { "texture": "#castiron", "uv": [ 0.0, 0.0, 0.5, 0.5 ] },
														"east": { "texture": "#castiron", "uv": [ 0.0, 0.0, 0.5, 0.5 ] },
														"south": { "texture": "#castiron", "uv": [ 0.0, 0.0, 0.5, 0.5 ] },
														"west": { "texture": "#castiron", "uv": [ 0.0, 0.0, 0.5, 0.5 ] },
														"up": { "texture": "#castiron", "uv": [ 0.0, 0.0, 0.5, 0.5 ] },
														"down": { "texture": "#castiron", "uv": [ 0.0, 0.0, 0.5, 0.5 ] }
													}
												}
											]
										},
										{
											"name": "shaftblade33",
											"from": [ 8.0, 0.0, 3.0 ], 
											"to": [ 9.0, 0.5, 4.0 ], 
											"rotationOrigin": [ 8.0, 0.0, 3.0 ],
											"faces": {
												"north": { "texture": "#castiron", "uv": [ 0.0, 0.0, 1.0, 0.5 ] },
												"east": { "texture": "#castiron", "uv": [ 0.0, 0.0, 1.0, 0.5 ] },
												"south": { "texture": "#castiron", "uv": [ 0.0, 0.0, 1.0, 0.5 ] },
												"west": { "texture": "#castiron", "uv": [ 0.0, 0.0, 1.0, 0.5 ] },
												"up": { "texture": "#castiron", "uv": [ 0.0, 0.0, 1.0, 1.0 ] },
												"down": { "texture": "#castiron", "uv": [ 0.0, 0.0, 1.0, 1.0 ] }
											},
											"children": [
												{
													"name": "shaftblade34",
													"from": [ 0.25, 0.5, 0.25 ], 
													"to": [ 0.75, 1.0, 0.75 ], 
													"faces": {
														"north": { "texture": "#castiron", "uv": [ 0.0, 0.0, 0.5, 0.5 ] },
														"east": { "texture": "#castiron", "uv": [ 0.0, 0.0, 0.5, 0.5 ] },
														"south": { "texture": "#castiron", "uv": [ 0.0, 0.0, 0.5, 0.5 ] },
														"west": { "texture": "#castiron", "uv": [ 0.0, 0.0, 0.5, 0.5 ] },
														"up": { "texture": "#castiron", "uv": [ 0.0, 0.0, 0.5, 0.5 ] },
														"down": { "texture": "#castiron", "uv": [ 0.0, 0.0, 0.5, 0.5 ] }
													}
												}
											]
										}
									]
								},
								{
									"name": "bladeparentB",
									"from": [ 0.0, 0.0, 0.0 ], 
									"to": [ 1.0, 1.0, 1.0 ], 
									"rotationOrigin": [ 0.0, 0.0, 0.0 ],
									"rotationX": -90.0,
									"faces": {
										"north": { "texture": "#castiron", "uv": [ 0.0, 0.0, 1.0, 1.0 ], "enabled": false },
										"east": { "texture": "#castiron", "uv": [ 0.0, 0.0, 1.0, 1.0 ], "enabled": false },
										"south": { "texture": "#castiron", "uv": [ 0.0, 0.0, 1.0, 1.0 ], "enabled": false },
										"west": { "texture": "#castiron", "uv": [ 0.0, 0.0, 1.0, 1.0 ], "enabled": false },
										"up": { "texture": "#castiron", "uv": [ 0.0, 0.0, 1.0, 1.0 ], "enabled": false },
										"down": { "texture": "#castiron", "uv": [ 0.0, 0.0, 1.0, 1.0 ], "enabled": false }
									},
									"children": [
										{
											"name": "shaftblade36",
											"from": [ 1.0, 0.0, 0.0 ], 
											"to": [ 2.0, 0.5, 1.0 ], 
											"rotationOrigin": [ 1.0, 0.0, 0.0 ],
											"faces": {
												"north": { "texture": "#castiron", "uv": [ 0.0, 0.0, 1.0, 0.5 ] },
												"east": { "texture": "#castiron", "uv": [ 0.0, 0.0, 1.0, 0.5 ] },
												"south": { "texture": "#castiron", "uv": [ 0.0, 0.0, 1.0, 0.5 ] },
												"west": { "texture": "#castiron", "uv": [ 0.0, 0.0, 1.0, 0.5 ] },
												"up": { "texture": "#castiron", "uv": [ 0.0, 0.0, 1.0, 1.0 ] },
												"down": { "texture": "#castiron", "uv": [ 0.0, 0.0, 1.0, 1.0 ] }
											},
											"children": [
												{
													"name": "shaftblade37",
													"from": [ 0.25, 0.5, 0.25 ], 
													"to": [ 0.75, 1.0, 0.75 ], 
													"faces": {
														"north": { "texture": "#castiron", "uv": [ 0.0, 0.0, 0.5, 0.5 ] },
														"east": { "texture": "#castiron", "uv": [ 0.0, 0.0, 0.5, 0.5 ] },
														"south": { "texture": "#castiron", "uv": [ 0.0, 0.0, 0.5, 0.5 ] },
														"west": { "texture": "#castiron", "uv": [ 0.0, 0.0, 0.5, 0.5 ] },
														"up": { "texture": "#castiron", "uv": [ 0.0, 0.0, 0.5, 0.5 ] },
														"down": { "texture": "#castiron", "uv": [ 0.0, 0.0, 0.5, 0.5 ] }
													}
												}
											]
										},
										{
											"name": "shaftblade38",
											"from": [ 3.25, 0.0, 1.0 ], 
											"to": [ 4.25, 0.5, 2.0 ], 
											"rotationOrigin": [ 3.0, 0.0, 1.0 ],
											"faces": {
												"north": { "texture": "#castiron", "uv": [ 0.0, 0.0, 1.0, 0.5 ] },
												"east": { "texture": "#castiron", "uv": [ 0.0, 0.0, 1.0, 0.5 ] },
												"south": { "texture": "#castiron", "uv": [ 0.0, 0.0, 1.0, 0.5 ] },
												"west": { "texture": "#castiron", "uv": [ 0.0, 0.0, 1.0, 0.5 ] },
												"up": { "texture": "#castiron", "uv": [ 0.0, 0.0, 1.0, 1.0 ] },
												"down": { "texture": "#castiron", "uv": [ 0.0, 0.0, 1.0, 1.0 ] }
											},
											"children": [
												{
													"name": "shaftblade39",
													"from": [ 0.25, 0.5, 0.25 ], 
													"to": [ 0.75, 1.0, 0.75 ], 
													"faces": {
														"north": { "texture": "#castiron", "uv": [ 0.0, 0.0, 0.5, 0.5 ] },
														"east": { "texture": "#castiron", "uv": [ 0.0, 0.0, 0.5, 0.5 ] },
														"south": { "texture": "#castiron", "uv": [ 0.0, 0.0, 0.5, 0.5 ] },
														"west": { "texture": "#castiron", "uv": [ 0.0, 0.0, 0.5, 0.5 ] },
														"up": { "texture": "#castiron", "uv": [ 0.0, 0.0, 0.5, 0.5 ] },
														"down": { "texture": "#castiron", "uv": [ 0.0, 0.0, 0.5, 0.5 ] }
													}
												}
											]
										},
										{
											"name": "shaftblade40",
											"from": [ 5.5, 0.0, 2.0 ], 
											"to": [ 6.5, 0.5, 3.0 ], 
											"rotationOrigin": [ 5.0, 0.0, 2.0 ],
											"faces": {
												"north": { "texture": "#castiron", "uv": [ 0.0, 0.0, 1.0, 0.5 ] },
												"east": { "texture": "#castiron", "uv": [ 0.0, 0.0, 1.0, 0.5 ] },
												"south": { "texture": "#castiron", "uv": [ 0.0, 0.0, 1.0, 0.5 ] },
												"west": { "texture": "#castiron", "uv": [ 0.0, 0.0, 1.0, 0.5 ] },
												"up": { "texture": "#castiron", "uv": [ 0.0, 0.0, 1.0, 1.0 ] },
												"down": { "texture": "#castiron", "uv": [ 0.0, 0.0, 1.0, 1.0 ] }
											},
											"children": [
												{
													"name": "shaftblade41",
													"from": [ 0.25, 0.5, 0.25 ], 
													"to": [ 0.75, 1.0, 0.75 ], 
													"faces": {
														"north": { "texture": "#castiron", "uv": [ 0.0, 0.0, 0.5, 0.5 ] },
														"east": { "texture": "#castiron", "uv": [ 0.0, 0.0, 0.5, 0.5 ] },
														"south": { "texture": "#castiron", "uv": [ 0.0, 0.0, 0.5, 0.5 ] },
														"west": { "texture": "#castiron", "uv": [ 0.0, 0.0, 0.5, 0.5 ] },
														"up": { "texture": "#castiron", "uv": [ 0.0, 0.0, 0.5, 0.5 ] },
														"down": { "texture": "#castiron", "uv": [ 0.0, 0.0, 0.5, 0.5 ] }
													}
												}
											]
										},
										{
											"name": "shaftblade42",
											"from": [ 8.0, 0.0, 3.0 ], 
											"to": [ 9.0, 0.5, 4.0 ], 
											"rotationOrigin": [ 8.0, 0.0, 3.0 ],
											"faces": {
												"north": { "texture": "#castiron", "uv": [ 0.0, 0.0, 1.0, 0.5 ] },
												"east": { "texture": "#castiron", "uv": [ 0.0, 0.0, 1.0, 0.5 ] },
												"south": { "texture": "#castiron", "uv": [ 0.0, 0.0, 1.0, 0.5 ] },
												"west": { "texture": "#castiron", "uv": [ 0.0, 0.0, 1.0, 0.5 ] },
												"up": { "texture": "#castiron", "uv": [ 0.0, 0.0, 1.0, 1.0 ] },
												"down": { "texture": "#castiron", "uv": [ 0.0, 0.0, 1.0, 1.0 ] }
											},
											"children": [
												{
													"name": "shaftblade43",
													"from": [ 0.25, 0.5, 0.25 ], 
													"to": [ 0.75, 1.0, 0.75 ], 
													"faces": {
														"north": { "texture": "#castiron", "uv": [ 0.0, 0.0, 0.5, 0.5 ] },
														"east": { "texture": "#castiron", "uv": [ 0.0, 0.0, 0.5, 0.5 ] },
														"south": { "texture": "#castiron", "uv": [ 0.0, 0.0, 0.5, 0.5 ] },
														"west": { "texture": "#castiron", "uv": [ 0.0, 0.0, 0.5, 0.5 ] },
														"up": { "texture": "#castiron", "uv": [ 0.0, 0.0, 0.5, 0.5 ] },
														"down": { "texture": "#castiron", "uv": [ 0.0, 0.0, 0.5, 0.5 ] }
													}
												}
											]
										}
									]
								}
							]
						}
					]
				}
			]
		},
		{
			"name": "grinder2",
			"from": [ 2.0, 6.5, 8.5 ], 
			"to": [ 3.0, 11.5, 13.5 ], 
			"rotationOrigin": [ 2.0, 6.0, 9.0 ],
			"faces": {
				"north": { "texture": "#shinybrass", "uv": [ 0.0, 0.0, 1.0, 5.0 ] },
				"east": { "texture": "#shinybrass", "uv": [ 0.0, 0.0, 5.0, 5.0 ] },
				"south": { "texture": "#shinybrass", "uv": [ 0.0, 0.0, 1.0, 5.0 ] },
				"west": { "texture": "#shinybrass", "uv": [ 0.0, 0.0, 5.0, 5.0 ] },
				"up": { "texture": "#shinybrass", "uv": [ 0.0, 0.0, 1.0, 5.0 ] },
				"down": { "texture": "#shinybrass", "uv": [ 0.0, 0.0, 1.0, 5.0 ] }
			},
			"children": [
				{
					"name": "shaftcap46",
					"from": [ 11.0, 0.0, 0.0 ], 
					"to": [ 12.0, 5.0, 5.0 ], 
					"rotationOrigin": [ 11.0, -0.5, 0.5 ],
					"faces": {
						"north": { "texture": "#shinybrass", "uv": [ 0.0, 0.0, 1.0, 5.0 ] },
						"east": { "texture": "#shinybrass", "uv": [ 0.0, 0.0, 5.0, 5.0 ] },
						"south": { "texture": "#shinybrass", "uv": [ 0.0, 0.0, 1.0, 5.0 ] },
						"west": { "texture": "#shinybrass", "uv": [ 0.0, 0.0, 5.0, 5.0 ] },
						"up": { "texture": "#shinybrass", "uv": [ 0.0, 0.0, 1.0, 5.0 ] },
						"down": { "texture": "#shinybrass", "uv": [ 0.0, 0.0, 1.0, 5.0 ] }
					}
				},
				{
					"name": "grinder shaft axis 2",
					"from": [ -1.0, 2.0, 2.0 ], 
					"to": [ 13.0, 3.0, 3.0 ], 
					"rotationOrigin": [ 0.0, 2.5, 2.5 ],
					"rotationX": -45.0,
					"faces": {
						"north": { "texture": "#castiron", "uv": [ 0.0, 0.0, 14.0, 1.0 ] },
						"east": { "texture": "#castiron", "uv": [ 0.0, 0.0, 1.0, 1.0 ] },
						"south": { "texture": "#castiron", "uv": [ 0.0, 0.0, 14.0, 1.0 ] },
						"west": { "texture": "#castiron", "uv": [ 0.0, 0.0, 1.0, 1.0 ] },
						"up": { "texture": "#castiron", "uv": [ 0.0, 0.0, 14.0, 1.0 ] },
						"down": { "texture": "#castiron", "uv": [ 0.0, 0.0, 14.0, 1.0 ] }
					},
					"children": [
						{
							"name": "shaft48",
							"from": [ 2.0, -1.5, -1.5 ], 
							"to": [ 12.0, 2.5, 2.5 ], 
							"rotationOrigin": [ 2.0, -1.5, -1.5 ],
							"faces": {
								"north": { "texture": "#castiron", "uv": [ 0.0, 0.0, 10.0, 4.0 ] },
								"east": { "texture": "#castiron", "uv": [ 0.0, 0.0, 4.0, 4.0 ] },
								"south": { "texture": "#castiron", "uv": [ 0.0, 0.0, 10.0, 4.0 ] },
								"west": { "texture": "#castiron", "uv": [ 0.0, 0.0, 4.0, 4.0 ] },
								"up": { "texture": "#castiron", "uv": [ 0.0, 0.0, 10.0, 4.0 ] },
								"down": { "texture": "#castiron", "uv": [ 0.0, 0.0, 10.0, 4.0 ] }
							},
							"children": [
								{
									"name": "bladeparentup49",
									"from": [ 0.0, 4.0, 0.0 ], 
									"to": [ 1.0, 5.0, 1.0 ], 
									"rotationOrigin": [ 0.0, 4.0, 0.0 ],
									"faces": {
										"north": { "texture": "#castiron", "uv": [ 0.0, 0.0, 1.0, 1.0 ], "enabled": false },
										"east": { "texture": "#castiron", "uv": [ 0.0, 0.0, 1.0, 1.0 ], "enabled": false },
										"south": { "texture": "#castiron", "uv": [ 0.0, 0.0, 1.0, 1.0 ], "enabled": false },
										"west": { "texture": "#castiron", "uv": [ 0.0, 0.0, 1.0, 1.0 ], "enabled": false },
										"up": { "texture": "#castiron", "uv": [ 0.0, 0.0, 1.0, 1.0 ], "enabled": false },
										"down": { "texture": "#castiron", "uv": [ 0.0, 0.0, 1.0, 1.0 ], "enabled": false }
									},
									"children": [
										{
											"name": "shaftblade50",
											"from": [ 1.0, 0.0, 0.0 ], 
											"to": [ 2.0, 0.5, 1.0 ], 
											"rotationOrigin": [ 1.0, 0.0, 0.0 ],
											"faces": {
												"north": { "texture": "#castiron", "uv": [ 0.0, 0.0, 1.0, 0.5 ] },
												"east": { "texture": "#castiron", "uv": [ 0.0, 0.0, 1.0, 0.5 ] },
												"south": { "texture": "#castiron", "uv": [ 0.0, 0.0, 1.0, 0.5 ] },
												"west": { "texture": "#castiron", "uv": [ 0.0, 0.0, 1.0, 0.5 ] },
												"up": { "texture": "#castiron", "uv": [ 0.0, 0.0, 1.0, 1.0 ] },
												"down": { "texture": "#castiron", "uv": [ 0.0, 0.0, 1.0, 1.0 ] }
											},
											"children": [
												{
													"name": "shaftblade51",
													"from": [ 0.25, 0.5, 0.25 ], 
													"to": [ 0.75, 1.0, 0.75 ], 
													"faces": {
														"north": { "texture": "#castiron", "uv": [ 0.0, 0.0, 0.5, 0.5 ] },
														"east": { "texture": "#castiron", "uv": [ 0.0, 0.0, 0.5, 0.5 ] },
														"south": { "texture": "#castiron", "uv": [ 0.0, 0.0, 0.5, 0.5 ] },
														"west": { "texture": "#castiron", "uv": [ 0.0, 0.0, 0.5, 0.5 ] },
														"up": { "texture": "#castiron", "uv": [ 0.0, 0.0, 0.5, 0.5 ] },
														"down": { "texture": "#castiron", "uv": [ 0.0, 0.0, 0.5, 0.5 ] }
													}
												}
											]
										},
										{
											"name": "shaftblade52",
											"from": [ 3.25, 0.0, 1.0 ], 
											"to": [ 4.25, 0.5, 2.0 ], 
											"rotationOrigin": [ 3.0, 0.0, 1.0 ],
											"faces": {
												"north": { "texture": "#castiron", "uv": [ 0.0, 0.0, 1.0, 0.5 ] },
												"east": { "texture": "#castiron", "uv": [ 0.0, 0.0, 1.0, 0.5 ] },
												"south": { "texture": "#castiron", "uv": [ 0.0, 0.0, 1.0, 0.5 ] },
												"west": { "texture": "#castiron", "uv": [ 0.0, 0.0, 1.0, 0.5 ] },
												"up": { "texture": "#castiron", "uv": [ 0.0, 0.0, 1.0, 1.0 ] },
												"down": { "texture": "#castiron", "uv": [ 0.0, 0.0, 1.0, 1.0 ] }
											},
											"children": [
												{
													"name": "shaftblade53",
													"from": [ 0.25, 0.5, 0.25 ], 
													"to": [ 0.75, 1.0, 0.75 ], 
													"faces": {
														"north": { "texture": "#castiron", "uv": [ 0.0, 0.0, 0.5, 0.5 ] },
														"east": { "texture": "#castiron", "uv": [ 0.0, 0.0, 0.5, 0.5 ] },
														"south": { "texture": "#castiron", "uv": [ 0.0, 0.0, 0.5, 0.5 ] },
														"west": { "texture": "#castiron", "uv": [ 0.0, 0.0, 0.5, 0.5 ] },
														"up": { "texture": "#castiron", "uv": [ 0.0, 0.0, 0.5, 0.5 ] },
														"down": { "texture": "#castiron", "uv": [ 0.0, 0.0, 0.5, 0.5 ] }
													}
												}
											]
										},
										{
											"name": "shaftblade54",
											"from": [ 5.5, 0.0, 2.0 ], 
											"to": [ 6.5, 0.5, 3.0 ], 
											"rotationOrigin": [ 5.0, 0.0, 2.0 ],
											"faces": {
												"north": { "texture": "#castiron", "uv": [ 0.0, 0.0, 1.0, 0.5 ] },
												"east": { "texture": "#castiron", "uv": [ 0.0, 0.0, 1.0, 0.5 ] },
												"south": { "texture": "#castiron", "uv": [ 0.0, 0.0, 1.0, 0.5 ] },
												"west": { "texture": "#castiron", "uv": [ 0.0, 0.0, 1.0, 0.5 ] },
												"up": { "texture": "#castiron", "uv": [ 0.0, 0.0, 1.0, 1.0 ] },
												"down": { "texture": "#castiron", "uv": [ 0.0, 0.0, 1.0, 1.0 ] }
											},
											"children": [
												{
													"name": "shaftblade55",
													"from": [ 0.25, 0.5, 0.25 ], 
													"to": [ 0.75, 1.0, 0.75 ], 
													"faces": {
														"north": { "texture": "#castiron", "uv": [ 0.0, 0.0, 0.5, 0.5 ] },
														"east": { "texture": "#castiron", "uv": [ 0.0, 0.0, 0.5, 0.5 ] },
														"south": { "texture": "#castiron", "uv": [ 0.0, 0.0, 0.5, 0.5 ] },
														"west": { "texture": "#castiron", "uv": [ 0.0, 0.0, 0.5, 0.5 ] },
														"up": { "texture": "#castiron", "uv": [ 0.0, 0.0, 0.5, 0.5 ] },
														"down": { "texture": "#castiron", "uv": [ 0.0, 0.0, 0.5, 0.5 ] }
													}
												}
											]
										},
										{
											"name": "shaftblade56",
											"from": [ 8.0, 0.0, 3.0 ], 
											"to": [ 9.0, 0.5, 4.0 ], 
											"rotationOrigin": [ 8.0, 0.0, 3.0 ],
											"faces": {
												"north": { "texture": "#castiron", "uv": [ 0.0, 0.0, 1.0, 0.5 ] },
												"east": { "texture": "#castiron", "uv": [ 0.0, 0.0, 1.0, 0.5 ] },
												"south": { "texture": "#castiron", "uv": [ 0.0, 0.0, 1.0, 0.5 ] },
												"west": { "texture": "#castiron", "uv": [ 0.0, 0.0, 1.0, 0.5 ] },
												"up": { "texture": "#castiron", "uv": [ 0.0, 0.0, 1.0, 1.0 ] },
												"down": { "texture": "#castiron", "uv": [ 0.0, 0.0, 1.0, 1.0 ] }
											},
											"children": [
												{
													"name": "shaftblade57",
													"from": [ 0.25, 0.5, 0.25 ], 
													"to": [ 0.75, 1.0, 0.75 ], 
													"faces": {
														"north": { "texture": "#castiron", "uv": [ 0.0, 0.0, 0.5, 0.5 ] },
														"east": { "texture": "#castiron", "uv": [ 0.0, 0.0, 0.5, 0.5 ] },
														"south": { "texture": "#castiron", "uv": [ 0.0, 0.0, 0.5, 0.5 ] },
														"west": { "texture": "#castiron", "uv": [ 0.0, 0.0, 0.5, 0.5 ] },
														"up": { "texture": "#castiron", "uv": [ 0.0, 0.0, 0.5, 0.5 ] },
														"down": { "texture": "#castiron", "uv": [ 0.0, 0.0, 0.5, 0.5 ] }
													}
												}
											]
										}
									]
								},
								{
									"name": "bladeparentF58",
									"from": [ 0.0, 4.0, 4.0 ], 
									"to": [ 1.0, 5.0, 5.0 ], 
									"rotationOrigin": [ 0.0, 4.0, 4.0 ],
									"rotationX": 90.0,
									"faces": {
										"north": { "texture": "#castiron", "uv": [ 0.0, 0.0, 1.0, 1.0 ], "enabled": false },
										"east": { "texture": "#castiron", "uv": [ 0.0, 0.0, 1.0, 1.0 ], "enabled": false },
										"south": { "texture": "#castiron", "uv": [ 0.0, 0.0, 1.0, 1.0 ], "enabled": false },
										"west": { "texture": "#castiron", "uv": [ 0.0, 0.0, 1.0, 1.0 ], "enabled": false },
										"up": { "texture": "#castiron", "uv": [ 0.0, 0.0, 1.0, 1.0 ], "enabled": false },
										"down": { "texture": "#castiron", "uv": [ 0.0, 0.0, 1.0, 1.0 ], "enabled": false }
									},
									"children": [
										{
											"name": "shaftblade59",
											"from": [ 1.0, 0.0, 0.0 ], 
											"to": [ 2.0, 0.5, 1.0 ], 
											"rotationOrigin": [ 1.0, 0.0, 0.0 ],
											"faces": {
												"north": { "texture": "#castiron", "uv": [ 0.0, 0.0, 1.0, 0.5 ] },
												"east": { "texture": "#castiron", "uv": [ 0.0, 0.0, 1.0, 0.5 ] },
												"south": { "texture": "#castiron", "uv": [ 0.0, 0.0, 1.0, 0.5 ] },
												"west": { "texture": "#castiron", "uv": [ 0.0, 0.0, 1.0, 0.5 ] },
												"up": { "texture": "#castiron", "uv": [ 0.0, 0.0, 1.0, 1.0 ] },
												"down": { "texture": "#castiron", "uv": [ 0.0, 0.0, 1.0, 1.0 ] }
											},
											"children": [
												{
													"name": "shaftblade60",
													"from": [ 0.25, 0.5, 0.25 ], 
													"to": [ 0.75, 1.0, 0.75 ], 
													"faces": {
														"north": { "texture": "#castiron", "uv": [ 0.0, 0.0, 0.5, 0.5 ] },
														"east": { "texture": "#castiron", "uv": [ 0.0, 0.0, 0.5, 0.5 ] },
														"south": { "texture": "#castiron", "uv": [ 0.0, 0.0, 0.5, 0.5 ] },
														"west": { "texture": "#castiron", "uv": [ 0.0, 0.0, 0.5, 0.5 ] },
														"up": { "texture": "#castiron", "uv": [ 0.0, 0.0, 0.5, 0.5 ] },
														"down": { "texture": "#castiron", "uv": [ 0.0, 0.0, 0.5, 0.5 ] }
													}
												}
											]
										},
										{
											"name": "shaftblade61",
											"from": [ 3.25, 0.0, 1.0 ], 
											"to": [ 4.25, 0.5, 2.0 ], 
											"rotationOrigin": [ 3.0, 0.0, 1.0 ],
											"faces": {
												"north": { "texture": "#castiron", "uv": [ 0.0, 0.0, 1.0, 0.5 ] },
												"east": { "texture": "#castiron", "uv": [ 0.0, 0.0, 1.0, 0.5 ] },
												"south": { "texture": "#castiron", "uv": [ 0.0, 0.0, 1.0, 0.5 ] },
												"west": { "texture": "#castiron", "uv": [ 0.0, 0.0, 1.0, 0.5 ] },
												"up": { "texture": "#castiron", "uv": [ 0.0, 0.0, 1.0, 1.0 ] },
												"down": { "texture": "#castiron", "uv": [ 0.0, 0.0, 1.0, 1.0 ] }
											},
											"children": [
												{
													"name": "shaftblade62",
													"from": [ 0.25, 0.5, 0.25 ], 
													"to": [ 0.75, 1.0, 0.75 ], 
													"faces": {
														"north": { "texture": "#castiron", "uv": [ 0.0, 0.0, 0.5, 0.5 ] },
														"east": { "texture": "#castiron", "uv": [ 0.0, 0.0, 0.5, 0.5 ] },
														"south": { "texture": "#castiron", "uv": [ 0.0, 0.0, 0.5, 0.5 ] },
														"west": { "texture": "#castiron", "uv": [ 0.0, 0.0, 0.5, 0.5 ] },
														"up": { "texture": "#castiron", "uv": [ 0.0, 0.0, 0.5, 0.5 ] },
														"down": { "texture": "#castiron", "uv": [ 0.0, 0.0, 0.5, 0.5 ] }
													}
												}
											]
										},
										{
											"name": "shaftblade63",
											"from": [ 5.5, 0.0, 2.0 ], 
											"to": [ 6.5, 0.5, 3.0 ], 
											"rotationOrigin": [ 5.0, 0.0, 2.0 ],
											"faces": {
												"north": { "texture": "#castiron", "uv": [ 0.0, 0.0, 1.0, 0.5 ] },
												"east": { "texture": "#castiron", "uv": [ 0.0, 0.0, 1.0, 0.5 ] },
												"south": { "texture": "#castiron", "uv": [ 0.0, 0.0, 1.0, 0.5 ] },
												"west": { "texture": "#castiron", "uv": [ 0.0, 0.0, 1.0, 0.5 ] },
												"up": { "texture": "#castiron", "uv": [ 0.0, 0.0, 1.0, 1.0 ] },
												"down": { "texture": "#castiron", "uv": [ 0.0, 0.0, 1.0, 1.0 ] }
											},
											"children": [
												{
													"name": "shaftblade64",
													"from": [ 0.25, 0.5, 0.25 ], 
													"to": [ 0.75, 1.0, 0.75 ], 
													"faces": {
														"north": { "texture": "#castiron", "uv": [ 0.0, 0.0, 0.5, 0.5 ] },
														"east": { "texture": "#castiron", "uv": [ 0.0, 0.0, 0.5, 0.5 ] },
														"south": { "texture": "#castiron", "uv": [ 0.0, 0.0, 0.5, 0.5 ] },
														"west": { "texture": "#castiron", "uv": [ 0.0, 0.0, 0.5, 0.5 ] },
														"up": { "texture": "#castiron", "uv": [ 0.0, 0.0, 0.5, 0.5 ] },
														"down": { "texture": "#castiron", "uv": [ 0.0, 0.0, 0.5, 0.5 ] }
													}
												}
											]
										},
										{
											"name": "shaftblade65",
											"from": [ 8.0, 0.0, 3.0 ], 
											"to": [ 9.0, 0.5, 4.0 ], 
											"rotationOrigin": [ 8.0, 0.0, 3.0 ],
											"faces": {
												"north": { "texture": "#castiron", "uv": [ 0.0, 0.0, 1.0, 0.5 ] },
												"east": { "texture": "#castiron", "uv": [ 0.0, 0.0, 1.0, 0.5 ] },
												"south": { "texture": "#castiron", "uv": [ 0.0, 0.0, 1.0, 0.5 ] },
												"west": { "texture": "#castiron", "uv": [ 0.0, 0.0, 1.0, 0.5 ] },
												"up": { "texture": "#castiron", "uv": [ 0.0, 0.0, 1.0, 1.0 ] },
												"down": { "texture": "#castiron", "uv": [ 0.0, 0.0, 1.0, 1.0 ] }
											},
											"children": [
												{
													"name": "shaftblade66",
													"from": [ 0.25, 0.5, 0.25 ], 
													"to": [ 0.75, 1.0, 0.75 ], 
													"faces": {
														"north": { "texture": "#castiron", "uv": [ 0.0, 0.0, 0.5, 0.5 ] },
														"east": { "texture": "#castiron", "uv": [ 0.0, 0.0, 0.5, 0.5 ] },
														"south": { "texture": "#castiron", "uv": [ 0.0, 0.0, 0.5, 0.5 ] },
														"west": { "texture": "#castiron", "uv": [ 0.0, 0.0, 0.5, 0.5 ] },
														"up": { "texture": "#castiron", "uv": [ 0.0, 0.0, 0.5, 0.5 ] },
														"down": { "texture": "#castiron", "uv": [ 0.0, 0.0, 0.5, 0.5 ] }
													}
												}
											]
										}
									]
								},
								{
									"name": "bladeparentupdown67",
									"from": [ 0.0, 0.0, 4.0 ], 
									"to": [ 1.0, 1.0, 5.0 ], 
									"rotationOrigin": [ 0.0, 0.0, 4.0 ],
									"rotationX": 180.0,
									"faces": {
										"north": { "texture": "#castiron", "uv": [ 0.0, 0.0, 1.0, 1.0 ], "enabled": false },
										"east": { "texture": "#castiron", "uv": [ 0.0, 0.0, 1.0, 1.0 ], "enabled": false },
										"south": { "texture": "#castiron", "uv": [ 0.0, 0.0, 1.0, 1.0 ], "enabled": false },
										"west": { "texture": "#castiron", "uv": [ 0.0, 0.0, 1.0, 1.0 ], "enabled": false },
										"up": { "texture": "#castiron", "uv": [ 0.0, 0.0, 1.0, 1.0 ], "enabled": false },
										"down": { "texture": "#castiron", "uv": [ 0.0, 0.0, 1.0, 1.0 ], "enabled": false }
									},
									"children": [
										{
											"name": "shaftblade68",
											"from": [ 1.0, 0.0, 0.0 ], 
											"to": [ 2.0, 0.5, 1.0 ], 
											"rotationOrigin": [ 1.0, 0.0, 0.0 ],
											"faces": {
												"north": { "texture": "#castiron", "uv": [ 0.0, 0.0, 1.0, 0.5 ] },
												"east": { "texture": "#castiron", "uv": [ 0.0, 0.0, 1.0, 0.5 ] },
												"south": { "texture": "#castiron", "uv": [ 0.0, 0.0, 1.0, 0.5 ] },
												"west": { "texture": "#castiron", "uv": [ 0.0, 0.0, 1.0, 0.5 ] },
												"up": { "texture": "#castiron", "uv": [ 0.0, 0.0, 1.0, 1.0 ] },
												"down": { "texture": "#castiron", "uv": [ 0.0, 0.0, 1.0, 1.0 ] }
											},
											"children": [
												{
													"name": "shaftblade69",
													"from": [ 0.25, 0.5, 0.25 ], 
													"to": [ 0.75, 1.0, 0.75 ], 
													"faces": {
														"north": { "texture": "#castiron", "uv": [ 0.0, 0.0, 0.5, 0.5 ] },
														"east": { "texture": "#castiron", "uv": [ 0.0, 0.0, 0.5, 0.5 ] },
														"south": { "texture": "#castiron", "uv": [ 0.0, 0.0, 0.5, 0.5 ] },
														"west": { "texture": "#castiron", "uv": [ 0.0, 0.0, 0.5, 0.5 ] },
														"up": { "texture": "#castiron", "uv": [ 0.0, 0.0, 0.5, 0.5 ] },
														"down": { "texture": "#castiron", "uv": [ 0.0, 0.0, 0.5, 0.5 ] }
													}
												}
											]
										},
										{
											"name": "shaftblade70",
											"from": [ 3.25, 0.0, 1.0 ], 
											"to": [ 4.25, 0.5, 2.0 ], 
											"rotationOrigin": [ 3.0, 0.0, 1.0 ],
											"faces": {
												"north": { "texture": "#castiron", "uv": [ 0.0, 0.0, 1.0, 0.5 ] },
												"east": { "texture": "#castiron", "uv": [ 0.0, 0.0, 1.0, 0.5 ] },
												"south": { "texture": "#castiron", "uv": [ 0.0, 0.0, 1.0, 0.5 ] },
												"west": { "texture": "#castiron", "uv": [ 0.0, 0.0, 1.0, 0.5 ] },
												"up": { "texture": "#castiron", "uv": [ 0.0, 0.0, 1.0, 1.0 ] },
												"down": { "texture": "#castiron", "uv": [ 0.0, 0.0, 1.0, 1.0 ] }
											},
											"children": [
												{
													"name": "shaftblade71",
													"from": [ 0.25, 0.5, 0.25 ], 
													"to": [ 0.75, 1.0, 0.75 ], 
													"faces": {
														"north": { "texture": "#castiron", "uv": [ 0.0, 0.0, 0.5, 0.5 ] },
														"east": { "texture": "#castiron", "uv": [ 0.0, 0.0, 0.5, 0.5 ] },
														"south": { "texture": "#castiron", "uv": [ 0.0, 0.0, 0.5, 0.5 ] },
														"west": { "texture": "#castiron", "uv": [ 0.0, 0.0, 0.5, 0.5 ] },
														"up": { "texture": "#castiron", "uv": [ 0.0, 0.0, 0.5, 0.5 ] },
														"down": { "texture": "#castiron", "uv": [ 0.0, 0.0, 0.5, 0.5 ] }
													}
												}
											]
										},
										{
											"name": "shaftblade72",
											"from": [ 5.5, 0.0, 2.0 ], 
											"to": [ 6.5, 0.5, 3.0 ], 
											"rotationOrigin": [ 5.0, 0.0, 2.0 ],
											"faces": {
												"north": { "texture": "#castiron", "uv": [ 0.0, 0.0, 1.0, 0.5 ] },
												"east": { "texture": "#castiron", "uv": [ 0.0, 0.0, 1.0, 0.5 ] },
												"south": { "texture": "#castiron", "uv": [ 0.0, 0.0, 1.0, 0.5 ] },
												"west": { "texture": "#castiron", "uv": [ 0.0, 0.0, 1.0, 0.5 ] },
												"up": { "texture": "#castiron", "uv": [ 0.0, 0.0, 1.0, 1.0 ] },
												"down": { "texture": "#castiron", "uv": [ 0.0, 0.0, 1.0, 1.0 ] }
											},
											"children": [
												{
													"name": "shaftblade73",
													"from": [ 0.25, 0.5, 0.25 ], 
													"to": [ 0.75, 1.0, 0.75 ], 
													"faces": {
														"north": { "texture": "#castiron", "uv": [ 0.0, 0.0, 0.5, 0.5 ] },
														"east": { "texture": "#castiron", "uv": [ 0.0, 0.0, 0.5, 0.5 ] },
														"south": { "texture": "#castiron", "uv": [ 0.0, 0.0, 0.5, 0.5 ] },
														"west": { "texture": "#castiron", "uv": [ 0.0, 0.0, 0.5, 0.5 ] },
														"up": { "texture": "#castiron", "uv": [ 0.0, 0.0, 0.5, 0.5 ] },
														"down": { "texture": "#castiron", "uv": [ 0.0, 0.0, 0.5, 0.5 ] }
													}
												}
											]
										},
										{
											"name": "shaftblade74",
											"from": [ 8.0, 0.0, 3.0 ], 
											"to": [ 9.0, 0.5, 4.0 ], 
											"rotationOrigin": [ 8.0, 0.0, 3.0 ],
											"faces": {
												"north": { "texture": "#castiron", "uv": [ 0.0, 0.0, 1.0, 0.5 ] },
												"east": { "texture": "#castiron", "uv": [ 0.0, 0.0, 1.0, 0.5 ] },
												"south": { "texture": "#castiron", "uv": [ 0.0, 0.0, 1.0, 0.5 ] },
												"west": { "texture": "#castiron", "uv": [ 0.0, 0.0, 1.0, 0.5 ] },
												"up": { "texture": "#castiron", "uv": [ 0.0, 0.0, 1.0, 1.0 ] },
												"down": { "texture": "#castiron", "uv": [ 0.0, 0.0, 1.0, 1.0 ] }
											},
											"children": [
												{
													"name": "shaftblade75",
													"from": [ 0.25, 0.5, 0.25 ], 
													"to": [ 0.75, 1.0, 0.75 ], 
													"faces": {
														"north": { "texture": "#castiron", "uv": [ 0.0, 0.0, 0.5, 0.5 ] },
														"east": { "texture": "#castiron", "uv": [ 0.0, 0.0, 0.5, 0.5 ] },
														"south": { "texture": "#castiron", "uv": [ 0.0, 0.0, 0.5, 0.5 ] },
														"west": { "texture": "#castiron", "uv": [ 0.0, 0.0, 0.5, 0.5 ] },
														"up": { "texture": "#castiron", "uv": [ 0.0, 0.0, 0.5, 0.5 ] },
														"down": { "texture": "#castiron", "uv": [ 0.0, 0.0, 0.5, 0.5 ] }
													}
												}
											]
										}
									]
								},
								{
									"name": "bladeparentB76",
									"from": [ 0.0, 0.0, 0.0 ], 
									"to": [ 1.0, 1.0, 1.0 ], 
									"rotationOrigin": [ 0.0, 0.0, 0.0 ],
									"rotationX": -90.0,
									"faces": {
										"north": { "texture": "#castiron", "uv": [ 0.0, 0.0, 1.0, 1.0 ], "enabled": false },
										"east": { "texture": "#castiron", "uv": [ 0.0, 0.0, 1.0, 1.0 ], "enabled": false },
										"south": { "texture": "#castiron", "uv": [ 0.0, 0.0, 1.0, 1.0 ], "enabled": false },
										"west": { "texture": "#castiron", "uv": [ 0.0, 0.0, 1.0, 1.0 ], "enabled": false },
										"up": { "texture": "#castiron", "uv": [ 0.0, 0.0, 1.0, 1.0 ], "enabled": false },
										"down": { "texture": "#castiron", "uv": [ 0.0, 0.0, 1.0, 1.0 ], "enabled": false }
									},
									"children": [
										{
											"name": "shaftblade77",
											"from": [ 1.0, 0.0, 0.0 ], 
											"to": [ 2.0, 0.5, 1.0 ], 
											"rotationOrigin": [ 1.0, 0.0, 0.0 ],
											"faces": {
												"north": { "texture": "#castiron", "uv": [ 0.0, 0.0, 1.0, 0.5 ] },
												"east": { "texture": "#castiron", "uv": [ 0.0, 0.0, 1.0, 0.5 ] },
												"south": { "texture": "#castiron", "uv": [ 0.0, 0.0, 1.0, 0.5 ] },
												"west": { "texture": "#castiron", "uv": [ 0.0, 0.0, 1.0, 0.5 ] },
												"up": { "texture": "#castiron", "uv": [ 0.0, 0.0, 1.0, 1.0 ] },
												"down": { "texture": "#castiron", "uv": [ 0.0, 0.0, 1.0, 1.0 ] }
											},
											"children": [
												{
													"name": "shaftblade78",
													"from": [ 0.25, 0.5, 0.25 ], 
													"to": [ 0.75, 1.0, 0.75 ], 
													"faces": {
														"north": { "texture": "#castiron", "uv": [ 0.0, 0.0, 0.5, 0.5 ] },
														"east": { "texture": "#castiron", "uv": [ 0.0, 0.0, 0.5, 0.5 ] },
														"south": { "texture": "#castiron", "uv": [ 0.0, 0.0, 0.5, 0.5 ] },
														"west": { "texture": "#castiron", "uv": [ 0.0, 0.0, 0.5, 0.5 ] },
														"up": { "texture": "#castiron", "uv": [ 0.0, 0.0, 0.5, 0.5 ] },
														"down": { "texture": "#castiron", "uv": [ 0.0, 0.0, 0.5, 0.5 ] }
													}
												}
											]
										},
										{
											"name": "shaftblade79",
											"from": [ 3.25, 0.0, 1.0 ], 
											"to": [ 4.25, 0.5, 2.0 ], 
											"rotationOrigin": [ 3.0, 0.0, 1.0 ],
											"faces": {
												"north": { "texture": "#castiron", "uv": [ 0.0, 0.0, 1.0, 0.5 ] },
												"east": { "texture": "#castiron", "uv": [ 0.0, 0.0, 1.0, 0.5 ] },
												"south": { "texture": "#castiron", "uv": [ 0.0, 0.0, 1.0, 0.5 ] },
												"west": { "texture": "#castiron", "uv": [ 0.0, 0.0, 1.0, 0.5 ] },
												"up": { "texture": "#castiron", "uv": [ 0.0, 0.0, 1.0, 1.0 ] },
												"down": { "texture": "#castiron", "uv": [ 0.0, 0.0, 1.0, 1.0 ] }
											},
											"children": [
												{
													"name": "shaftblade80",
													"from": [ 0.25, 0.5, 0.25 ], 
													"to": [ 0.75, 1.0, 0.75 ], 
													"faces": {
														"north": { "texture": "#castiron", "uv": [ 0.0, 0.0, 0.5, 0.5 ] },
														"east": { "texture": "#castiron", "uv": [ 0.0, 0.0, 0.5, 0.5 ] },
														"south": { "texture": "#castiron", "uv": [ 0.0, 0.0, 0.5, 0.5 ] },
														"west": { "texture": "#castiron", "uv": [ 0.0, 0.0, 0.5, 0.5 ] },
														"up": { "texture": "#castiron", "uv": [ 0.0, 0.0, 0.5, 0.5 ] },
														"down": { "texture": "#castiron", "uv": [ 0.0, 0.0, 0.5, 0.5 ] }
													}
												}
											]
										},
										{
											"name": "shaftblade81",
											"from": [ 5.5, 0.0, 2.0 ], 
											"to": [ 6.5, 0.5, 3.0 ], 
											"rotationOrigin": [ 5.0, 0.0, 2.0 ],
											"faces": {
												"north": { "texture": "#castiron", "uv": [ 0.0, 0.0, 1.0, 0.5 ] },
												"east": { "texture": "#castiron", "uv": [ 0.0, 0.0, 1.0, 0.5 ] },
												"south": { "texture": "#castiron", "uv": [ 0.0, 0.0, 1.0, 0.5 ] },
												"west": { "texture": "#castiron", "uv": [ 0.0, 0.0, 1.0, 0.5 ] },
												"up": { "texture": "#castiron", "uv": [ 0.0, 0.0, 1.0, 1.0 ] },
												"down": { "texture": "#castiron", "uv": [ 0.0, 0.0, 1.0, 1.0 ] }
											},
											"children": [
												{
													"name": "shaftblade82",
													"from": [ 0.25, 0.5, 0.25 ], 
													"to": [ 0.75, 1.0, 0.75 ], 
													"faces": {
														"north": { "texture": "#castiron", "uv": [ 0.0, 0.0, 0.5, 0.5 ] },
														"east": { "texture": "#castiron", "uv": [ 0.0, 0.0, 0.5, 0.5 ] },
														"south": { "texture": "#castiron", "uv": [ 0.0, 0.0, 0.5, 0.5 ] },
														"west": { "texture": "#castiron", "uv": [ 0.0, 0.0, 0.5, 0.5 ] },
														"up": { "texture": "#castiron", "uv": [ 0.0, 0.0, 0.5, 0.5 ] },
														"down": { "texture": "#castiron", "uv": [ 0.0, 0.0, 0.5, 0.5 ] }
													}
												}
											]
										},
										{
											"name": "shaftblade83",
											"from": [ 8.0, 0.0, 3.0 ], 
											"to": [ 9.0, 0.5, 4.0 ], 
											"rotationOrigin": [ 8.0, 0.0, 3.0 ],
											"faces": {
												"north": { "texture": "#castiron", "uv": [ 0.0, 0.0, 1.0, 0.5 ] },
												"east": { "texture": "#castiron", "uv": [ 0.0, 0.0, 1.0, 0.5 ] },
												"south": { "texture": "#castiron", "uv": [ 0.0, 0.0, 1.0, 0.5 ] },
												"west": { "texture": "#castiron", "uv": [ 0.0, 0.0, 1.0, 0.5 ] },
												"up": { "texture": "#castiron", "uv": [ 0.0, 0.0, 1.0, 1.0 ] },
												"down": { "texture": "#castiron", "uv": [ 0.0, 0.0, 1.0, 1.0 ] }
											},
											"children": [
												{
													"name": "shaftblade84",
													"from": [ 0.25, 0.5, 0.25 ], 
													"to": [ 0.75, 1.0, 0.75 ], 
													"faces": {
														"north": { "texture": "#castiron", "uv": [ 0.0, 0.0, 0.5, 0.5 ] },
														"east": { "texture": "#castiron", "uv": [ 0.0, 0.0, 0.5, 0.5 ] },
														"south": { "texture": "#castiron", "uv": [ 0.0, 0.0, 0.5, 0.5 ] },
														"west": { "texture": "#castiron", "uv": [ 0.0, 0.0, 0.5, 0.5 ] },
														"up": { "texture": "#castiron", "uv": [ 0.0, 0.0, 0.5, 0.5 ] },
														"down": { "texture": "#castiron", "uv": [ 0.0, 0.0, 0.5, 0.5 ] }
													}
												}
											]
										}
									]
								}
							]
						}
					]
				}
			]
		},
		{
			"name": "top",
			"from": [ 0.0, 12.0, 0.0 ], 
			"to": [ 16.0, 16.0, 3.0 ], 
			"rotationOrigin": [ 0.0, 12.0, 0.0 ],
			"faces": {
				"north": { "texture": "#machinery", "uv": [ 0.0, 0.0, 16.0, 4.0 ] },
				"east": { "texture": "#machinery", "uv": [ 0.0, 0.0, 3.0, 4.0 ] },
				"south": { "texture": "#machinery", "uv": [ 0.0, 0.0, 16.0, 4.0 ] },
				"west": { "texture": "#machinery", "uv": [ 0.0, 0.0, 3.0, 4.0 ] },
				"up": { "texture": "#machinery", "uv": [ 0.0, 0.0, 16.0, 3.0 ] },
				"down": { "texture": "#machinery", "uv": [ 0.0, 0.0, 16.0, 3.0 ] }
			},
			"children": [
				{
					"name": "base86",
					"from": [ 0.0, 0.0, 13.0 ], 
					"to": [ 16.0, 4.0, 16.0 ], 
					"rotationOrigin": [ 0.0, 0.0, 13.0 ],
					"faces": {
						"north": { "texture": "#machinery", "uv": [ 0.0, 0.0, 16.0, 4.0 ] },
						"east": { "texture": "#machinery", "uv": [ 0.0, 0.0, 3.0, 4.0 ] },
						"south": { "texture": "#machinery", "uv": [ 0.0, 0.0, 16.0, 4.0 ] },
						"west": { "texture": "#machinery", "uv": [ 0.0, 0.0, 3.0, 4.0 ] },
						"up": { "texture": "#machinery", "uv": [ 0.0, 0.0, 16.0, 3.0 ] },
						"down": { "texture": "#machinery", "uv": [ 0.0, 0.0, 16.0, 3.0 ] }
					}
				},
				{
					"name": "base87",
					"from": [ 0.0045, -0.5, 13.0 ], 
					"to": [ 10.0045, 3.0, 16.0 ], 
					"rotationOrigin": [ 0.0, 0.0, 13.0 ],
					"rotationY": 89.9802127184967,
					"faces": {
						"north": { "texture": "#machinery", "uv": [ 0.0, 0.0, 10.0, 3.5 ] },
						"east": { "texture": "#machinery", "uv": [ 0.0, 0.0, 3.0, 3.5 ] },
						"south": { "texture": "#machinery", "uv": [ 0.0, 0.0, 10.0, 3.5 ] },
						"west": { "texture": "#machinery", "uv": [ 0.0, 0.0, 3.0, 3.5 ] },
						"up": { "texture": "#machinery", "uv": [ 0.0, 0.0, 10.0, 3.0 ] },
						"down": { "texture": "#machinery", "uv": [ 0.0, 0.0, 10.0, 3.0 ] }
					}
				},
				{
					"name": "base88",
					"from": [ 13.0045, -0.5, 12.9955 ], 
					"to": [ 23.0045, 3.0, 15.9955 ], 
					"rotationOrigin": [ 13.0, 0.0, 13.0 ],
					"rotationY": 89.9802127184967,
					"faces": {
						"north": { "texture": "#machinery", "uv": [ 0.0, 0.0, 10.0, 3.5 ] },
						"east": { "texture": "#machinery", "uv": [ 0.0, 0.0, 3.0, 3.5 ] },
						"south": { "texture": "#machinery", "uv": [ 0.0, 0.0, 10.0, 3.5 ] },
						"west": { "texture": "#machinery", "uv": [ 0.0, 0.0, 3.0, 3.5 ] },
						"up": { "texture": "#machinery", "uv": [ 0.0, 0.0, 10.0, 3.0 ] },
						"down": { "texture": "#machinery", "uv": [ 0.0, 0.0, 10.0, 3.0 ] }
					}
				}
			]
		}
	],
	"animations": [
		{
			"name": "macerator-process",
			"code": "macerator-process",
			"quantityframes": 30,
			"onActivityStopped": "Stop",
			"onAnimationEnd": "Repeat",
			"keyframes": [
				{
					"frame": 0,
					"elements": {
						"grinder1": {  },
						"grinder shaft axis": { "rotationX": -180.0, "rotationY": 0.0, "rotationZ": 0.0 },
						"grinder2": {  },
						"grinder shaft axis 2": { "rotationX": 180.0, "rotationY": 0.0, "rotationZ": 0.0 }
					}
				},
				{
					"frame": 29,
					"elements": {
						"grinder1": {  },
						"grinder shaft axis": { "rotationX": 180.0, "rotationY": 0.0, "rotationZ": 0.0 },
						"grinder2": {  },
						"grinder shaft axis 2": { "rotationX": -180.0, "rotationY": 0.0, "rotationZ": 0.0 }
					}
				}
			]
		}
	]
}