[
  {
    "file": "game:blocktypes/wood/rails.json",
    "path": "/attributes/handbook/exclude",
    "op": "remove"
  },
  {
    "file": "game:blocktypes/wood/rails.json",
    "path": "/attributes/handbook/excludeByType",
    "op": "add",
    "value": {
      "*-flat_ns": false,
      "*": true
    }
  },
  
  {
    "file": "game:blocktypes/wood/rails.json",
    "path": "/creativeinventory/R&R",
    "op": "add",
    "value": [
      "woodenrails-flat_ns"
    ]
  }
]
  
