{
	"editor": {
		"allAngles": false,
		"entityTextureMode": false
	},
	"textureWidth": 16,
	"textureHeight": 16,
	"textureSizes": {
	},
	"textures": {
		"bricks": "C:/Users/andy-/AppData/Roaming/Vintagestory/assets/survival/textures/block/stone/brick/granite1",
		"log": "C:/Users/andy-/AppData/Roaming/Vintagestory/assets/survival/textures/block/wood/firepit/log",
		"shingles": "C:/Users/andy-/AppData/Roaming/Vintagestory/assets/survival/textures/block/clay/shingles/red"
	},
	"elements": [
		{
			"name": "Master",
			"from": [ 8.0, 8.0, 8.0 ], 
			"to": [ 8.0, 8.0, 8.0 ], 
			"rotationOrigin": [ 8.0, 8.0, 8.0 ],
			"faces": {
				"north": { "texture": "#log", "uv": [ 0.0, 0.0, 0.5, 0.5 ], "enabled": false },
				"east": { "texture": "#log", "uv": [ 0.0, 0.0, 0.5, 0.5 ], "enabled": false },
				"south": { "texture": "#log", "uv": [ 0.0, 0.0, 0.5, 0.5 ], "enabled": false },
				"west": { "texture": "#log", "uv": [ 0.0, 0.0, 0.5, 0.5 ], "enabled": false },
				"up": { "texture": "#log", "uv": [ 0.0, 0.0, 0.5, 0.5 ], "enabled": false },
				"down": { "texture": "#log", "uv": [ 0.0, 0.0, 0.5, 0.5 ], "enabled": false }
			},
			"children": [
				{
					"name": "Roof Right",
					"from": [ -8.0, -8.0, -5.0 ], 
					"to": [ -8.0, -8.0, -5.0 ], 
					"rotationOrigin": [ -8.0, -8.0, -5.0 ],
					"faces": {
						"north": { "texture": "#bricks", "uv": [ 0.0, 0.0, 0.5, 0.5 ], "enabled": false },
						"east": { "texture": "#bricks", "uv": [ 0.0, 0.0, 0.5, 0.5 ], "enabled": false },
						"south": { "texture": "#bricks", "uv": [ 0.0, 0.0, 0.5, 0.5 ], "enabled": false },
						"west": { "texture": "#bricks", "uv": [ 0.0, 0.0, 0.5, 0.5 ], "enabled": false },
						"up": { "texture": "#bricks", "uv": [ 0.0, 0.0, 0.5, 0.5 ], "enabled": false },
						"down": { "texture": "#bricks", "uv": [ 0.0, 0.0, 0.5, 0.5 ], "enabled": false }
					},
					"children": [
						{
							"name": "Roof1",
							"from": [ 1.5, 14.0, -2.0 ], 
							"to": [ 16.0, 16.0, -1.0 ], 
							"rotationOrigin": [ 2.0, 14.0, -2.0 ],
							"rotationX": -44.99999632180179,
							"faces": {
								"north": { "texture": "#shingles", "uv": [ 1.5, 0.0, 16.0, 2.0 ] },
								"east": { "texture": "#shingles", "uv": [ 0.0, 0.0, 1.0, 2.0 ] },
								"south": { "texture": "#shingles", "uv": [ 1.5, 0.0, 16.0, 2.0 ] },
								"west": { "texture": "#shingles", "uv": [ 0.0, 0.0, 1.0, 2.0 ], "enabled": false },
								"up": { "texture": "#shingles", "uv": [ 1.5, 0.0, 16.0, 1.0 ] },
								"down": { "texture": "#shingles", "uv": [ 0.0, 0.0, 14.5, 1.0 ], "enabled": false }
							},
							"children": [
								{
									"name": "Cube41",
									"from": [ 4.5, -2.0, 1.0 ], 
									"to": [ 8.5, -1.0, 1.5 ], 
									"rotationOrigin": [ 4.5, -1.0, 0.0 ],
									"rotationX": -44.99997579569287,
									"faces": {
										"north": { "texture": "#shingles", "uv": [ 6.0, 3.5, 10.0, 4.5 ] },
										"east": { "texture": "#shingles", "uv": [ 0.0, 0.0, 0.5, 1.0 ], "enabled": false },
										"south": { "texture": "#shingles", "uv": [ 6.0, 3.5, 10.0, 4.5 ] },
										"west": { "texture": "#shingles", "uv": [ 0.0, 0.0, 0.5, 1.0 ], "enabled": false },
										"up": { "texture": "#shingles", "uv": [ 0.0, 0.0, 4.0, 0.5 ], "enabled": false },
										"down": { "texture": "#shingles", "uv": [ 11.0, 3.0, 11.5, 3.5 ], "autoUv": false }
									}
								},
								{
									"name": "Cube39",
									"from": [ 2.0, -2.0, 1.0 ], 
									"to": [ 4.5, -1.0, 1.5 ], 
									"rotationOrigin": [ 2.5, -1.0, 0.0 ],
									"rotationX": -44.99997579569287,
									"faces": {
										"north": { "texture": "#shingles", "uv": [ 3.5, 2.5, 6.0, 3.5 ] },
										"east": { "texture": "#shingles", "uv": [ 0.0, 0.0, 0.5, 1.0 ], "enabled": false },
										"south": { "texture": "#shingles", "uv": [ 3.5, 2.5, 6.0, 3.5 ] },
										"west": { "texture": "#shingles", "uv": [ 0.0, 0.0, 0.5, 1.0 ] },
										"up": { "texture": "#shingles", "uv": [ 0.0, 0.0, 2.5, 0.5 ], "enabled": false },
										"down": { "texture": "#shingles", "uv": [ 11.0, 3.0, 11.5, 3.5 ], "autoUv": false }
									}
								},
								{
									"name": "Cube42",
									"from": [ 7.5, -2.0, 1.0 ], 
									"to": [ 14.5, -1.0, 1.5 ], 
									"rotationOrigin": [ 7.5, -1.0, 0.0 ],
									"rotationX": -44.99997579569287,
									"faces": {
										"north": { "texture": "#shingles", "uv": [ 9.0, 3.0, 16.0, 4.0 ] },
										"east": { "texture": "#shingles", "uv": [ 0.0, 0.0, 0.5, 1.0 ] },
										"south": { "texture": "#shingles", "uv": [ 9.0, 2.5, 16.0, 3.5 ] },
										"west": { "texture": "#shingles", "uv": [ 0.0, 0.0, 0.5, 1.0 ], "enabled": false },
										"up": { "texture": "#shingles", "uv": [ 0.0, 0.0, 7.0, 0.5 ], "enabled": false },
										"down": { "texture": "#shingles", "uv": [ 11.0, 3.0, 11.5, 3.5 ], "autoUv": false }
									}
								}
							]
						},
						{
							"name": "Roof2",
							"from": [ 4.0, 12.0, 0.0 ], 
							"to": [ 16.0, 14.0, 1.0 ], 
							"rotationOrigin": [ 4.0, 12.0, 0.0 ],
							"rotationX": -44.99999632180179,
							"faces": {
								"north": { "texture": "#shingles", "uv": [ 0.0, 0.0, 12.0, 2.0 ] },
								"east": { "texture": "#shingles", "uv": [ 0.0, 0.0, 1.0, 2.0 ] },
								"south": { "texture": "#shingles", "uv": [ 0.0, 0.0, 12.0, 2.0 ] },
								"west": { "texture": "#shingles", "uv": [ 0.0, 0.0, 1.0, 2.0 ], "enabled": false },
								"up": { "texture": "#shingles", "uv": [ 0.0, 0.0, 12.0, 1.0 ], "enabled": false },
								"down": { "texture": "#shingles", "uv": [ 0.0, 0.0, 12.0, 1.0 ], "enabled": false }
							},
							"children": [
								{
									"name": "Cube13",
									"from": [ 4.0, -2.0, 1.0 ], 
									"to": [ 12.0, -1.0, 1.5 ], 
									"rotationOrigin": [ 4.0, -1.0, 0.0 ],
									"rotationX": -44.99997579569287,
									"faces": {
										"north": { "texture": "#shingles", "uv": [ 8.0, 6.5, 16.0, 7.5 ] },
										"east": { "texture": "#shingles", "uv": [ 0.0, 0.0, 0.5, 1.0 ] },
										"south": { "texture": "#shingles", "uv": [ 8.0, 6.5, 16.0, 7.5 ], "autoUv": false },
										"west": { "texture": "#shingles", "uv": [ 0.0, 0.0, 0.5, 1.0 ], "enabled": false },
										"up": { "texture": "#shingles", "uv": [ 0.0, 0.0, 8.0, 0.5 ], "enabled": false },
										"down": { "texture": "#shingles", "uv": [ 11.0, 3.0, 11.5, 3.5 ], "autoUv": false }
									}
								},
								{
									"name": "Cube12",
									"from": [ 1.0, -2.0, 1.0 ], 
									"to": [ 4.0, -1.0, 1.5 ], 
									"rotationOrigin": [ 1.0, -1.0, 0.0 ],
									"rotationX": -44.99997579569287,
									"faces": {
										"north": { "texture": "#shingles", "uv": [ 5.0, 7.0, 8.0, 8.0 ] },
										"east": { "texture": "#shingles", "uv": [ 0.0, 0.0, 0.5, 1.0 ], "enabled": false },
										"south": { "texture": "#shingles", "uv": [ 5.0, 7.0, 8.0, 8.0 ], "autoUv": false },
										"west": { "texture": "#shingles", "uv": [ 0.0, 0.0, 0.5, 1.0 ], "enabled": false },
										"up": { "texture": "#shingles", "uv": [ 0.0, 0.0, 3.0, 0.5 ], "enabled": false },
										"down": { "texture": "#shingles", "uv": [ 11.0, 3.0, 11.5, 3.5 ], "autoUv": false }
									}
								}
							]
						},
						{
							"name": "Roof South",
							"from": [ 0.0, 8.0, -8.0 ], 
							"to": [ 0.0, 8.0, -8.0 ], 
							"rotationOrigin": [ 0.0, 8.0, -8.0 ],
							"faces": {
								"north": { "texture": "#log", "uv": [ 0.0, 0.0, 0.5, 0.5 ], "enabled": false },
								"east": { "texture": "#log", "uv": [ 0.0, 0.0, 0.5, 0.5 ], "enabled": false },
								"south": { "texture": "#log", "uv": [ 0.0, 0.0, 0.5, 0.5 ], "enabled": false },
								"west": { "texture": "#log", "uv": [ 0.0, 0.0, 0.5, 0.5 ], "enabled": false },
								"up": { "texture": "#log", "uv": [ 0.0, 0.0, 0.5, 0.5 ], "enabled": false },
								"down": { "texture": "#log", "uv": [ 0.0, 0.0, 0.5, 0.5 ], "enabled": false }
							},
							"children": [
								{
									"name": "wood supports",
									"from": [ -1.0, -1.2899, 11.8212 ], 
									"to": [ -1.0, -1.2899, 11.8212 ], 
									"rotationOrigin": [ -1.0, -1.2899, 11.8212 ],
									"rotationX": -44.99999028471095,
									"faces": {
										"north": { "texture": "#log", "uv": [ 0.0, 0.0, 0.5, 0.5 ], "enabled": false },
										"east": { "texture": "#log", "uv": [ 0.0, 0.0, 0.5, 0.5 ], "enabled": false },
										"south": { "texture": "#log", "uv": [ 0.0, 0.0, 0.5, 0.5 ], "enabled": false },
										"west": { "texture": "#log", "uv": [ 0.0, 0.0, 0.5, 0.5 ], "enabled": false },
										"up": { "texture": "#log", "uv": [ 0.0, 0.0, 0.5, 0.5 ], "enabled": false },
										"down": { "texture": "#log", "uv": [ 0.0, 0.0, 0.5, 0.5 ], "enabled": false }
									},
									"children": [
										{
											"name": "wood support right",
											"from": [ 17.0, 5.0, 0.0 ], 
											"to": [ 18.0, 11.2, 2.0 ], 
											"rotationOrigin": [ 17.5, 7.2, -0.8 ],
											"rotationX": -3.415094397496434E-6,
											"faces": {
												"north": { "texture": "#log", "uv": [ 0.0, 0.0, 6.0, 1.0 ], "rotation": 90 },
												"east": { "texture": "#log", "uv": [ 0.0, 0.0, 6.0, 2.0 ], "rotation": 90 },
												"south": { "texture": "#log", "uv": [ 0.0, 0.0, 6.0, 1.0 ], "rotation": 90 },
												"west": { "texture": "#log", "uv": [ 0.0, 0.0, 6.0, 2.0 ], "rotation": 90 },
												"up": { "texture": "#log", "uv": [ 14.0, 14.0, 16.0, 16.0 ], "autoUv": false },
												"down": { "texture": "#log", "uv": [ 14.0, 14.0, 16.0, 16.0 ], "autoUv": false }
											}
										},
										{
											"name": "wood support 3",
											"from": [ 2.5, 9.5, 1.0 ], 
											"to": [ 17.0, 10.5, 2.0 ], 
											"rotationOrigin": [ 3.0, 10.2, 0.5 ],
											"rotationX": 44.99999028471095,
											"faces": {
												"north": { "texture": "#log", "uv": [ 0.0, 0.0, 14.5, 1.0 ] },
												"east": { "texture": "#log", "uv": [ 14.0, 14.0, 16.0, 16.0 ], "enabled": false, "autoUv": false },
												"south": { "texture": "#log", "uv": [ 0.0, 0.0, 14.5, 1.0 ] },
												"west": { "texture": "#log", "uv": [ 14.0, 14.0, 16.0, 16.0 ], "autoUv": false },
												"up": { "texture": "#log", "uv": [ 0.0, 0.0, 14.5, 1.0 ], "enabled": false },
												"down": { "texture": "#log", "uv": [ 0.0, 0.0, 14.5, 1.0 ] }
											}
										},
										{
											"name": "wood support 2",
											"from": [ 4.5, 6.5, 1.0 ], 
											"to": [ 17.0, 7.5, 2.0 ], 
											"rotationOrigin": [ 5.0, 7.2, 0.5 ],
											"rotationX": 44.99999028471095,
											"faces": {
												"north": { "texture": "#log", "uv": [ 0.0, 0.0, 12.5, 1.0 ] },
												"east": { "texture": "#log", "uv": [ 14.0, 14.0, 16.0, 16.0 ], "enabled": false, "autoUv": false },
												"south": { "texture": "#log", "uv": [ 0.0, 0.0, 12.5, 1.0 ] },
												"west": { "texture": "#log", "uv": [ 14.0, 14.0, 16.0, 16.0 ], "autoUv": false },
												"up": { "texture": "#log", "uv": [ 0.0, 2.0, 12.5, 3.0 ], "enabled": false },
												"down": { "texture": "#log", "uv": [ 0.0, 0.0, 12.5, 1.0 ] }
											}
										},
										{
											"name": "wood support right middle",
											"from": [ 12.0, 5.0, 0.0 ], 
											"to": [ 13.0, 11.0, 1.5 ], 
											"rotationOrigin": [ 12.5, 7.2, 0.0 ],
											"rotationX": -3.415094397496434E-6,
											"faces": {
												"north": { "texture": "#log", "uv": [ 0.0, 0.0, 16.0, 1.5 ], "rotation": 90, "autoUv": false },
												"east": { "texture": "#log", "uv": [ 0.0, 0.0, 16.0, 1.5 ], "rotation": 90, "autoUv": false },
												"south": { "texture": "#log", "uv": [ 0.0, 0.0, 16.0, 1.5 ], "rotation": 90, "autoUv": false },
												"west": { "texture": "#log", "uv": [ 0.0, 0.0, 16.0, 1.5 ], "rotation": 90, "autoUv": false },
												"up": { "texture": "#log", "uv": [ 14.0, 14.0, 16.0, 16.0 ], "autoUv": false },
												"down": { "texture": "#log", "uv": [ 14.0, 14.0, 16.0, 16.0 ], "autoUv": false }
											}
										},
										{
											"name": "wood support left middle",
											"from": [ 5.0, 5.0, 0.0 ], 
											"to": [ 6.0, 11.0, 1.5 ], 
											"rotationOrigin": [ 5.5, 7.2, 0.0 ],
											"rotationX": -3.415094397496434E-6,
											"faces": {
												"north": { "texture": "#log", "uv": [ 0.0, 0.0, 16.0, 1.5 ], "rotation": 90, "autoUv": false },
												"east": { "texture": "#log", "uv": [ 0.0, 0.0, 16.0, 1.5 ], "rotation": 90, "autoUv": false },
												"south": { "texture": "#log", "uv": [ 0.0, 0.0, 16.0, 1.5 ], "rotation": 90, "autoUv": false },
												"west": { "texture": "#log", "uv": [ 0.0, 0.0, 16.0, 1.5 ], "rotation": 90, "autoUv": false },
												"up": { "texture": "#log", "uv": [ 14.0, 14.0, 16.0, 16.0 ], "autoUv": false },
												"down": { "texture": "#log", "uv": [ 14.0, 14.0, 16.0, 16.0 ], "autoUv": false }
											}
										}
									]
								}
							]
						}
					]
				},
				{
					"name": "Roof Left",
					"from": [ -4.9945, -8.0, 7.999 ], 
					"to": [ -4.9945, -8.0, 7.999 ], 
					"rotationOrigin": [ -5.0, -8.0, 8.0 ],
					"rotationY": 89.9802127184967,
					"faces": {
						"north": { "texture": "#bricks", "uv": [ 0.0, 0.0, 0.5, 0.5 ], "enabled": false },
						"east": { "texture": "#bricks", "uv": [ 0.0, 0.0, 0.5, 0.5 ], "enabled": false },
						"south": { "texture": "#bricks", "uv": [ 0.0, 0.0, 0.5, 0.5 ], "enabled": false },
						"west": { "texture": "#bricks", "uv": [ 0.0, 0.0, 0.5, 0.5 ], "enabled": false },
						"up": { "texture": "#bricks", "uv": [ 0.0, 0.0, 0.5, 0.5 ], "enabled": false },
						"down": { "texture": "#bricks", "uv": [ 0.0, 0.0, 0.5, 0.5 ], "enabled": false }
					},
					"children": [
						{
							"name": "Roof21",
							"from": [ 0.0, 14.0, -2.0 ], 
							"to": [ 14.5, 16.0, -1.0 ], 
							"rotationOrigin": [ 0.0, 14.0, -2.0 ],
							"rotationX": -44.99999632180179,
							"faces": {
								"north": { "texture": "#shingles", "uv": [ 0.0, 0.0, 14.5, 2.0 ] },
								"east": { "texture": "#shingles", "uv": [ 0.0, 0.0, 1.0, 2.0 ], "enabled": false },
								"south": { "texture": "#shingles", "uv": [ 0.0, 0.0, 14.5, 2.0 ] },
								"west": { "texture": "#shingles", "uv": [ 0.0, 0.0, 1.0, 2.0 ] },
								"up": { "texture": "#shingles", "uv": [ 0.0, 0.0, 14.5, 1.0 ] },
								"down": { "texture": "#shingles", "uv": [ 0.0, 0.0, 14.5, 1.0 ], "enabled": false }
							},
							"children": [
								{
									"name": "Cube22",
									"from": [ 0.0, -2.0, 1.0 ], 
									"to": [ 7.0, -1.0, 1.5 ], 
									"rotationOrigin": [ 0.0, -1.0, 0.0 ],
									"rotationX": -45.0,
									"faces": {
										"north": { "texture": "#shingles", "uv": [ 0.0, 0.0, 7.0, 1.0 ] },
										"east": { "texture": "#shingles", "uv": [ 0.0, 0.0, 0.5, 1.0 ], "enabled": false },
										"south": { "texture": "#shingles", "uv": [ 0.0, 2.5, 7.0, 3.5 ] },
										"west": { "texture": "#shingles", "uv": [ 0.0, 0.0, 0.5, 1.0 ] },
										"up": { "texture": "#shingles", "uv": [ 0.0, 0.0, 7.0, 0.5 ], "enabled": false },
										"down": { "texture": "#shingles", "uv": [ 11.0, 3.0, 11.5, 3.5 ], "autoUv": false }
									}
								},
								{
									"name": "Cube23",
									"from": [ 7.0, -2.0, 1.0 ], 
									"to": [ 10.0, -1.0, 1.5 ], 
									"rotationOrigin": [ 7.0, -1.0, 0.0 ],
									"rotationX": -45.0,
									"faces": {
										"north": { "texture": "#shingles", "uv": [ 0.0, 0.0, 3.0, 1.0 ] },
										"east": { "texture": "#shingles", "uv": [ 0.0, 0.0, 0.5, 1.0 ], "enabled": false },
										"south": { "texture": "#shingles", "uv": [ 7.0, 3.5, 10.0, 4.5 ], "autoUv": false },
										"west": { "texture": "#shingles", "uv": [ 0.0, 0.0, 0.5, 1.0 ], "enabled": false },
										"up": { "texture": "#shingles", "uv": [ 0.0, 0.0, 3.0, 0.5 ], "enabled": false },
										"down": { "texture": "#shingles", "uv": [ 11.0, 3.0, 11.5, 3.5 ], "autoUv": false }
									}
								},
								{
									"name": "Cube24",
									"from": [ 10.0, -2.0, 1.0 ], 
									"to": [ 13.0, -1.0, 1.5 ], 
									"rotationOrigin": [ 10.0, -1.0, 0.0 ],
									"rotationX": -45.0,
									"faces": {
										"north": { "texture": "#shingles", "uv": [ 10.0, 2.5, 13.0, 3.5 ] },
										"east": { "texture": "#shingles", "uv": [ 0.0, 0.0, 0.5, 1.0 ], "enabled": false },
										"south": { "texture": "#shingles", "uv": [ 10.0, 2.5, 13.0, 3.5 ] },
										"west": { "texture": "#shingles", "uv": [ 0.0, 0.0, 0.5, 1.0 ], "enabled": false },
										"up": { "texture": "#shingles", "uv": [ 0.0, 0.0, 3.0, 0.5 ], "enabled": false },
										"down": { "texture": "#shingles", "uv": [ 11.0, 3.0, 11.5, 3.5 ], "autoUv": false }
									}
								}
							]
						},
						{
							"name": "Roof25",
							"from": [ 0.0, 12.0, 0.0 ], 
							"to": [ 12.5, 14.0, 1.0 ], 
							"rotationOrigin": [ 0.0, 12.0, 0.0 ],
							"rotationX": -44.99999632180179,
							"faces": {
								"north": { "texture": "#shingles", "uv": [ 0.0, 4.0, 12.5, 6.0 ] },
								"east": { "texture": "#shingles", "uv": [ 0.0, 0.0, 1.0, 2.0 ], "enabled": false },
								"south": { "texture": "#shingles", "uv": [ 0.0, 4.0, 12.5, 6.0 ] },
								"west": { "texture": "#shingles", "uv": [ 0.0, 0.0, 1.0, 2.0 ] },
								"up": { "texture": "#shingles", "uv": [ 0.0, 0.0, 12.5, 1.0 ], "enabled": false },
								"down": { "texture": "#shingles", "uv": [ 0.0, 0.0, 12.5, 1.0 ], "enabled": false }
							},
							"children": [
								{
									"name": "Cube26",
									"from": [ 0.0, -2.0, 1.0 ], 
									"to": [ 5.0, -1.0, 1.5 ], 
									"rotationOrigin": [ 0.0, -1.0, 0.0 ],
									"rotationX": -45.0,
									"faces": {
										"north": { "texture": "#shingles", "uv": [ 0.0, 7.0, 5.0, 8.0 ] },
										"east": { "texture": "#shingles", "uv": [ 0.0, 0.0, 0.5, 1.0 ], "enabled": false },
										"south": { "texture": "#shingles", "uv": [ 0.0, 6.5, 5.0, 7.5 ] },
										"west": { "texture": "#shingles", "uv": [ 0.0, 0.0, 0.5, 1.0 ] },
										"up": { "texture": "#shingles", "uv": [ 0.0, 0.0, 5.0, 0.5 ], "enabled": false },
										"down": { "texture": "#shingles", "uv": [ 11.0, 3.0, 11.5, 3.5 ], "autoUv": false }
									}
								},
								{
									"name": "Cube27",
									"from": [ 5.0, -2.0, 1.0 ], 
									"to": [ 8.0, -1.0, 1.5 ], 
									"rotationOrigin": [ 5.0, -1.0, 0.0 ],
									"rotationX": -45.0,
									"faces": {
										"north": { "texture": "#shingles", "uv": [ 5.0, 7.0, 8.0, 8.0 ] },
										"east": { "texture": "#shingles", "uv": [ 0.0, 0.0, 0.5, 1.0 ], "enabled": false },
										"south": { "texture": "#shingles", "uv": [ 5.0, 7.0, 8.0, 8.0 ], "autoUv": false },
										"west": { "texture": "#shingles", "uv": [ 0.0, 0.0, 0.5, 1.0 ], "enabled": false },
										"up": { "texture": "#shingles", "uv": [ 0.0, 0.0, 3.0, 0.5 ], "enabled": false },
										"down": { "texture": "#shingles", "uv": [ 11.0, 3.0, 11.5, 3.5 ], "autoUv": false }
									}
								},
								{
									"name": "Cube28",
									"from": [ 8.0, -2.0, 1.0 ], 
									"to": [ 11.0, -1.0, 1.5 ], 
									"rotationOrigin": [ 8.0, -1.0, 0.0 ],
									"rotationX": -45.0,
									"faces": {
										"north": { "texture": "#shingles", "uv": [ 8.5, 6.5, 11.5, 7.5 ] },
										"east": { "texture": "#shingles", "uv": [ 0.0, 0.0, 0.5, 1.0 ], "enabled": false },
										"south": { "texture": "#shingles", "uv": [ 8.0, 6.5, 11.0, 7.5 ] },
										"west": { "texture": "#shingles", "uv": [ 0.0, 0.0, 0.5, 1.0 ], "enabled": false },
										"up": { "texture": "#shingles", "uv": [ 0.0, 0.0, 3.0, 0.5 ], "enabled": false },
										"down": { "texture": "#shingles", "uv": [ 11.0, 3.0, 11.5, 3.5 ], "autoUv": false }
									}
								}
							]
						},
						{
							"name": "Roof South29",
							"from": [ 0.0, 8.0, -8.0 ], 
							"to": [ 0.0, 8.0, -8.0 ], 
							"rotationOrigin": [ 0.0, 8.0, -8.0 ],
							"faces": {
								"north": { "texture": "#log", "uv": [ 0.0, 0.0, 0.5, 0.5 ], "enabled": false },
								"east": { "texture": "#log", "uv": [ 0.0, 0.0, 0.5, 0.5 ], "enabled": false },
								"south": { "texture": "#log", "uv": [ 0.0, 0.0, 0.5, 0.5 ], "enabled": false },
								"west": { "texture": "#log", "uv": [ 0.0, 0.0, 0.5, 0.5 ], "enabled": false },
								"up": { "texture": "#log", "uv": [ 0.0, 0.0, 0.5, 0.5 ], "enabled": false },
								"down": { "texture": "#log", "uv": [ 0.0, 0.0, 0.5, 0.5 ], "enabled": false }
							},
							"children": [
								{
									"name": "wood supports30",
									"from": [ -1.0, -1.2899, 11.8212 ], 
									"to": [ -1.0, -1.2899, 11.8212 ], 
									"rotationOrigin": [ -1.0, -1.2899, 11.8212 ],
									"rotationX": -44.99999028471095,
									"faces": {
										"north": { "texture": "#log", "uv": [ 0.0, 0.0, 0.5, 0.5 ], "enabled": false },
										"east": { "texture": "#log", "uv": [ 0.0, 0.0, 0.5, 0.5 ], "enabled": false },
										"south": { "texture": "#log", "uv": [ 0.0, 0.0, 0.5, 0.5 ], "enabled": false },
										"west": { "texture": "#log", "uv": [ 0.0, 0.0, 0.5, 0.5 ], "enabled": false },
										"up": { "texture": "#log", "uv": [ 0.0, 0.0, 0.5, 0.5 ], "enabled": false },
										"down": { "texture": "#log", "uv": [ 0.0, 0.0, 0.5, 0.5 ], "enabled": false }
									},
									"children": [
										{
											"name": "wood support  left31",
											"from": [ 0.0, 5.0, 0.0 ], 
											"to": [ 1.0, 11.2, 2.0 ], 
											"rotationOrigin": [ 0.5, 7.2, -0.8 ],
											"rotationX": -3.415094397496434E-6,
											"faces": {
												"north": { "texture": "#log", "uv": [ 0.0, 0.0, 6.0, 1.0 ], "rotation": 90 },
												"east": { "texture": "#log", "uv": [ 0.0, 0.0, 6.0, 2.0 ], "rotation": 90 },
												"south": { "texture": "#log", "uv": [ 0.0, 0.0, 6.0, 1.0 ], "rotation": 90 },
												"west": { "texture": "#log", "uv": [ 0.0, 0.0, 6.0, 2.0 ], "rotation": 90 },
												"up": { "texture": "#log", "uv": [ 14.0, 14.0, 16.0, 16.0 ], "autoUv": false },
												"down": { "texture": "#log", "uv": [ 14.0, 14.0, 16.0, 16.0 ], "autoUv": false }
											}
										},
										{
											"name": "wood support 33",
											"from": [ 1.0, 9.5, 1.0 ], 
											"to": [ 15.5, 10.5, 2.0 ], 
											"rotationOrigin": [ 1.0, 10.2, 0.5 ],
											"rotationX": 44.99999028471095,
											"faces": {
												"north": { "texture": "#log", "uv": [ 0.0, 0.0, 14.5, 1.0 ] },
												"east": { "texture": "#log", "uv": [ 14.0, 14.0, 16.0, 16.0 ], "autoUv": false },
												"south": { "texture": "#log", "uv": [ 0.0, 0.0, 14.5, 1.0 ] },
												"west": { "texture": "#log", "uv": [ 14.0, 14.0, 16.0, 16.0 ], "enabled": false, "autoUv": false },
												"up": { "texture": "#log", "uv": [ 0.0, 2.0, 14.5, 3.0 ], "enabled": false },
												"down": { "texture": "#log", "uv": [ 0.0, 0.0, 14.5, 1.0 ] }
											}
										},
										{
											"name": "wood support 34",
											"from": [ 1.0, 6.5, 1.0 ], 
											"to": [ 13.5, 7.5, 2.0 ], 
											"rotationOrigin": [ 1.0, 7.2, 0.5 ],
											"rotationX": 44.99999028471095,
											"faces": {
												"north": { "texture": "#log", "uv": [ 0.0, 1.0, 12.5, 2.0 ] },
												"east": { "texture": "#log", "uv": [ 14.0, 14.0, 16.0, 16.0 ], "autoUv": false },
												"south": { "texture": "#log", "uv": [ 0.0, 0.0, 12.5, 1.0 ] },
												"west": { "texture": "#log", "uv": [ 14.0, 14.0, 15.0, 15.0 ] },
												"up": { "texture": "#log", "uv": [ 0.0, 2.0, 12.5, 3.0 ], "enabled": false },
												"down": { "texture": "#log", "uv": [ 0.0, 0.0, 12.5, 1.0 ] }
											}
										},
										{
											"name": "wood support right middle35",
											"from": [ 12.0, 5.0, 0.0 ], 
											"to": [ 13.0, 11.0, 1.5 ], 
											"rotationOrigin": [ 12.5, 7.2, 0.0 ],
											"rotationX": -3.415094397496434E-6,
											"faces": {
												"north": { "texture": "#log", "uv": [ 0.0, 0.0, 16.0, 1.5 ], "rotation": 90, "autoUv": false },
												"east": { "texture": "#log", "uv": [ 0.0, 0.0, 16.0, 1.5 ], "rotation": 90, "autoUv": false },
												"south": { "texture": "#log", "uv": [ 0.0, 0.0, 16.0, 1.5 ], "rotation": 90, "autoUv": false },
												"west": { "texture": "#log", "uv": [ 0.0, 0.0, 16.0, 1.5 ], "rotation": 90, "autoUv": false },
												"up": { "texture": "#log", "uv": [ 14.0, 14.0, 16.0, 16.0 ], "autoUv": false },
												"down": { "texture": "#log", "uv": [ 14.0, 14.0, 16.0, 16.0 ], "autoUv": false }
											}
										}
									]
								}
							]
						}
					]
				},
				{
					"name": "Middle Support",
					"from": [ -8.15, 7.8, -5.5 ], 
					"to": [ -6.15, 9.8, 3.0 ], 
					"rotationOrigin": [ -10.0, 8.0, -6.0 ],
					"rotationX": 45.00000047719096,
					"rotationY": 34.99999905729538,
					"rotationZ": -30.000000296682213,
					"faces": {
						"north": { "texture": "#log", "uv": [ 14.0, 14.0, 16.0, 16.0 ] },
						"east": { "texture": "#log", "uv": [ 0.0, 0.0, 8.5, 2.0 ] },
						"south": { "texture": "#log", "uv": [ 14.0, 14.0, 16.0, 16.0 ] },
						"west": { "texture": "#log", "uv": [ 0.0, 0.0, 8.5, 2.0 ] },
						"up": { "texture": "#log", "uv": [ 0.0, 0.0, 8.5, 2.0 ], "rotation": 90 },
						"down": { "texture": "#log", "uv": [ 0.0, 0.0, 8.5, 2.0 ], "rotation": 90 }
					}
				},
				{
					"name": "wood support left middle36",
					"from": [ -6.7695, 1.6013, 3.494 ], 
					"to": [ -5.7695, 7.6013, 4.994 ], 
					"rotationOrigin": [ -6.2694, 3.8013, 3.494 ],
					"rotationX": -89.98019339701489,
					"rotationY": 45.00000137831748,
					"rotationZ": 89.97199743980799,
					"faces": {
						"north": { "texture": "#log", "uv": [ 0.0, 0.0, 16.0, 1.5 ], "rotation": 90, "autoUv": false },
						"east": { "texture": "#log", "uv": [ 0.0, 0.0, 16.0, 1.5 ], "rotation": 90, "autoUv": false },
						"south": { "texture": "#log", "uv": [ 0.0, 0.0, 16.0, 1.5 ], "rotation": 90, "autoUv": false },
						"west": { "texture": "#log", "uv": [ 0.0, 0.0, 16.0, 1.5 ], "rotation": 90, "autoUv": false },
						"up": { "texture": "#log", "uv": [ 14.0, 14.0, 16.0, 16.0 ], "autoUv": false },
						"down": { "texture": "#log", "uv": [ 14.0, 14.0, 16.0, 16.0 ], "autoUv": false }
					}
				}
			]
		}
	]}