{
	"code": "woodenplanks",
	"maxstacksize": 16,
	"shape": { "base": "item/roof/types/wood-boreds" },
	"textures": {
		"log": { "base": "game:block/wood/firepit/log" }
	},
	"creativeinventory": {
		"general": [ "*" ],
		"items": [ "*" ]
	},
	"combustibleProps": {
		"burnTemperature": 700,
		"burnDuration": 6
	},
	"materialDensity": 700,
	"guiTransform": {
		"translation": {
			"x": 0,
			"y": 2,
			"z": 0
		},
		"rotation": {
			"x": -55,
			"y": 94,
			"z": 27
		},
		"origin": {
			"x": 0.5,
			"y": 0,
			"z": 0.45
		},
		"scale": 1.86
	},
	"fpHandTransform": {
		"translation": {
			"x": 0,
			"y": 0,
			"z": 0
		},
		"rotation": {
			"x": 3,
			"y": -33,
			"z": -25
		},
		"origin": {
			"x": 0.5,
			"y": 0.1,
			"z": 0.5
		},
		"scale": 1.98
	},
	"groundTransform": {
		"translation": {
			"x": 0,
			"y": 0,
			"z": 0
		},
		"rotation": {
			"x": 0,
			"y": 0,
			"z": 0
		},
		"origin": {
			"x": 0.5,
			"y": 0,
			"z": 0.5
		},
		"scale": 3.25
	},
	"tpHandTransform": {
		"translation": {
			"x": -0.6,
			"y": -0.06,
			"z": -0.44
		},
		"rotation": {
			"x": 109,
			"y": 51,
			"z": 1
		},
		"origin": {
			"x": 0.5,
			"y": 0.1,
			"z": 0.5
		},
		"scale": 0.86
	}
}