{
	"editor": {
		"allAngles": false,
		"entityTextureMode": false
	},
	"textureWidth": 16,
	"textureHeight": 16,
	"textureSizes": {
	},
	"textures": {
	},
	"elements": [
		{
			"name": "Master",
			"from": [ -1.44, 0.0, -1.44 ], 
			"to": [ -1.44, 0.0, -1.44 ], 
			"rotationOrigin": [ -0.96, 0.0, 0.0 ],
			"faces": {
				"north": { "texture": "#stone", "uv": [ 0.0, 0.0, 0.4, 0.4 ] },
				"east": { "texture": "#stone", "uv": [ 0.0, 0.0, 0.4, 0.4 ] },
				"south": { "texture": "#stone", "uv": [ 0.0, 0.0, 0.4, 0.4 ] },
				"west": { "texture": "#stone", "uv": [ 0.0, 0.0, 0.4, 0.4 ] },
				"up": { "texture": "#stone", "uv": [ 0.0, 0.0, 0.4, 0.4 ] },
				"down": { "texture": "#stone", "uv": [ 0.0, 0.0, 0.4, 0.4 ] }
			},
			"children": [
				{
					"name": "Top",
					"from": [ -0.97, 1.0, 14.0 ], 
					"to": [ 9.398, 4.456, 14.576 ], 
					"rotationOrigin": [ -0.97, 0.048, 14.4 ],
					"rotationY": 90.0,
					"faces": {
						"north": { "texture": "#stone", "uv": [ 0.0, 0.0, 15.36, 4.8 ], "autoUv": false },
						"east": { "texture": "#stone", "uv": [ 0.0, 0.0, 1.92, 9.6 ], "autoUv": false },
						"south": { "texture": "#stone", "uv": [ 0.0, 0.0, 15.36, 5.76 ], "autoUv": false },
						"west": { "texture": "#stone", "uv": [ 0.0, 0.0, 1.92, 9.6 ], "autoUv": false },
						"up": { "texture": "#stone", "uv": [ 0.0, 0.0, 1.92, 15.36 ], "rotation": 90, "autoUv": false },
						"down": { "texture": "#stone", "uv": [ 0.0, 0.0, 1.92, 15.36 ], "rotation": 90, "autoUv": false }
					},
					"children": [
						{
							"name": "Top82",
							"from": [ 0.0, 3.456, 0.0 ], 
							"to": [ 3.456, 6.912, 0.576 ], 
							"rotationOrigin": [ 0.0, 3.456, -0.3456 ],
							"faces": {
								"north": { "texture": "#stone", "uv": [ 5.0, 0.0, 9.8, 4.8 ], "autoUv": false },
								"east": { "texture": "#stone", "uv": [ 0.0, 0.0, 1.92, 9.6 ], "autoUv": false },
								"south": { "texture": "#stone", "uv": [ 5.0, 0.0, 9.8, 5.76 ], "autoUv": false },
								"west": { "texture": "#stone", "uv": [ 0.0, 0.0, 1.92, 9.6 ], "autoUv": false },
								"up": { "texture": "#stone", "uv": [ 0.0, 0.0, 1.92, 15.36 ], "rotation": 90, "autoUv": false },
								"down": { "texture": "#stone", "uv": [ 0.0, 0.0, 1.92, 15.36 ], "rotation": 90, "autoUv": false }
							}
						},
						{
							"name": "Top83",
							"from": [ 6.912, 3.456, 0.0 ], 
							"to": [ 10.368, 6.912, 0.576 ], 
							"rotationOrigin": [ 6.912, 3.456, -0.3456 ],
							"faces": {
								"north": { "texture": "#stone", "uv": [ 5.0, 0.0, 9.8, 4.8 ], "autoUv": false },
								"east": { "texture": "#stone", "uv": [ 0.0, 0.0, 1.92, 9.6 ], "autoUv": false },
								"south": { "texture": "#stone", "uv": [ 5.0, 0.0, 9.8, 5.76 ], "autoUv": false },
								"west": { "texture": "#stone", "uv": [ 0.0, 0.0, 1.92, 9.6 ], "autoUv": false },
								"up": { "texture": "#stone", "uv": [ 0.0, 0.0, 1.92, 15.36 ], "rotation": 90, "autoUv": false },
								"down": { "texture": "#stone", "uv": [ 0.0, 0.0, 1.92, 15.36 ], "rotation": 90, "autoUv": false }
							}
						},
						{
							"name": "Top84",
							"from": [ 0.0, 6.912, 0.0 ], 
							"to": [ 10.368, 10.368, 0.576 ], 
							"rotationOrigin": [ 0.0, 6.912, -0.3456 ],
							"faces": {
								"north": { "texture": "#stone", "uv": [ 0.0, 0.0, 15.36, 4.8 ], "autoUv": false },
								"east": { "texture": "#stone", "uv": [ 0.0, 0.0, 1.92, 9.6 ], "autoUv": false },
								"south": { "texture": "#stone", "uv": [ 0.0, 0.0, 15.36, 5.76 ], "autoUv": false },
								"west": { "texture": "#stone", "uv": [ 0.0, 0.0, 1.92, 9.6 ], "autoUv": false },
								"up": { "texture": "#stone", "uv": [ 0.0, 0.0, 1.92, 15.36 ], "rotation": 90, "autoUv": false },
								"down": { "texture": "#stone", "uv": [ 0.0, 0.0, 1.92, 15.36 ], "rotation": 90, "autoUv": false }
							}
						},
						{
							"name": "Wood Top 1",
							"from": [ -1.152, 10.368, -0.1152 ], 
							"to": [ 11.52, 10.944, 0.8064 ], 
							"rotationOrigin": [ -1.152, 10.368, -0.1152 ],
							"faces": {
								"north": { "texture": "#log", "uv": [ 0.0, 0.0, 15.36, 1.92 ], "autoUv": false },
								"east": { "texture": "#log", "uv": [ 14.0, 16.0, 15.92, 14.08 ], "autoUv": false },
								"south": { "texture": "#log", "uv": [ 0.0, 0.0, 15.36, 2.4 ], "autoUv": false },
								"west": { "texture": "#log", "uv": [ 14.0, 14.0, 15.92, 15.92 ], "autoUv": false },
								"up": { "texture": "#log", "uv": [ 0.0, 0.0, 15.36, 2.88 ], "autoUv": false },
								"down": { "texture": "#log", "uv": [ 0.0, 0.0, 15.36, 2.88 ], "autoUv": false }
							}
						},
						{
							"name": "Wood Top 3",
							"from": [ -1.728, 10.368, -0.1152 ], 
							"to": [ 10.944, 10.944, 0.6912 ], 
							"rotationOrigin": [ -0.576, 10.368, -0.1152 ],
							"rotationX": -4.0981129513072866E-5,
							"rotationZ": -89.99999164334537,
							"faces": {
								"north": { "texture": "#log", "uv": [ 0.0, 0.0, 15.36, 1.92 ], "autoUv": false },
								"east": { "texture": "#log", "uv": [ 14.0, 16.0, 15.92, 14.08 ], "autoUv": false },
								"south": { "texture": "#log", "uv": [ 0.0, 0.0, 15.36, 2.4 ], "autoUv": false },
								"west": { "texture": "#log", "uv": [ 14.0, 14.0, 15.92, 15.92 ], "autoUv": false },
								"up": { "texture": "#log", "uv": [ 0.0, 0.0, 15.36, 2.88 ], "autoUv": false },
								"down": { "texture": "#log", "uv": [ 0.0, 0.0, 15.36, 2.88 ], "autoUv": false }
							}
						},
						{
							"name": "Wood Top 2",
							"from": [ -1.152, -0.576, -0.1152 ], 
							"to": [ 11.52, 0.0, 0.8064 ], 
							"rotationOrigin": [ -1.152, -0.576, -0.1152 ],
							"faces": {
								"north": { "texture": "#log", "uv": [ 0.0, 0.0, 15.36, 1.92 ], "autoUv": false },
								"east": { "texture": "#log", "uv": [ 14.0, 16.0, 15.92, 14.08 ], "autoUv": false },
								"south": { "texture": "#log", "uv": [ 0.0, 0.0, 15.36, 2.4 ], "autoUv": false },
								"west": { "texture": "#log", "uv": [ 14.0, 14.0, 15.92, 15.92 ], "autoUv": false },
								"up": { "texture": "#log", "uv": [ 0.0, 0.0, 15.36, 2.88 ], "autoUv": false },
								"down": { "texture": "#log", "uv": [ 0.0, 0.0, 15.36, 2.88 ], "autoUv": false }
							}
						},
						{
							"name": "Wood Top 4",
							"from": [ 10.368, 11.52, -0.1152 ], 
							"to": [ 23.04, 12.096, 0.6912 ], 
							"rotationOrigin": [ 10.368, 11.52, -0.1152 ],
							"rotationX": -4.0981129513072866E-5,
							"rotationZ": -89.99999164334537,
							"faces": {
								"north": { "texture": "#log", "uv": [ 0.0, 0.0, 15.36, 1.92 ], "autoUv": false },
								"east": { "texture": "#log", "uv": [ 14.0, 16.0, 15.92, 14.08 ], "autoUv": false },
								"south": { "texture": "#log", "uv": [ 0.0, 0.0, 15.36, 2.4 ], "autoUv": false },
								"west": { "texture": "#log", "uv": [ 14.0, 14.0, 15.92, 15.92 ], "autoUv": false },
								"up": { "texture": "#log", "uv": [ 0.0, 0.0, 15.36, 2.88 ], "autoUv": false },
								"down": { "texture": "#log", "uv": [ 0.0, 0.0, 15.36, 2.88 ], "autoUv": false }
							}
						}
					]
				}
			]
		},
		{
			"name": "Master",
			"from": [ -1.44, 0.0, -1.44 ], 
			"to": [ -1.44, 0.0, -1.44 ], 
			"rotationOrigin": [ -0.96, 0.0, 0.0 ],
			"faces": {
				"north": { "texture": "#null", "uv": [ 0.0, 0.0, 0.4, 0.4 ] },
				"east": { "texture": "#null", "uv": [ 0.0, 0.0, 0.4, 0.4 ] },
				"south": { "texture": "#null", "uv": [ 0.0, 0.0, 0.4, 0.4 ] },
				"west": { "texture": "#null", "uv": [ 0.0, 0.0, 0.4, 0.4 ] },
				"up": { "texture": "#null", "uv": [ 0.0, 0.0, 0.4, 0.4 ] },
				"down": { "texture": "#null", "uv": [ 0.0, 0.0, 0.4, 0.4 ] }
			},
			"children": [
				{
					"name": "Stone Main 0",
					"from": [ 8.64, 0.0, 9.216 ], 
					"to": [ 8.64, 0.0, 9.216 ], 
					"rotationOrigin": [ 9.216, 0.0, 9.216 ],
					"rotationX": -89.99999164334537,
					"faces": {
						"north": { "texture": "#brick", "uv": [ 0.0, 0.0, 0.48, 0.48 ] },
						"east": { "texture": "#brick", "uv": [ 0.0, 0.0, 0.48, 0.48 ] },
						"south": { "texture": "#brick", "uv": [ 0.0, 0.0, 0.48, 0.48 ] },
						"west": { "texture": "#brick", "uv": [ 0.0, 0.0, 0.48, 0.48 ] },
						"up": { "texture": "#brick", "uv": [ 0.0, 0.0, 0.48, 0.48 ] },
						"down": { "texture": "#brick", "uv": [ 0.0, 0.0, 0.48, 0.48 ] }
					},
					"children": [
						{
							"name": "Stone68",
							"from": [ -3.456, -6.912, -0.576 ], 
							"to": [ -1.152, -4.608, 3.1104 ], 
							"rotationOrigin": [ -2.304, -6.912, 0.0 ],
							"rotationX": 90.0,
							"faces": {
								"north": { "texture": "#brick", "uv": [ 0.0, 0.0, 8.16, 7.68 ], "autoUv": false },
								"east": { "texture": "#brick", "uv": [ 0.0, 0.0, 8.16, 7.68 ], "rotation": 180, "autoUv": false },
								"south": { "texture": "#brick", "uv": [ 0.5, 0.0, 8.18, 7.68 ], "autoUv": false },
								"west": { "texture": "#brick", "uv": [ 0.0, 0.0, 8.16, 7.68 ], "autoUv": false },
								"up": { "texture": "#stone", "uv": [ 0.0, 8.0, 15.36, 15.68 ], "rotation": 90, "autoUv": false },
								"down": { "texture": "#stone", "uv": [ 0.0, 8.0, 15.36, 15.68 ], "rotation": 90, "autoUv": false }
							},
							"children": [
								{
									"name": "Stone68",
									"from": [ 5.76, 0.0, 0.0 ], 
									"to": [ 8.064, 2.304, 3.6864 ], 
									"rotationOrigin": [ 6.912, 0.0, 0.576 ],
									"faces": {
										"north": { "texture": "#brick", "uv": [ 0.0, 0.0, 8.16, 7.68 ], "autoUv": false },
										"east": { "texture": "#brick", "uv": [ 0.0, 0.0, 8.16, 7.68 ], "rotation": 180, "autoUv": false },
										"south": { "texture": "#brick", "uv": [ 0.5, 0.0, 8.18, 7.68 ], "autoUv": false },
										"west": { "texture": "#brick", "uv": [ 0.0, 0.0, 8.16, 7.68 ], "autoUv": false },
										"up": { "texture": "#stone", "uv": [ 0.0, 8.0, 15.36, 15.68 ], "rotation": 90, "autoUv": false },
										"down": { "texture": "#stone", "uv": [ 0.0, 8.0, 15.36, 15.68 ], "rotation": 90, "autoUv": false }
									}
								}
							]
						},
						{
							"name": "Cube62",
							"from": [ 8.9856, 0.0, 0.0 ], 
							"to": [ 8.9856, 0.0, 0.0 ], 
							"rotationOrigin": [ 9.216, 0.0, 0.0 ],
							"rotationX": 89.99997456787236,
							"faces": {
								"north": { "texture": "#brick", "uv": [ 0.0, 0.0, 0.48, 0.48 ] },
								"east": { "texture": "#brick", "uv": [ 0.0, 0.0, 0.48, 0.48 ] },
								"south": { "texture": "#brick", "uv": [ 0.0, 0.0, 0.48, 0.48 ] },
								"west": { "texture": "#brick", "uv": [ 0.0, 0.0, 0.48, 0.48 ] },
								"up": { "texture": "#brick", "uv": [ 0.0, 0.0, 0.48, 0.48 ] },
								"down": { "texture": "#brick", "uv": [ 0.0, 0.0, 0.48, 0.48 ] }
							},
							"children": [
								{
									"name": "Stone68",
									"from": [ -4.608, 0.0, -0.576 ], 
									"to": [ -1.152, 2.304, 6.336 ], 
									"rotationOrigin": [ -4.608, 0.0, 6.912 ],
									"rotationY": -22.50000022689532,
									"faces": {
										"north": { "texture": "#brick", "uv": [ 0.0, 8.0, 7.68, 15.2 ], "autoUv": false },
										"east": { "texture": "#brick", "uv": [ 0.0, 8.0, 15.36, 15.68 ], "autoUv": false },
										"south": { "texture": "#brick", "uv": [ 1.5, 0.0, 8.22, 7.68 ], "autoUv": false },
										"west": { "texture": "#brick", "uv": [ 0.0, 8.0, 15.36, 15.68 ], "autoUv": false },
										"up": { "texture": "#stone", "uv": [ 0.0, 8.0, 15.36, 15.68 ], "rotation": 90, "autoUv": false },
										"down": { "texture": "#stone", "uv": [ 0.0, 8.0, 15.36, 15.68 ], "rotation": 90, "autoUv": false }
									}
								},
								{
									"name": "Stone68",
									"from": [ -4.608, 0.0, -6.336 ], 
									"to": [ -1.152, 2.304, 0.576 ], 
									"rotationOrigin": [ -4.608, 0.0, -6.912 ],
									"rotationY": 22.50000022689532,
									"faces": {
										"north": { "texture": "#brick", "uv": [ 0.0, 0.0, 8.16, 7.68 ], "rotation": 180, "autoUv": false },
										"east": { "texture": "#brick", "uv": [ 0.0, 8.0, 15.36, 15.68 ], "autoUv": false },
										"south": { "texture": "#brick", "uv": [ 8.0, 0.0, 15.68, 7.68 ], "rotation": 180, "autoUv": false },
										"west": { "texture": "#brick", "uv": [ 0.0, 8.0, 15.36, 15.68 ], "autoUv": false },
										"up": { "texture": "#stone", "uv": [ 0.0, 8.0, 15.36, 15.68 ], "rotation": 90, "autoUv": false },
										"down": { "texture": "#stone", "uv": [ 0.0, 8.0, 15.36, 15.68 ], "rotation": 90, "autoUv": false }
									}
								}
							]
						},
						{
							"name": "Cube65",
							"from": [ -8.2944, 0.0, 0.0 ], 
							"to": [ -8.2944, 0.0, 0.0 ], 
							"rotationOrigin": [ -8.064, 0.0, 0.0 ],
							"rotationX": 90.0,
							"rotationY": -180.0,
							"faces": {
								"north": { "texture": "#brick", "uv": [ 0.0, 0.0, 0.48, 0.48 ] },
								"east": { "texture": "#brick", "uv": [ 0.0, 0.0, 0.48, 0.48 ] },
								"south": { "texture": "#brick", "uv": [ 0.0, 0.0, 0.48, 0.48 ] },
								"west": { "texture": "#brick", "uv": [ 0.0, 0.0, 0.48, 0.48 ] },
								"up": { "texture": "#brick", "uv": [ 0.0, 0.0, 0.48, 0.48 ] },
								"down": { "texture": "#brick", "uv": [ 0.0, 0.0, 0.48, 0.48 ] }
							},
							"children": [
								{
									"name": "Stone68",
									"from": [ -4.608, 0.0, -0.576 ], 
									"to": [ -1.152, 2.304, 6.336 ], 
									"rotationOrigin": [ -4.608, 0.0, 6.912 ],
									"rotationY": -22.50000022689532,
									"faces": {
										"north": { "texture": "#brick", "uv": [ 0.0, 8.0, 7.68, 15.2 ], "autoUv": false },
										"east": { "texture": "#brick", "uv": [ 0.0, 8.0, 15.36, 15.68 ], "autoUv": false },
										"south": { "texture": "#brick", "uv": [ 1.5, 0.0, 8.22, 7.68 ], "autoUv": false },
										"west": { "texture": "#brick", "uv": [ 0.0, 8.0, 15.36, 15.68 ], "autoUv": false },
										"up": { "texture": "#stone", "uv": [ 0.0, 8.0, 15.36, 15.68 ], "rotation": 90, "autoUv": false },
										"down": { "texture": "#stone", "uv": [ 0.0, 8.0, 15.36, 15.68 ], "rotation": 90, "autoUv": false }
									}
								},
								{
									"name": "Stone68",
									"from": [ -4.608, 0.0, -6.336 ], 
									"to": [ -1.152, 2.304, 0.576 ], 
									"rotationOrigin": [ -4.608, 0.0, -6.912 ],
									"rotationY": 22.50000022689532,
									"faces": {
										"north": { "texture": "#brick", "uv": [ 0.0, 0.0, 8.16, 7.68 ], "rotation": 180, "autoUv": false },
										"east": { "texture": "#brick", "uv": [ 0.0, 8.0, 15.36, 15.68 ], "autoUv": false },
										"south": { "texture": "#brick", "uv": [ 8.0, 0.0, 15.68, 7.68 ], "rotation": 180, "autoUv": false },
										"west": { "texture": "#brick", "uv": [ 0.0, 8.0, 15.36, 15.68 ], "autoUv": false },
										"up": { "texture": "#stone", "uv": [ 0.0, 8.0, 15.36, 15.68 ], "rotation": 90, "autoUv": false },
										"down": { "texture": "#stone", "uv": [ 0.0, 8.0, 15.36, 15.68 ], "rotation": 90, "autoUv": false }
									}
								}
							]
						},
						{
							"name": "Stone68",
							"from": [ -3.456, 9.216, -0.8064 ], 
							"to": [ -1.152, 11.52, 2.88 ], 
							"rotationOrigin": [ -2.304, 9.216, 0.0 ],
							"rotationX": 90.0,
							"faces": {
								"north": { "texture": "#brick", "uv": [ 3.5, 8.0, 11.18, 15.68 ], "autoUv": false },
								"east": { "texture": "#brick", "uv": [ 0.0, 8.0, 15.36, 15.68 ], "autoUv": false },
								"south": { "texture": "#brick", "uv": [ 8.0, 0.0, 15.68, 7.68 ], "autoUv": false },
								"west": { "texture": "#brick", "uv": [ 0.0, 7.5, 15.36, 15.66 ], "autoUv": false },
								"up": { "texture": "#stone", "uv": [ 0.0, 8.0, 15.36, 15.68 ], "rotation": 90, "autoUv": false },
								"down": { "texture": "#stone", "uv": [ 0.0, 8.0, 15.36, 15.68 ], "rotation": 90, "autoUv": false }
							},
							"children": [
								{
									"name": "Stone69",
									"from": [ 5.76, 0.0, 0.0 ], 
									"to": [ 8.064, 2.304, 3.6864 ], 
									"rotationOrigin": [ 6.912, 0.0, 0.576 ],
									"faces": {
										"north": { "texture": "#brick", "uv": [ 2.0, 8.0, 8.24, 15.68 ], "autoUv": false },
										"east": { "texture": "#brick", "uv": [ 0.0, 8.0, 14.88, 15.68 ], "rotation": 180, "autoUv": false },
										"south": { "texture": "#brick", "uv": [ 4.5, 8.0, 11.22, 15.68 ], "autoUv": false },
										"west": { "texture": "#brick", "uv": [ 0.0, 8.0, 15.36, 15.68 ], "autoUv": false },
										"up": { "texture": "#stone", "uv": [ 0.0, 8.0, 15.36, 15.68 ], "rotation": 90, "autoUv": false },
										"down": { "texture": "#stone", "uv": [ 0.0, 8.0, 15.36, 15.68 ], "rotation": 90, "autoUv": false }
									}
								}
							]
						}
					]
				},
				{
					"name": "Stone Main 1",
					"from": [ 8.64, 2.304, 9.216 ], 
					"to": [ 8.64, 2.304, 9.216 ], 
					"rotationOrigin": [ 9.216, 2.304, 9.216 ],
					"rotationX": -89.99999164334537,
					"faces": {
						"north": { "texture": "#brick", "uv": [ 0.0, 0.0, 0.48, 0.48 ] },
						"east": { "texture": "#brick", "uv": [ 0.0, 0.0, 0.48, 0.48 ] },
						"south": { "texture": "#brick", "uv": [ 0.0, 0.0, 0.48, 0.48 ] },
						"west": { "texture": "#brick", "uv": [ 0.0, 0.0, 0.48, 0.48 ] },
						"up": { "texture": "#brick", "uv": [ 0.0, 0.0, 0.48, 0.48 ] },
						"down": { "texture": "#brick", "uv": [ 0.0, 0.0, 0.48, 0.48 ] }
					},
					"children": [
						{
							"name": "Stone49",
							"from": [ -3.456, -6.912, -0.576 ], 
							"to": [ -1.152, -4.608, 3.1104 ], 
							"rotationOrigin": [ -2.304, -6.912, 0.0 ],
							"rotationX": 90.0,
							"faces": {
								"north": { "texture": "#brick", "uv": [ 0.0, 0.0, 8.16, 7.68 ], "autoUv": false },
								"east": { "texture": "#brick", "uv": [ 0.0, 0.0, 8.16, 7.68 ], "rotation": 180, "autoUv": false },
								"south": { "texture": "#brick", "uv": [ 0.5, 0.0, 8.18, 7.68 ], "autoUv": false },
								"west": { "texture": "#brick", "uv": [ 0.0, 0.0, 8.16, 7.68 ], "autoUv": false },
								"up": { "texture": "#stone", "uv": [ 0.0, 8.0, 15.36, 15.68 ], "rotation": 90, "autoUv": false },
								"down": { "texture": "#stone", "uv": [ 0.0, 8.0, 15.36, 15.68 ], "rotation": 90, "autoUv": false }
							},
							"children": [
								{
									"name": "Stone61",
									"from": [ 5.76, 0.0, 0.0 ], 
									"to": [ 8.064, 2.304, 3.6864 ], 
									"rotationOrigin": [ 6.912, 0.0, 0.576 ],
									"faces": {
										"north": { "texture": "#brick", "uv": [ 0.0, 0.0, 8.16, 7.68 ], "autoUv": false },
										"east": { "texture": "#brick", "uv": [ 0.0, 0.0, 8.16, 7.68 ], "rotation": 180, "autoUv": false },
										"south": { "texture": "#brick", "uv": [ 0.5, 0.0, 8.18, 7.68 ], "autoUv": false },
										"west": { "texture": "#brick", "uv": [ 0.0, 0.0, 8.16, 7.68 ], "autoUv": false },
										"up": { "texture": "#stone", "uv": [ 0.0, 8.0, 15.36, 15.68 ], "rotation": 90, "autoUv": false },
										"down": { "texture": "#stone", "uv": [ 0.0, 8.0, 15.36, 15.68 ], "rotation": 90, "autoUv": false }
									}
								}
							]
						},
						{
							"name": "Cube50",
							"from": [ 8.9856, 0.0, 0.0 ], 
							"to": [ 8.9856, 0.0, 0.0 ], 
							"rotationOrigin": [ 9.216, 0.0, 0.0 ],
							"rotationX": 89.99997456787236,
							"faces": {
								"north": { "texture": "#brick", "uv": [ 0.0, 0.0, 0.48, 0.48 ] },
								"east": { "texture": "#brick", "uv": [ 0.0, 0.0, 0.48, 0.48 ] },
								"south": { "texture": "#brick", "uv": [ 0.0, 0.0, 0.48, 0.48 ] },
								"west": { "texture": "#brick", "uv": [ 0.0, 0.0, 0.48, 0.48 ] },
								"up": { "texture": "#brick", "uv": [ 0.0, 0.0, 0.48, 0.48 ] },
								"down": { "texture": "#brick", "uv": [ 0.0, 0.0, 0.48, 0.48 ] }
							},
							"children": [
								{
									"name": "Stone51",
									"from": [ -4.608, 0.0, -0.576 ], 
									"to": [ -1.152, 2.304, 6.336 ], 
									"rotationOrigin": [ -4.608, 0.0, 6.912 ],
									"rotationY": -22.50000022689532,
									"faces": {
										"north": { "texture": "#brick", "uv": [ 0.0, 8.0, 7.68, 15.2 ], "autoUv": false },
										"east": { "texture": "#brick", "uv": [ 0.0, 8.0, 15.36, 15.68 ], "autoUv": false },
										"south": { "texture": "#brick", "uv": [ 1.5, 0.0, 8.22, 7.68 ], "autoUv": false },
										"west": { "texture": "#brick", "uv": [ 0.0, 8.0, 15.36, 15.68 ], "autoUv": false },
										"up": { "texture": "#stone", "uv": [ 0.0, 8.0, 15.36, 15.68 ], "rotation": 90, "autoUv": false },
										"down": { "texture": "#stone", "uv": [ 0.0, 8.0, 15.36, 15.68 ], "rotation": 90, "autoUv": false }
									}
								},
								{
									"name": "Stone52",
									"from": [ -4.608, 0.0, -6.336 ], 
									"to": [ -1.152, 2.304, 0.576 ], 
									"rotationOrigin": [ -4.608, 0.0, -6.912 ],
									"rotationY": 22.50000022689532,
									"faces": {
										"north": { "texture": "#brick", "uv": [ 0.0, 0.0, 8.16, 7.68 ], "rotation": 180, "autoUv": false },
										"east": { "texture": "#brick", "uv": [ 0.0, 8.0, 15.36, 15.68 ], "autoUv": false },
										"south": { "texture": "#brick", "uv": [ 8.0, 0.0, 15.68, 7.68 ], "rotation": 180, "autoUv": false },
										"west": { "texture": "#brick", "uv": [ 0.0, 8.0, 15.36, 15.68 ], "autoUv": false },
										"up": { "texture": "#stone", "uv": [ 0.0, 8.0, 15.36, 15.68 ], "rotation": 90, "autoUv": false },
										"down": { "texture": "#stone", "uv": [ 0.0, 8.0, 15.36, 15.68 ], "rotation": 90, "autoUv": false }
									}
								}
							]
						},
						{
							"name": "Cube55",
							"from": [ -8.2944, 0.0, 0.0 ], 
							"to": [ -8.2944, 0.0, 0.0 ], 
							"rotationOrigin": [ -8.064, 0.0, 0.0 ],
							"rotationX": 90.0,
							"rotationY": -180.0,
							"faces": {
								"north": { "texture": "#brick", "uv": [ 0.0, 0.0, 0.48, 0.48 ] },
								"east": { "texture": "#brick", "uv": [ 0.0, 0.0, 0.48, 0.48 ] },
								"south": { "texture": "#brick", "uv": [ 0.0, 0.0, 0.48, 0.48 ] },
								"west": { "texture": "#brick", "uv": [ 0.0, 0.0, 0.48, 0.48 ] },
								"up": { "texture": "#brick", "uv": [ 0.0, 0.0, 0.48, 0.48 ] },
								"down": { "texture": "#brick", "uv": [ 0.0, 0.0, 0.48, 0.48 ] }
							},
							"children": [
								{
									"name": "Stone60",
									"from": [ -4.608, 0.0, -0.576 ], 
									"to": [ -1.152, 2.304, 6.336 ], 
									"rotationOrigin": [ -4.608, 0.0, 6.912 ],
									"rotationY": -22.50000022689532,
									"faces": {
										"north": { "texture": "#brick", "uv": [ 0.0, 8.0, 7.68, 15.2 ], "autoUv": false },
										"east": { "texture": "#brick", "uv": [ 0.0, 8.0, 15.36, 15.68 ], "autoUv": false },
										"south": { "texture": "#brick", "uv": [ 1.5, 0.0, 8.22, 7.68 ], "autoUv": false },
										"west": { "texture": "#brick", "uv": [ 0.0, 8.0, 15.36, 15.68 ], "autoUv": false },
										"up": { "texture": "#stone", "uv": [ 0.0, 8.0, 15.36, 15.68 ], "rotation": 90, "autoUv": false },
										"down": { "texture": "#stone", "uv": [ 0.0, 8.0, 15.36, 15.68 ], "rotation": 90, "autoUv": false }
									}
								},
								{
									"name": "Stone60",
									"from": [ -4.608, 0.0, -6.336 ], 
									"to": [ -1.152, 2.304, 0.576 ], 
									"rotationOrigin": [ -4.608, 0.0, -6.912 ],
									"rotationY": 22.50000022689532,
									"faces": {
										"north": { "texture": "#brick", "uv": [ 0.0, 0.0, 8.16, 7.68 ], "rotation": 180, "autoUv": false },
										"east": { "texture": "#brick", "uv": [ 0.0, 8.0, 15.36, 15.68 ], "autoUv": false },
										"south": { "texture": "#brick", "uv": [ 8.0, 0.0, 15.68, 7.68 ], "rotation": 180, "autoUv": false },
										"west": { "texture": "#brick", "uv": [ 0.0, 8.0, 15.36, 15.68 ], "autoUv": false },
										"up": { "texture": "#stone", "uv": [ 0.0, 8.0, 15.36, 15.68 ], "rotation": 90, "autoUv": false },
										"down": { "texture": "#stone", "uv": [ 0.0, 8.0, 15.36, 15.68 ], "rotation": 90, "autoUv": false }
									}
								}
							]
						},
						{
							"name": "Stone67",
							"from": [ -3.456, 9.216, -0.8064 ], 
							"to": [ -1.152, 11.52, 2.88 ], 
							"rotationOrigin": [ -2.304, 9.216, 0.0 ],
							"rotationX": 90.0,
							"faces": {
								"north": { "texture": "#brick", "uv": [ 3.5, 8.0, 11.18, 15.68 ], "autoUv": false },
								"east": { "texture": "#brick", "uv": [ 0.0, 8.0, 15.36, 15.68 ], "autoUv": false },
								"south": { "texture": "#brick", "uv": [ 8.0, 0.0, 15.68, 7.68 ], "autoUv": false },
								"west": { "texture": "#brick", "uv": [ 0.0, 7.5, 15.36, 15.66 ], "autoUv": false },
								"up": { "texture": "#stone", "uv": [ 0.0, 8.0, 15.36, 15.68 ], "rotation": 90, "autoUv": false },
								"down": { "texture": "#stone", "uv": [ 0.0, 8.0, 15.36, 15.68 ], "rotation": 90, "autoUv": false }
							},
							"children": [
								{
									"name": "Stone67",
									"from": [ 5.76, 0.0, 0.0 ], 
									"to": [ 8.064, 2.304, 3.6864 ], 
									"rotationOrigin": [ 6.912, 0.0, 0.576 ],
									"faces": {
										"north": { "texture": "#brick", "uv": [ 2.0, 8.0, 8.24, 15.68 ], "autoUv": false },
										"east": { "texture": "#brick", "uv": [ 0.0, 8.0, 14.88, 15.68 ], "rotation": 180, "autoUv": false },
										"south": { "texture": "#brick", "uv": [ 4.5, 8.0, 11.22, 15.68 ], "autoUv": false },
										"west": { "texture": "#brick", "uv": [ 0.0, 8.0, 15.36, 15.68 ], "autoUv": false },
										"up": { "texture": "#stone", "uv": [ 0.0, 8.0, 15.36, 15.68 ], "rotation": 90, "autoUv": false },
										"down": { "texture": "#stone", "uv": [ 0.0, 8.0, 15.36, 15.68 ], "rotation": 90, "autoUv": false }
									}
								}
							]
						}
					]
				},
				{
					"name": "Stone Main 2",
					"from": [ 8.64, 4.608, 9.216 ], 
					"to": [ 8.64, 4.608, 9.216 ], 
					"rotationOrigin": [ 9.216, 4.608, 9.216 ],
					"rotationX": -89.99999164334537,
					"faces": {
						"north": { "texture": "#brick", "uv": [ 0.0, 0.0, 0.48, 0.48 ] },
						"east": { "texture": "#brick", "uv": [ 0.0, 0.0, 0.48, 0.48 ] },
						"south": { "texture": "#brick", "uv": [ 0.0, 0.0, 0.48, 0.48 ] },
						"west": { "texture": "#brick", "uv": [ 0.0, 0.0, 0.48, 0.48 ] },
						"up": { "texture": "#brick", "uv": [ 0.0, 0.0, 0.48, 0.48 ] },
						"down": { "texture": "#brick", "uv": [ 0.0, 0.0, 0.48, 0.48 ] }
					},
					"children": [
						{
							"name": "Stone59",
							"from": [ -3.456, -6.912, -0.576 ], 
							"to": [ 4.608, -4.608, 2.88 ], 
							"rotationOrigin": [ -2.304, -6.912, 0.0 ],
							"rotationX": 89.99997456787236,
							"faces": {
								"north": { "texture": "#brick", "uv": [ 0.0, 8.0, 15.36, 15.68 ], "autoUv": false },
								"east": { "texture": "#brick", "uv": [ 0.0, 0.0, 8.16, 7.68 ], "rotation": 180, "autoUv": false },
								"south": { "texture": "#brick", "uv": [ 0.0, 8.0, 15.36, 15.68 ], "autoUv": false },
								"west": { "texture": "#brick", "uv": [ 0.0, 0.0, 8.16, 7.68 ], "autoUv": false },
								"up": { "texture": "#stone", "uv": [ 0.0, 8.0, 15.36, 15.68 ], "autoUv": false },
								"down": { "texture": "#stone", "uv": [ 0.0, 8.0, 15.36, 15.68 ], "autoUv": false }
							}
						},
						{
							"name": "Cube60",
							"from": [ 8.9856, 0.0, 0.0 ], 
							"to": [ 8.9856, 0.0, 0.0 ], 
							"rotationOrigin": [ 9.216, 0.0, 0.0 ],
							"rotationX": 89.99997456787236,
							"faces": {
								"north": { "texture": "#brick", "uv": [ 0.0, 0.0, 0.48, 0.48 ] },
								"east": { "texture": "#brick", "uv": [ 0.0, 0.0, 0.48, 0.48 ] },
								"south": { "texture": "#brick", "uv": [ 0.0, 0.0, 0.48, 0.48 ] },
								"west": { "texture": "#brick", "uv": [ 0.0, 0.0, 0.48, 0.48 ] },
								"up": { "texture": "#brick", "uv": [ 0.0, 0.0, 0.48, 0.48 ] },
								"down": { "texture": "#brick", "uv": [ 0.0, 0.0, 0.48, 0.48 ] }
							},
							"children": [
								{
									"name": "Stone63",
									"from": [ -5.184, 0.0, -0.576 ], 
									"to": [ -1.728, 2.304, 6.336 ], 
									"rotationOrigin": [ -4.608, 0.0, 6.912 ],
									"rotationY": -22.50000022689532,
									"faces": {
										"north": { "texture": "#brick", "uv": [ 0.0, 8.0, 7.68, 15.2 ], "autoUv": false },
										"east": { "texture": "#brick", "uv": [ 0.0, 8.0, 15.36, 15.68 ], "autoUv": false },
										"south": { "texture": "#brick", "uv": [ 1.5, 0.0, 8.22, 7.68 ], "autoUv": false },
										"west": { "texture": "#brick", "uv": [ 0.0, 8.0, 15.36, 15.68 ], "autoUv": false },
										"up": { "texture": "#stone", "uv": [ 0.0, 8.0, 15.36, 15.68 ], "rotation": 90, "autoUv": false },
										"down": { "texture": "#stone", "uv": [ 0.0, 8.0, 15.36, 15.68 ], "rotation": 90, "autoUv": false }
									}
								},
								{
									"name": "Stone63",
									"from": [ -5.184, 0.0, -6.336 ], 
									"to": [ -1.728, 2.304, 0.576 ], 
									"rotationOrigin": [ -4.608, 0.0, -6.912 ],
									"rotationY": 22.50000022689532,
									"faces": {
										"north": { "texture": "#brick", "uv": [ 0.0, 0.0, 8.16, 7.68 ], "rotation": 180, "autoUv": false },
										"east": { "texture": "#brick", "uv": [ 0.0, 8.0, 15.36, 15.68 ], "autoUv": false },
										"south": { "texture": "#brick", "uv": [ 8.0, 0.0, 15.68, 7.68 ], "rotation": 180, "autoUv": false },
										"west": { "texture": "#brick", "uv": [ 0.0, 8.0, 15.36, 15.68 ], "autoUv": false },
										"up": { "texture": "#stone", "uv": [ 0.0, 8.0, 15.36, 15.68 ], "rotation": 90, "autoUv": false },
										"down": { "texture": "#stone", "uv": [ 0.0, 8.0, 15.36, 15.68 ], "rotation": 90, "autoUv": false }
									}
								}
							]
						},
						{
							"name": "Stone63",
							"from": [ -3.456, 9.216, -0.576 ], 
							"to": [ 4.608, 11.52, 2.88 ], 
							"rotationOrigin": [ -2.304, 9.216, 0.0 ],
							"rotationX": 89.99997456787236,
							"faces": {
								"north": { "texture": "#brick", "uv": [ 0.0, 8.0, 15.36, 15.68 ], "autoUv": false },
								"east": { "texture": "#brick", "uv": [ 0.0, 0.0, 8.16, 7.68 ], "autoUv": false },
								"south": { "texture": "#brick", "uv": [ 0.0, 8.0, 15.36, 15.68 ], "autoUv": false },
								"west": { "texture": "#brick", "uv": [ 0.0, 0.0, 8.16, 7.68 ], "rotation": 180, "autoUv": false },
								"up": { "texture": "#brick", "uv": [ 0.0, 8.0, 15.36, 15.68 ], "autoUv": false },
								"down": { "texture": "#brick", "uv": [ 0.0, 8.0, 15.36, 15.68 ], "autoUv": false }
							}
						},
						{
							"name": "Cube64",
							"from": [ -8.2944, 0.0, 0.0 ], 
							"to": [ -8.2944, 0.0, 0.0 ], 
							"rotationOrigin": [ -8.064, 0.0, 0.0 ],
							"rotationX": 90.0,
							"rotationY": -180.0,
							"faces": {
								"north": { "texture": "#brick", "uv": [ 0.0, 0.0, 0.48, 0.48 ] },
								"east": { "texture": "#brick", "uv": [ 0.0, 0.0, 0.48, 0.48 ] },
								"south": { "texture": "#brick", "uv": [ 0.0, 0.0, 0.48, 0.48 ] },
								"west": { "texture": "#brick", "uv": [ 0.0, 0.0, 0.48, 0.48 ] },
								"up": { "texture": "#brick", "uv": [ 0.0, 0.0, 0.48, 0.48 ] },
								"down": { "texture": "#brick", "uv": [ 0.0, 0.0, 0.48, 0.48 ] }
							},
							"children": [
								{
									"name": "Stone66",
									"from": [ -5.184, 0.0, -0.576 ], 
									"to": [ -1.728, 2.304, 6.336 ], 
									"rotationOrigin": [ -4.608, 0.0, 6.912 ],
									"rotationY": -22.50000022689532,
									"faces": {
										"north": { "texture": "#brick", "uv": [ 0.0, 8.0, 7.68, 15.2 ], "autoUv": false },
										"east": { "texture": "#brick", "uv": [ 0.0, 8.0, 15.36, 15.68 ], "autoUv": false },
										"south": { "texture": "#brick", "uv": [ 1.5, 0.0, 8.22, 7.68 ], "autoUv": false },
										"west": { "texture": "#brick", "uv": [ 0.0, 8.0, 15.36, 15.68 ], "autoUv": false },
										"up": { "texture": "#stone", "uv": [ 0.0, 8.0, 15.36, 15.68 ], "rotation": 90, "autoUv": false },
										"down": { "texture": "#stone", "uv": [ 0.0, 8.0, 15.36, 15.68 ], "rotation": 90, "autoUv": false }
									}
								},
								{
									"name": "Stone66",
									"from": [ -5.184, 0.0, -6.336 ], 
									"to": [ -1.728, 2.304, 0.576 ], 
									"rotationOrigin": [ -4.608, 0.0, -6.912 ],
									"rotationY": 22.50000022689532,
									"faces": {
										"north": { "texture": "#brick", "uv": [ 0.0, 0.0, 8.16, 7.68 ], "rotation": 180, "autoUv": false },
										"east": { "texture": "#brick", "uv": [ 0.0, 8.0, 15.36, 15.68 ], "autoUv": false },
										"south": { "texture": "#brick", "uv": [ 8.0, 0.0, 15.68, 7.68 ], "rotation": 180, "autoUv": false },
										"west": { "texture": "#brick", "uv": [ 0.0, 8.0, 15.36, 15.68 ], "autoUv": false },
										"up": { "texture": "#stone", "uv": [ 0.0, 8.0, 15.36, 15.68 ], "rotation": 90, "autoUv": false },
										"down": { "texture": "#stone", "uv": [ 0.0, 8.0, 15.36, 15.68 ], "rotation": 90, "autoUv": false }
									}
								}
							]
						}
					]
				},
				{
					"name": "Stone Main 3",
					"from": [ 8.64, 6.912, 9.216 ], 
					"to": [ 8.64, 6.912, 9.216 ], 
					"rotationOrigin": [ 9.216, 6.912, 9.216 ],
					"rotationX": -89.99999505843996,
					"rotationZ": 89.99999505843996,
					"faces": {
						"north": { "texture": "#brick", "uv": [ 0.0, 0.0, 0.48, 0.48 ] },
						"east": { "texture": "#brick", "uv": [ 0.0, 0.0, 0.48, 0.48 ] },
						"south": { "texture": "#brick", "uv": [ 0.0, 0.0, 0.48, 0.48 ] },
						"west": { "texture": "#brick", "uv": [ 0.0, 0.0, 0.48, 0.48 ] },
						"up": { "texture": "#brick", "uv": [ 0.0, 0.0, 0.48, 0.48 ] },
						"down": { "texture": "#brick", "uv": [ 0.0, 0.0, 0.48, 0.48 ] }
					},
					"children": [
						{
							"name": "Stone58",
							"from": [ -3.456, -6.336, -0.576 ], 
							"to": [ 4.608, -4.032, 2.88 ], 
							"rotationOrigin": [ -2.304, -6.336, 0.0 ],
							"rotationX": 89.99997456787236,
							"faces": {
								"north": { "texture": "#brick", "uv": [ 0.0, 8.0, 15.36, 15.68 ], "autoUv": false },
								"east": { "texture": "#brick", "uv": [ 0.0, 0.0, 8.16, 7.68 ], "rotation": 180, "autoUv": false },
								"south": { "texture": "#brick", "uv": [ 0.0, 8.0, 15.36, 15.68 ], "autoUv": false },
								"west": { "texture": "#brick", "uv": [ 0.0, 0.0, 8.16, 7.68 ], "autoUv": false },
								"up": { "texture": "#stone", "uv": [ 0.0, 8.0, 15.36, 15.68 ], "autoUv": false },
								"down": { "texture": "#stone", "uv": [ 0.0, 8.0, 15.36, 15.68 ], "autoUv": false }
							}
						},
						{
							"name": "Cube59",
							"from": [ 8.9856, 0.0, 0.0 ], 
							"to": [ 8.9856, 0.0, 0.0 ], 
							"rotationOrigin": [ 9.216, 0.0, 0.0 ],
							"rotationX": 89.99997456787236,
							"faces": {
								"north": { "texture": "#brick", "uv": [ 0.0, 0.0, 0.48, 0.48 ] },
								"east": { "texture": "#brick", "uv": [ 0.0, 0.0, 0.48, 0.48 ] },
								"south": { "texture": "#brick", "uv": [ 0.0, 0.0, 0.48, 0.48 ] },
								"west": { "texture": "#brick", "uv": [ 0.0, 0.0, 0.48, 0.48 ] },
								"up": { "texture": "#brick", "uv": [ 0.0, 0.0, 0.48, 0.48 ] },
								"down": { "texture": "#brick", "uv": [ 0.0, 0.0, 0.48, 0.48 ] }
							},
							"children": [
								{
									"name": "Stone62",
									"from": [ -5.184, 0.0, -0.576 ], 
									"to": [ -1.728, 2.304, 6.336 ], 
									"rotationOrigin": [ -4.608, 0.0, 6.912 ],
									"rotationY": -22.50000022689532,
									"faces": {
										"north": { "texture": "#brick", "uv": [ 0.0, 0.0, 7.68, 7.2 ], "autoUv": false },
										"east": { "texture": "#brick", "uv": [ 0.0, 8.0, 15.36, 15.68 ], "autoUv": false },
										"south": { "texture": "#brick", "uv": [ 0.0, 0.0, 8.16, 7.68 ], "autoUv": false },
										"west": { "texture": "#brick", "uv": [ 0.0, 8.0, 15.36, 15.68 ], "autoUv": false },
										"up": { "texture": "#stone", "uv": [ 0.0, 8.0, 15.36, 15.68 ], "rotation": 90, "autoUv": false },
										"down": { "texture": "#stone", "uv": [ 0.0, 8.0, 15.36, 15.68 ], "rotation": 90, "autoUv": false }
									}
								},
								{
									"name": "Stone62",
									"from": [ -5.184, 0.0, -6.336 ], 
									"to": [ -1.728, 2.304, 0.576 ], 
									"rotationOrigin": [ -4.608, 0.0, -6.912 ],
									"rotationY": 22.50000022689532,
									"faces": {
										"north": { "texture": "#brick", "uv": [ 0.0, 0.0, 8.16, 7.68 ], "rotation": 180, "autoUv": false },
										"east": { "texture": "#brick", "uv": [ 0.0, 8.0, 15.36, 15.68 ], "autoUv": false },
										"south": { "texture": "#brick", "uv": [ 8.0, 0.0, 15.68, 7.68 ], "rotation": 180, "autoUv": false },
										"west": { "texture": "#brick", "uv": [ 0.0, 8.0, 15.36, 15.68 ], "autoUv": false },
										"up": { "texture": "#stone", "uv": [ 0.0, 8.0, 15.36, 15.68 ], "rotation": 90, "autoUv": false },
										"down": { "texture": "#stone", "uv": [ 0.0, 8.0, 15.36, 15.68 ], "rotation": 90, "autoUv": false }
									}
								}
							]
						},
						{
							"name": "Stone62",
							"from": [ -3.456, 8.64, -0.576 ], 
							"to": [ 4.608, 10.944, 2.88 ], 
							"rotationOrigin": [ -2.304, 8.64, 0.0 ],
							"rotationX": 89.99997456787236,
							"faces": {
								"north": { "texture": "#brick", "uv": [ 0.0, 8.0, 15.36, 15.68 ], "autoUv": false },
								"east": { "texture": "#brick", "uv": [ 0.0, 0.0, 8.16, 7.68 ], "autoUv": false },
								"south": { "texture": "#brick", "uv": [ 0.0, 8.0, 15.36, 15.68 ], "autoUv": false },
								"west": { "texture": "#brick", "uv": [ 0.0, 0.0, 8.16, 7.68 ], "rotation": 180, "autoUv": false },
								"up": { "texture": "#stone", "uv": [ 0.0, 8.0, 15.36, 15.68 ], "autoUv": false },
								"down": { "texture": "#stone", "uv": [ 0.0, 8.0, 15.36, 15.68 ], "autoUv": false }
							}
						},
						{
							"name": "Cube63",
							"from": [ -8.2944, 0.0, 0.0 ], 
							"to": [ -8.2944, 0.0, 0.0 ], 
							"rotationOrigin": [ -8.064, 0.0, 0.0 ],
							"rotationX": 90.0,
							"rotationY": -180.0,
							"faces": {
								"north": { "texture": "#brick", "uv": [ 0.0, 0.0, 0.48, 0.48 ] },
								"east": { "texture": "#brick", "uv": [ 0.0, 0.0, 0.48, 0.48 ] },
								"south": { "texture": "#brick", "uv": [ 0.0, 0.0, 0.48, 0.48 ] },
								"west": { "texture": "#brick", "uv": [ 0.0, 0.0, 0.48, 0.48 ] },
								"up": { "texture": "#brick", "uv": [ 0.0, 0.0, 0.48, 0.48 ] },
								"down": { "texture": "#brick", "uv": [ 0.0, 0.0, 0.48, 0.48 ] }
							},
							"children": [
								{
									"name": "Stone64",
									"from": [ -5.184, 0.0, -0.576 ], 
									"to": [ -1.728, 2.304, 6.336 ], 
									"rotationOrigin": [ -4.608, 0.0, 6.912 ],
									"rotationY": -22.50000022689532,
									"faces": {
										"north": { "texture": "#brick", "uv": [ 0.0, 0.0, 7.68, 7.2 ], "autoUv": false },
										"east": { "texture": "#brick", "uv": [ 0.0, 8.0, 15.36, 15.68 ], "autoUv": false },
										"south": { "texture": "#brick", "uv": [ 0.0, 0.0, 8.16, 7.68 ], "autoUv": false },
										"west": { "texture": "#brick", "uv": [ 0.0, 8.0, 15.36, 15.68 ], "autoUv": false },
										"up": { "texture": "#stone", "uv": [ 0.0, 8.0, 15.36, 15.68 ], "rotation": 90, "autoUv": false },
										"down": { "texture": "#stone", "uv": [ 0.0, 8.0, 15.36, 15.68 ], "rotation": 90, "autoUv": false }
									}
								},
								{
									"name": "Stone65",
									"from": [ -5.184, 0.0, -6.336 ], 
									"to": [ -1.728, 2.304, 0.576 ], 
									"rotationOrigin": [ -4.608, 0.0, -6.912 ],
									"rotationY": 22.50000022689532,
									"faces": {
										"north": { "texture": "#brick", "uv": [ 0.0, 0.0, 8.16, 7.68 ], "rotation": 180, "autoUv": false },
										"east": { "texture": "#brick", "uv": [ 0.0, 8.0, 15.36, 15.68 ], "autoUv": false },
										"south": { "texture": "#brick", "uv": [ 8.0, 0.0, 15.68, 7.68 ], "rotation": 180, "autoUv": false },
										"west": { "texture": "#brick", "uv": [ 0.0, 8.0, 15.36, 15.68 ], "autoUv": false },
										"up": { "texture": "#stone", "uv": [ 0.0, 8.0, 15.36, 15.68 ], "rotation": 90, "autoUv": false },
										"down": { "texture": "#stone", "uv": [ 0.0, 8.0, 15.36, 15.68 ], "rotation": 90, "autoUv": false }
									}
								}
							]
						}
					]
				},
				{
					"name": "Stone Main 5",
					"from": [ 8.64, 11.52, 9.216 ], 
					"to": [ 8.64, 11.52, 9.216 ], 
					"rotationOrigin": [ 9.216, 11.52, 9.216 ],
					"rotationX": -89.99997798296798,
					"rotationY": 1.7075471987482165E-6,
					"rotationZ": 89.99999505843996,
					"faces": {
						"north": { "texture": "#brick", "uv": [ 0.0, 0.0, 0.5, 0.5 ] },
						"east": { "texture": "#brick", "uv": [ 0.0, 0.0, 0.5, 0.5 ] },
						"south": { "texture": "#brick", "uv": [ 0.0, 0.0, 0.5, 0.5 ] },
						"west": { "texture": "#brick", "uv": [ 0.0, 0.0, 0.5, 0.5 ] },
						"up": { "texture": "#brick", "uv": [ 0.0, 0.0, 0.5, 0.5 ] },
						"down": { "texture": "#brick", "uv": [ 0.0, 0.0, 0.5, 0.5 ] }
					},
					"children": [
						{
							"name": "Stone 6 N58",
							"from": [ -3.46, 12.0, -13.0 ], 
							"to": [ 4.604, 14.304, -9.544 ], 
							"rotationOrigin": [ -8.064, 12.336, -11.0 ],
							"rotationX": 90.0,
							"faces": {
								"north": { "texture": "#brick", "uv": [ 0.0, 8.0, 15.36, 15.68 ], "autoUv": false },
								"east": { "texture": "#brick", "uv": [ 8.5, 8.0, 15.7, 15.68 ], "autoUv": false },
								"south": { "texture": "#brick", "uv": [ 0.0, 8.0, 15.36, 15.68 ], "rotation": 180, "autoUv": false },
								"west": { "texture": "#brick", "uv": [ 7.0, 7.5, 15.16, 15.18 ], "rotation": 90, "autoUv": false },
								"up": { "texture": "#stone", "uv": [ 0.0, 8.0, 15.36, 15.68 ], "rotation": 180, "autoUv": false },
								"down": { "texture": "#stone", "uv": [ 0.0, 8.0, 15.36, 15.68 ], "rotation": 180, "autoUv": false }
							}
						},
						{
							"name": "Stone 6 R 59",
							"from": [ 8.9856, 0.0, 0.0 ], 
							"to": [ 8.9856, 0.0, 0.0 ], 
							"rotationOrigin": [ 9.216, 0.0, 0.0 ],
							"rotationX": 89.99997456787236,
							"faces": {
								"north": { "texture": "#brick", "uv": [ 0.0, 0.0, 0.48, 0.48 ] },
								"east": { "texture": "#brick", "uv": [ 0.0, 0.0, 0.48, 0.48 ] },
								"south": { "texture": "#brick", "uv": [ 0.0, 0.0, 0.48, 0.48 ] },
								"west": { "texture": "#brick", "uv": [ 0.0, 0.0, 0.48, 0.48 ] },
								"up": { "texture": "#brick", "uv": [ 0.0, 0.0, 0.48, 0.48 ] },
								"down": { "texture": "#brick", "uv": [ 0.0, 0.0, 0.48, 0.48 ] }
							},
							"children": [
								{
									"name": "Stone 6 Part 2R60",
									"from": [ -5.76, 0.0, -1.58 ], 
									"to": [ -2.304, 2.304, 5.332 ], 
									"rotationOrigin": [ -4.608, 0.0, 5.912 ],
									"rotationX": 22.5,
									"rotationY": -22.50000022689532,
									"faces": {
										"north": { "texture": "#brick", "uv": [ 7.5, 0.0, 15.66, 7.68 ], "autoUv": false },
										"east": { "texture": "#brick", "uv": [ 0.0, 8.0, 15.36, 15.68 ], "autoUv": false },
										"south": { "texture": "#brick", "uv": [ 7.5, 8.0, 15.66, 15.68 ], "autoUv": false },
										"west": { "texture": "#brick", "uv": [ 0.0, 8.0, 15.36, 15.68 ], "autoUv": false },
										"up": { "texture": "#stone", "uv": [ 0.0, 8.0, 15.36, 15.68 ], "rotation": 90, "autoUv": false },
										"down": { "texture": "#stone", "uv": [ 0.0, 8.0, 15.36, 15.68 ], "rotation": 90, "autoUv": false }
									}
								},
								{
									"name": "Stone 6 Part 1 R61",
									"from": [ -5.76, 0.0, -6.336 ], 
									"to": [ -2.304, 2.304, 0.576 ], 
									"rotationOrigin": [ -4.608, 0.0, -6.912 ],
									"rotationY": 22.50000022689532,
									"faces": {
										"north": { "texture": "#brick", "uv": [ 0.0, 0.0, 8.16, 7.68 ], "autoUv": false },
										"east": { "texture": "#brick", "uv": [ 0.0, 8.0, 15.36, 15.68 ], "autoUv": false },
										"south": { "texture": "#brick", "uv": [ 8.0, 0.0, 15.0, 8.0 ], "rotation": 180, "autoUv": false },
										"west": { "texture": "#brick", "uv": [ 0.0, 8.0, 15.36, 15.68 ], "autoUv": false },
										"up": { "texture": "#stone", "uv": [ 0.0, 8.0, 15.36, 15.68 ], "rotation": 270, "autoUv": false },
										"down": { "texture": "#stone", "uv": [ -0.5, 8.0, 15.34, 15.68 ], "rotation": 90, "autoUv": false }
									}
								}
							]
						},
						{
							"name": "Stone 6 R 62",
							"from": [ -8.2944, 0.0, 0.0 ], 
							"to": [ -8.2944, 0.0, 0.0 ], 
							"rotationOrigin": [ -8.064, 0.0, 0.0 ],
							"rotationX": -90.00001554900759,
							"rotationZ": -179.99999011687973,
							"faces": {
								"north": { "texture": "#brick", "uv": [ 0.0, 0.0, 0.48, 0.48 ] },
								"east": { "texture": "#brick", "uv": [ 0.0, 0.0, 0.48, 0.48 ] },
								"south": { "texture": "#brick", "uv": [ 0.0, 0.0, 0.48, 0.48 ] },
								"west": { "texture": "#brick", "uv": [ 0.0, 0.0, 0.48, 0.48 ] },
								"up": { "texture": "#brick", "uv": [ 0.0, 0.0, 0.48, 0.48 ] },
								"down": { "texture": "#brick", "uv": [ 0.0, 0.0, 0.48, 0.48 ] }
							},
							"children": [
								{
									"name": "Stone 6 Part 3R63",
									"from": [ -0.76, -4.0, -0.576 ], 
									"to": [ 2.696, -1.696, 6.336 ], 
									"rotationOrigin": [ 0.392, -4.0, 6.912 ],
									"rotationX": -90.0,
									"faces": {
										"north": { "texture": "#brick", "uv": [ 0.5, 0.0, 8.18, 7.2 ], "rotation": 180, "autoUv": false },
										"east": { "texture": "#brick", "uv": [ 0.0, 8.0, 15.36, 15.68 ], "rotation": 180, "autoUv": false },
										"south": { "texture": "#brick", "uv": [ 8.5, 0.0, 15.7, 7.68 ], "rotation": 180, "autoUv": false },
										"west": { "texture": "#brick", "uv": [ 0.0, 8.0, 15.36, 15.68 ], "autoUv": false },
										"up": { "texture": "#stone", "uv": [ 0.0, 8.0, 15.86, 15.68 ], "rotation": 90, "autoUv": false },
										"down": { "texture": "#stone", "uv": [ 0.0, 8.0, 15.86, 15.68 ], "rotation": 90, "autoUv": false }
									}
								},
								{
									"name": "Stone 6 Part 4R64",
									"from": [ -22.5, -11.5, -5.34 ], 
									"to": [ -19.044, -9.196, 1.572 ], 
									"rotationOrigin": [ -21.608, -11.0, -5.912 ],
									"faces": {
										"north": { "texture": "#brick", "uv": [ 8.5, 0.0, 15.7, 7.2 ], "autoUv": false },
										"east": { "texture": "#brick", "uv": [ 0.0, 8.0, 15.36, 15.68 ], "autoUv": false },
										"south": { "texture": "#brick", "uv": [ 0.0, 0.0, 8.16, 7.68 ], "autoUv": false },
										"west": { "texture": "#brick", "uv": [ 0.0, 8.0, 15.36, 15.68 ], "autoUv": false },
										"up": { "texture": "#stone", "uv": [ 0.0, 8.0, 15.36, 15.68 ], "rotation": 90, "autoUv": false },
										"down": { "texture": "#stone", "uv": [ 0.0, 8.0, 15.36, 15.68 ], "rotation": 90, "autoUv": false }
									}
								}
							]
						},
						{
							"name": "Stone 6 S  65",
							"from": [ 12.54, -6.34, -0.73 ], 
							"to": [ 20.604, -4.036, 2.726 ], 
							"rotationOrigin": [ 7.936, -6.336, 1.0 ],
							"rotationX": 90.0,
							"rotationY": -22.5,
							"rotationZ": -90.0,
							"faces": {
								"north": { "texture": "#brick", "uv": [ 0.0, 8.0, 15.36, 15.68 ], "autoUv": false },
								"east": { "texture": "#brick", "uv": [ 8.5, 0.0, 15.7, 7.68 ], "autoUv": false },
								"south": { "texture": "#brick", "uv": [ 0.0, 8.0, 15.36, 15.68 ], "autoUv": false },
								"west": { "texture": "#brick", "uv": [ 0.0, 0.0, 8.16, 7.68 ], "autoUv": false },
								"up": { "texture": "#stone", "uv": [ 0.0, 8.0, 15.36, 15.68 ], "rotation": 180, "autoUv": false },
								"down": { "texture": "#stone", "uv": [ 0.0, 8.0, 15.36, 15.68 ], "rotation": 180, "autoUv": false }
							}
						}
					]
				},
				{
					"name": "Stone Main 4",
					"from": [ 8.64, 9.216, 9.216 ], 
					"to": [ 8.64, 9.216, 9.216 ], 
					"rotationOrigin": [ 9.216, 9.216, 9.216 ],
					"rotationX": -89.99997456787236,
					"faces": {
						"north": { "texture": "#brick", "uv": [ 0.0, 0.0, 0.48, 0.48 ] },
						"east": { "texture": "#brick", "uv": [ 0.0, 0.0, 0.48, 0.48 ] },
						"south": { "texture": "#brick", "uv": [ 0.0, 0.0, 0.48, 0.48 ] },
						"west": { "texture": "#brick", "uv": [ 0.0, 0.0, 0.48, 0.48 ] },
						"up": { "texture": "#brick", "uv": [ 0.0, 0.0, 0.48, 0.48 ] },
						"down": { "texture": "#brick", "uv": [ 0.0, 0.0, 0.48, 0.48 ] }
					},
					"children": [
						{
							"name": "Stone39",
							"from": [ 5.54, -12.5, -9.2 ], 
							"to": [ 13.604, -10.196, -5.744 ], 
							"rotationOrigin": [ 6.696, -12.5, -9.5 ],
							"rotationZ": 45.0,
							"faces": {
								"north": { "texture": "#brick", "uv": [ 0.0, 8.0, 15.36, 15.68 ], "autoUv": false },
								"east": { "texture": "#brick", "uv": [ 0.0, 0.0, 8.16, 7.68 ], "rotation": 180, "autoUv": false },
								"south": { "texture": "#brick", "uv": [ 0.0, 8.0, 15.36, 15.68 ], "autoUv": false },
								"west": { "texture": "#brick", "uv": [ 0.0, 0.0, 8.16, 7.68 ], "autoUv": false },
								"up": { "texture": "#stone", "uv": [ 0.0, 8.0, 15.36, 15.68 ], "autoUv": false },
								"down": { "texture": "#stone", "uv": [ 0.0, 8.0, 15.36, 15.68 ], "autoUv": false }
							}
						},
						{
							"name": "Cube41",
							"from": [ 8.9856, 0.0, 0.0 ], 
							"to": [ 8.9856, 0.0, 0.0 ], 
							"rotationOrigin": [ 9.216, 0.0, 0.0 ],
							"rotationX": 89.99997456787236,
							"faces": {
								"north": { "texture": "#brick", "uv": [ 0.0, 0.0, 0.48, 0.48 ] },
								"east": { "texture": "#brick", "uv": [ 0.0, 0.0, 0.48, 0.48 ] },
								"south": { "texture": "#brick", "uv": [ 0.0, 0.0, 0.48, 0.48 ] },
								"west": { "texture": "#brick", "uv": [ 0.0, 0.0, 0.48, 0.48 ] },
								"up": { "texture": "#brick", "uv": [ 0.0, 0.0, 0.48, 0.48 ] },
								"down": { "texture": "#brick", "uv": [ 0.0, 0.0, 0.48, 0.48 ] }
							},
							"children": [
								{
									"name": "Stone42",
									"from": [ -5.18, 0.0, -1.58 ], 
									"to": [ -1.724, 2.304, 5.332 ], 
									"rotationOrigin": [ -4.608, 0.0, 5.912 ],
									"rotationX": 22.5,
									"rotationY": -22.5,
									"faces": {
										"north": { "texture": "#brick", "uv": [ 8.0, 0.0, 16.0, 7.0 ], "autoUv": false },
										"east": { "texture": "#brick", "uv": [ 0.0, 8.0, 15.36, 15.68 ], "autoUv": false },
										"south": { "texture": "#brick", "uv": [ 0.0, 0.0, 8.16, 7.68 ], "autoUv": false },
										"west": { "texture": "#brick", "uv": [ 0.0, 8.0, 15.36, 15.68 ], "autoUv": false },
										"up": { "texture": "#stone", "uv": [ 0.0, 8.0, 15.36, 15.68 ], "rotation": 90, "autoUv": false },
										"down": { "texture": "#stone", "uv": [ 0.0, 8.0, 15.36, 15.68 ], "rotation": 90, "autoUv": false }
									}
								},
								{
									"name": "Stone43",
									"from": [ -5.184, 0.0, -6.336 ], 
									"to": [ -1.728, 2.304, 0.576 ], 
									"rotationOrigin": [ -4.608, 0.0, -6.912 ],
									"rotationY": 22.50000022689532,
									"faces": {
										"north": { "texture": "#brick", "uv": [ 0.0, 0.0, 8.16, 7.68 ], "rotation": 180, "autoUv": false },
										"east": { "texture": "#brick", "uv": [ 0.0, 8.0, 15.36, 15.68 ], "autoUv": false },
										"south": { "texture": "#brick", "uv": [ 8.0, 0.0, 15.68, 7.68 ], "rotation": 180, "autoUv": false },
										"west": { "texture": "#brick", "uv": [ 0.0, 8.0, 15.36, 15.68 ], "autoUv": false },
										"up": { "texture": "#stone", "uv": [ 0.0, 8.0, 15.36, 15.68 ], "rotation": 90, "autoUv": false },
										"down": { "texture": "#stone", "uv": [ 0.0, 8.0, 15.36, 15.68 ], "rotation": 90, "autoUv": false }
									}
								}
							]
						},
						{
							"name": "Stone56",
							"from": [ -3.456, 8.64, -0.576 ], 
							"to": [ 4.608, 10.944, 2.88 ], 
							"rotationOrigin": [ -2.304, 8.64, 0.0 ],
							"rotationX": 89.99997456787236,
							"faces": {
								"north": { "texture": "#brick", "uv": [ 0.0, 8.0, 15.36, 15.68 ], "autoUv": false },
								"east": { "texture": "#brick", "uv": [ 0.0, 0.0, 8.16, 7.68 ], "autoUv": false },
								"south": { "texture": "#brick", "uv": [ 0.0, 8.0, 15.36, 15.68 ], "autoUv": false },
								"west": { "texture": "#brick", "uv": [ 0.0, 0.0, 8.16, 7.68 ], "rotation": 180, "autoUv": false },
								"up": { "texture": "#stone", "uv": [ 0.0, 8.0, 15.36, 15.68 ], "autoUv": false },
								"down": { "texture": "#stone", "uv": [ 0.0, 8.0, 15.36, 15.68 ], "autoUv": false }
							}
						},
						{
							"name": "Cube54",
							"from": [ -8.2944, 0.0, 0.0 ], 
							"to": [ -8.2944, 0.0, 0.0 ], 
							"rotationOrigin": [ -8.064, 0.0, 0.0 ],
							"rotationX": 90.0,
							"rotationY": -180.0,
							"faces": {
								"north": { "texture": "#brick", "uv": [ 0.0, 0.0, 0.48, 0.48 ] },
								"east": { "texture": "#brick", "uv": [ 0.0, 0.0, 0.48, 0.48 ] },
								"south": { "texture": "#brick", "uv": [ 0.0, 0.0, 0.48, 0.48 ] },
								"west": { "texture": "#brick", "uv": [ 0.0, 0.0, 0.48, 0.48 ] },
								"up": { "texture": "#brick", "uv": [ 0.0, 0.0, 0.48, 0.48 ] },
								"down": { "texture": "#brick", "uv": [ 0.0, 0.0, 0.48, 0.48 ] }
							},
							"children": [
								{
									"name": "Stone55",
									"from": [ -5.184, 0.0, -0.576 ], 
									"to": [ -1.728, 2.304, 6.336 ], 
									"rotationOrigin": [ -4.608, 0.0, 6.912 ],
									"rotationY": -22.50000022689532,
									"faces": {
										"north": { "texture": "#brick", "uv": [ 0.0, 8.0, 7.68, 15.2 ], "autoUv": false },
										"east": { "texture": "#brick", "uv": [ 0.0, 8.0, 15.36, 15.68 ], "autoUv": false },
										"south": { "texture": "#brick", "uv": [ 1.5, 0.0, 8.22, 7.68 ], "autoUv": false },
										"west": { "texture": "#brick", "uv": [ 0.0, 8.0, 15.36, 15.68 ], "autoUv": false },
										"up": { "texture": "#stone", "uv": [ 0.0, 8.0, 15.36, 15.68 ], "rotation": 90, "autoUv": false },
										"down": { "texture": "#stone", "uv": [ 0.0, 8.0, 15.36, 15.68 ], "rotation": 90, "autoUv": false }
									}
								},
								{
									"name": "Stone57",
									"from": [ -5.184, 0.0, -6.336 ], 
									"to": [ -1.728, 2.304, 0.576 ], 
									"rotationOrigin": [ -4.608, 0.0, -6.912 ],
									"rotationY": 22.50000022689532,
									"faces": {
										"north": { "texture": "#brick", "uv": [ 0.0, 0.0, 8.16, 7.68 ], "rotation": 180, "autoUv": false },
										"east": { "texture": "#brick", "uv": [ 0.0, 8.0, 15.36, 15.68 ], "autoUv": false },
										"south": { "texture": "#brick", "uv": [ 8.0, 0.0, 15.68, 7.68 ], "rotation": 180, "autoUv": false },
										"west": { "texture": "#brick", "uv": [ 0.0, 8.0, 15.36, 15.68 ], "autoUv": false },
										"up": { "texture": "#stone", "uv": [ 0.0, 8.0, 15.36, 15.68 ], "rotation": 90, "autoUv": false },
										"down": { "texture": "#stone", "uv": [ 0.0, 8.0, 15.36, 15.68 ], "rotation": 90, "autoUv": false }
									}
								}
							]
						}
					]
				},
				{
					"name": "Wood Top 1Support",
					"from": [ 18.0, 10.0, 5.0 ], 
					"to": [ 28.672, 10.576, 5.9216 ], 
					"rotationOrigin": [ 18.0, 10.0, 5.0 ],
					"rotationZ": -80.0,
					"faces": {
						"north": { "texture": "#log", "uv": [ 0.0, 0.0, 15.36, 1.92 ], "autoUv": false },
						"east": { "texture": "#log", "uv": [ 14.0, 16.0, 15.92, 14.08 ], "autoUv": false },
						"south": { "texture": "#log", "uv": [ 0.0, 0.0, 15.36, 2.4 ], "autoUv": false },
						"west": { "texture": "#log", "uv": [ 14.0, 14.0, 15.92, 15.92 ], "autoUv": false },
						"up": { "texture": "#log", "uv": [ 0.0, 0.0, 15.36, 2.88 ], "autoUv": false },
						"down": { "texture": "#log", "uv": [ 0.0, 0.0, 15.36, 2.88 ], "autoUv": false }
					}
				},
				{
					"name": "Wood Top 2 Support ",
					"from": [ 18.0, 10.2, 6.0 ], 
					"to": [ 28.672, 10.776, 6.9216 ], 
					"rotationOrigin": [ 18.0, 10.0, 6.0 ],
					"rotationY": -22.5,
					"rotationZ": -80.0,
					"faces": {
						"north": { "texture": "#log", "uv": [ 0.0, 0.0, 15.36, 1.92 ], "autoUv": false },
						"east": { "texture": "#log", "uv": [ 14.0, 16.0, 15.92, 14.08 ], "autoUv": false },
						"south": { "texture": "#log", "uv": [ 0.0, 0.0, 15.36, 2.4 ], "autoUv": false },
						"west": { "texture": "#log", "uv": [ 14.0, 14.0, 15.92, 15.92 ], "autoUv": false },
						"up": { "texture": "#log", "uv": [ 0.0, 0.0, 15.36, 2.88 ], "autoUv": false },
						"down": { "texture": "#log", "uv": [ 0.0, 0.0, 15.36, 2.88 ], "autoUv": false }
					}
				}
			]
		}
	]}