{
	"editor": {
		"allAngles": false,
		"entityTextureMode": false
	},
	"textureWidth": 16,
	"textureHeight": 16,
	"textureSizes": {
	},
	"textures": {
	},
	"elements": [
		{
			"name": "Master",
			"from": [ -1.44, 0.0, -1.44 ], 
			"to": [ -1.44, 0.0, -1.44 ], 
			"rotationOrigin": [ -0.96, 0.0, 0.0 ],
			"faces": {
				"north": { "texture": "#stone", "uv": [ 0.0, 0.0, 0.4, 0.4 ] },
				"east": { "texture": "#stone", "uv": [ 0.0, 0.0, 0.4, 0.4 ] },
				"south": { "texture": "#stone", "uv": [ 0.0, 0.0, 0.4, 0.4 ] },
				"west": { "texture": "#stone", "uv": [ 0.0, 0.0, 0.4, 0.4 ] },
				"up": { "texture": "#stone", "uv": [ 0.0, 0.0, 0.4, 0.4 ] },
				"down": { "texture": "#stone", "uv": [ 0.0, 0.0, 0.4, 0.4 ] }
			},
			"children": [
				{
					"name": "coal",
					"from": [ 2.5, 0.0, 15.5 ], 
					"to": [ 15.5, 12.5, 15.5576 ], 
					"renderPass": 2,
					"rotationOrigin": [ 10.368, 0.0, 15.5 ],
					"rotationX": -90.00001554900759,
					"rotationY": 3.256887814995224E-12,
					"rotationZ": 1.73028483533985E-5,
					"faces": {
						"north": { "texture": "#ashes", "uv": [ 0.0, 0.0, 13.0, 12.5 ], "enabled": false },
						"east": { "texture": "#ashes", "uv": [ 0.0, 0.0, 0.5, 12.5 ], "enabled": false },
						"south": { "texture": "#ashes", "uv": [ 0.0, 0.0, 15.36, 15.36 ], "glow": 80, "autoUv": false },
						"west": { "texture": "#ashes", "uv": [ 0.0, 0.0, 0.5, 12.5 ], "enabled": false },
						"up": { "texture": "#ashes", "uv": [ 0.0, 0.0, 13.0, 0.5 ], "enabled": false },
						"down": { "texture": "#ashes", "uv": [ 0.0, 0.0, 13.0, 0.5 ], "enabled": false }
					}
				},
				{
					"name": "Stone Main 0",
					"from": [ 8.64, 0.0, 9.216 ], 
					"to": [ 8.64, 0.0, 9.216 ], 
					"rotationOrigin": [ 9.216, 0.0, 9.216 ],
					"rotationX": -89.99999164334537,
					"faces": {
						"north": { "texture": "#brick", "uv": [ 0.0, 0.0, 0.48, 0.48 ] },
						"east": { "texture": "#brick", "uv": [ 0.0, 0.0, 0.48, 0.48 ] },
						"south": { "texture": "#brick", "uv": [ 0.0, 0.0, 0.48, 0.48 ] },
						"west": { "texture": "#brick", "uv": [ 0.0, 0.0, 0.48, 0.48 ] },
						"up": { "texture": "#brick", "uv": [ 0.0, 0.0, 0.48, 0.48 ] },
						"down": { "texture": "#brick", "uv": [ 0.0, 0.0, 0.48, 0.48 ] }
					},
					"children": [
						{
							"name": "Stone68",
							"from": [ -3.456, -6.912, -0.576 ], 
							"to": [ -1.152, -4.608, 3.1104 ], 
							"rotationOrigin": [ -2.304, -6.912, 0.0 ],
							"rotationX": 90.0,
							"faces": {
								"north": { "texture": "#brick", "uv": [ 0.0, 0.0, 8.16, 7.68 ], "autoUv": false },
								"east": { "texture": "#brick", "uv": [ 0.0, 0.0, 8.16, 7.68 ], "rotation": 180, "autoUv": false },
								"south": { "texture": "#brick", "uv": [ 0.5, 0.0, 8.18, 7.68 ], "autoUv": false },
								"west": { "texture": "#brick", "uv": [ 0.0, 0.0, 8.16, 7.68 ], "autoUv": false },
								"up": { "texture": "#stone", "uv": [ 0.0, 8.0, 15.36, 15.68 ], "rotation": 90, "autoUv": false },
								"down": { "texture": "#stone", "uv": [ 0.0, 8.0, 15.36, 15.68 ], "rotation": 90, "autoUv": false }
							},
							"children": [
								{
									"name": "Stone689",
									"from": [ 5.76, 0.0, 0.0 ], 
									"to": [ 8.064, 2.304, 3.6864 ], 
									"rotationOrigin": [ 6.912, 0.0, 0.576 ],
									"faces": {
										"north": { "texture": "#brick", "uv": [ 0.0, 0.0, 8.16, 7.68 ], "autoUv": false },
										"east": { "texture": "#brick", "uv": [ 0.0, 0.0, 8.16, 7.68 ], "rotation": 180, "autoUv": false },
										"south": { "texture": "#brick", "uv": [ 0.5, 0.0, 8.18, 7.68 ], "autoUv": false },
										"west": { "texture": "#brick", "uv": [ 0.0, 0.0, 8.16, 7.68 ], "autoUv": false },
										"up": { "texture": "#stone", "uv": [ 0.0, 8.0, 15.36, 15.68 ], "rotation": 90, "autoUv": false },
										"down": { "texture": "#stone", "uv": [ 0.0, 8.0, 15.36, 15.68 ], "rotation": 90, "autoUv": false }
									}
								}
							]
						},
						{
							"name": "Cube62",
							"from": [ 8.9856, 0.0, 0.0 ], 
							"to": [ 8.9856, 0.0, 0.0 ], 
							"rotationOrigin": [ 9.216, 0.0, 0.0 ],
							"rotationX": 89.99997456787236,
							"faces": {
								"north": { "texture": "#brick", "uv": [ 0.0, 0.0, 0.48, 0.48 ] },
								"east": { "texture": "#brick", "uv": [ 0.0, 0.0, 0.48, 0.48 ] },
								"south": { "texture": "#brick", "uv": [ 0.0, 0.0, 0.48, 0.48 ] },
								"west": { "texture": "#brick", "uv": [ 0.0, 0.0, 0.48, 0.48 ] },
								"up": { "texture": "#brick", "uv": [ 0.0, 0.0, 0.48, 0.48 ] },
								"down": { "texture": "#brick", "uv": [ 0.0, 0.0, 0.48, 0.48 ] }
							},
							"children": [
								{
									"name": "Stone687",
									"from": [ -4.608, 0.0, -0.576 ], 
									"to": [ -1.152, 2.304, 6.336 ], 
									"rotationOrigin": [ -4.608, 0.0, 6.912 ],
									"rotationY": -22.50000022689532,
									"faces": {
										"north": { "texture": "#brick", "uv": [ 0.0, 8.0, 7.68, 15.2 ], "autoUv": false },
										"east": { "texture": "#brick", "uv": [ 0.0, 8.0, 15.36, 15.68 ], "autoUv": false },
										"south": { "texture": "#brick", "uv": [ 1.5, 0.0, 8.22, 7.68 ], "autoUv": false },
										"west": { "texture": "#brick", "uv": [ 0.0, 8.0, 15.36, 15.68 ], "autoUv": false },
										"up": { "texture": "#stone", "uv": [ 0.0, 8.0, 15.36, 15.68 ], "rotation": 90, "autoUv": false },
										"down": { "texture": "#stone", "uv": [ 0.0, 8.0, 15.36, 15.68 ], "rotation": 90, "autoUv": false }
									}
								},
								{
									"name": "Stone686",
									"from": [ -4.608, 0.0, -6.336 ], 
									"to": [ -1.152, 2.304, 0.576 ], 
									"rotationOrigin": [ -4.608, 0.0, -6.912 ],
									"rotationY": 22.50000022689532,
									"faces": {
										"north": { "texture": "#brick", "uv": [ 0.0, 0.0, 8.16, 7.68 ], "rotation": 180, "autoUv": false },
										"east": { "texture": "#brick", "uv": [ 0.0, 8.0, 15.36, 15.68 ], "autoUv": false },
										"south": { "texture": "#brick", "uv": [ 8.0, 0.0, 15.68, 7.68 ], "rotation": 180, "autoUv": false },
										"west": { "texture": "#brick", "uv": [ 0.0, 8.0, 15.36, 15.68 ], "autoUv": false },
										"up": { "texture": "#stone", "uv": [ 0.0, 8.0, 15.36, 15.68 ], "rotation": 90, "autoUv": false },
										"down": { "texture": "#stone", "uv": [ 0.0, 8.0, 15.36, 15.68 ], "rotation": 90, "autoUv": false }
									}
								}
							]
						},
						{
							"name": "Cube65",
							"from": [ -8.2944, 0.0, 0.0 ], 
							"to": [ -8.2944, 0.0, 0.0 ], 
							"rotationOrigin": [ -8.064, 0.0, 0.0 ],
							"rotationX": 90.0,
							"rotationY": -180.0,
							"faces": {
								"north": { "texture": "#brick", "uv": [ 0.0, 0.0, 0.48, 0.48 ] },
								"east": { "texture": "#brick", "uv": [ 0.0, 0.0, 0.48, 0.48 ] },
								"south": { "texture": "#brick", "uv": [ 0.0, 0.0, 0.48, 0.48 ] },
								"west": { "texture": "#brick", "uv": [ 0.0, 0.0, 0.48, 0.48 ] },
								"up": { "texture": "#brick", "uv": [ 0.0, 0.0, 0.48, 0.48 ] },
								"down": { "texture": "#brick", "uv": [ 0.0, 0.0, 0.48, 0.48 ] }
							},
							"children": [
								{
									"name": "Stone682",
									"from": [ -4.608, 0.0, -0.576 ], 
									"to": [ -1.152, 2.304, 6.336 ], 
									"rotationOrigin": [ -4.608, 0.0, 6.912 ],
									"rotationY": -22.50000022689532,
									"faces": {
										"north": { "texture": "#brick", "uv": [ 0.0, 8.0, 7.68, 15.2 ], "autoUv": false },
										"east": { "texture": "#brick", "uv": [ 0.0, 8.0, 15.36, 15.68 ], "autoUv": false },
										"south": { "texture": "#brick", "uv": [ 1.5, 0.0, 8.22, 7.68 ], "autoUv": false },
										"west": { "texture": "#brick", "uv": [ 0.0, 8.0, 15.36, 15.68 ], "autoUv": false },
										"up": { "texture": "#stone", "uv": [ 0.0, 8.0, 15.36, 15.68 ], "rotation": 90, "autoUv": false },
										"down": { "texture": "#stone", "uv": [ 0.0, 8.0, 15.36, 15.68 ], "rotation": 90, "autoUv": false }
									}
								},
								{
									"name": "Stone683",
									"from": [ -4.608, 0.0, -6.336 ], 
									"to": [ -1.152, 2.304, 0.576 ], 
									"rotationOrigin": [ -4.608, 0.0, -6.912 ],
									"rotationY": 22.50000022689532,
									"faces": {
										"north": { "texture": "#brick", "uv": [ 0.0, 0.0, 8.16, 7.68 ], "rotation": 180, "autoUv": false },
										"east": { "texture": "#brick", "uv": [ 0.0, 8.0, 15.36, 15.68 ], "autoUv": false },
										"south": { "texture": "#brick", "uv": [ 8.0, 0.0, 15.68, 7.68 ], "rotation": 180, "autoUv": false },
										"west": { "texture": "#brick", "uv": [ 0.0, 8.0, 15.36, 15.68 ], "autoUv": false },
										"up": { "texture": "#stone", "uv": [ 0.0, 8.0, 15.36, 15.68 ], "rotation": 90, "autoUv": false },
										"down": { "texture": "#stone", "uv": [ 0.0, 8.0, 15.36, 15.68 ], "rotation": 90, "autoUv": false }
									}
								}
							]
						},
						{
							"name": "Stone681",
							"from": [ -3.456, 9.216, -0.8064 ], 
							"to": [ -1.152, 11.52, 2.88 ], 
							"rotationOrigin": [ -2.304, 9.216, 0.0 ],
							"rotationX": 90.0,
							"faces": {
								"north": { "texture": "#brick", "uv": [ 3.5, 8.0, 11.18, 15.68 ], "autoUv": false },
								"east": { "texture": "#brick", "uv": [ 0.0, 8.0, 15.36, 15.68 ], "autoUv": false },
								"south": { "texture": "#brick", "uv": [ 8.0, 0.0, 15.68, 7.68 ], "autoUv": false },
								"west": { "texture": "#brick", "uv": [ 0.0, 7.5, 15.36, 15.66 ], "autoUv": false },
								"up": { "texture": "#stone", "uv": [ 0.0, 8.0, 15.36, 15.68 ], "rotation": 90, "autoUv": false },
								"down": { "texture": "#stone", "uv": [ 0.0, 8.0, 15.36, 15.68 ], "rotation": 90, "autoUv": false }
							},
							"children": [
								{
									"name": "Stone69",
									"from": [ 5.76, 0.0, 0.0 ], 
									"to": [ 8.064, 2.304, 3.6864 ], 
									"rotationOrigin": [ 6.912, 0.0, 0.576 ],
									"faces": {
										"north": { "texture": "#brick", "uv": [ 2.0, 8.0, 8.24, 15.68 ], "autoUv": false },
										"east": { "texture": "#brick", "uv": [ 0.0, 8.0, 14.88, 15.68 ], "rotation": 180, "autoUv": false },
										"south": { "texture": "#brick", "uv": [ 4.5, 8.0, 11.22, 15.68 ], "autoUv": false },
										"west": { "texture": "#brick", "uv": [ 0.0, 8.0, 15.36, 15.68 ], "autoUv": false },
										"up": { "texture": "#stone", "uv": [ 0.0, 8.0, 15.36, 15.68 ], "rotation": 90, "autoUv": false },
										"down": { "texture": "#stone", "uv": [ 0.0, 8.0, 15.36, 15.68 ], "rotation": 90, "autoUv": false }
									}
								}
							]
						}
					]
				},
				{
					"name": "Stone Main 1",
					"from": [ 8.64, 2.304, 9.216 ], 
					"to": [ 8.64, 2.304, 9.216 ], 
					"rotationOrigin": [ 9.216, 2.304, 9.216 ],
					"rotationX": -89.99999164334537,
					"faces": {
						"north": { "texture": "#brick", "uv": [ 0.0, 0.0, 0.48, 0.48 ] },
						"east": { "texture": "#brick", "uv": [ 0.0, 0.0, 0.48, 0.48 ] },
						"south": { "texture": "#brick", "uv": [ 0.0, 0.0, 0.48, 0.48 ] },
						"west": { "texture": "#brick", "uv": [ 0.0, 0.0, 0.48, 0.48 ] },
						"up": { "texture": "#brick", "uv": [ 0.0, 0.0, 0.48, 0.48 ] },
						"down": { "texture": "#brick", "uv": [ 0.0, 0.0, 0.48, 0.48 ] }
					},
					"children": [
						{
							"name": "Stone49",
							"from": [ -3.456, -6.912, -0.576 ], 
							"to": [ -1.152, -4.608, 3.1104 ], 
							"rotationOrigin": [ -2.304, -6.912, 0.0 ],
							"rotationX": 90.0,
							"faces": {
								"north": { "texture": "#brick", "uv": [ 0.0, 0.0, 8.16, 7.68 ], "autoUv": false },
								"east": { "texture": "#brick", "uv": [ 0.0, 0.0, 8.16, 7.68 ], "rotation": 180, "autoUv": false },
								"south": { "texture": "#brick", "uv": [ 0.5, 0.0, 8.18, 7.68 ], "autoUv": false },
								"west": { "texture": "#brick", "uv": [ 0.0, 0.0, 8.16, 7.68 ], "autoUv": false },
								"up": { "texture": "#stone", "uv": [ 0.0, 8.0, 15.36, 15.68 ], "rotation": 90, "autoUv": false },
								"down": { "texture": "#stone", "uv": [ 0.0, 8.0, 15.36, 15.68 ], "rotation": 90, "autoUv": false }
							},
							"children": [
								{
									"name": "Stone61",
									"from": [ 5.76, 0.0, 0.0 ], 
									"to": [ 8.064, 2.304, 3.6864 ], 
									"rotationOrigin": [ 6.912, 0.0, 0.576 ],
									"faces": {
										"north": { "texture": "#brick", "uv": [ 0.0, 0.0, 8.16, 7.68 ], "autoUv": false },
										"east": { "texture": "#brick", "uv": [ 0.0, 0.0, 8.16, 7.68 ], "rotation": 180, "autoUv": false },
										"south": { "texture": "#brick", "uv": [ 0.5, 0.0, 8.18, 7.68 ], "autoUv": false },
										"west": { "texture": "#brick", "uv": [ 0.0, 0.0, 8.16, 7.68 ], "autoUv": false },
										"up": { "texture": "#stone", "uv": [ 0.0, 8.0, 15.36, 15.68 ], "rotation": 90, "autoUv": false },
										"down": { "texture": "#stone", "uv": [ 0.0, 8.0, 15.36, 15.68 ], "rotation": 90, "autoUv": false }
									}
								}
							]
						},
						{
							"name": "Cube50",
							"from": [ 8.9856, 0.0, 0.0 ], 
							"to": [ 8.9856, 0.0, 0.0 ], 
							"rotationOrigin": [ 9.216, 0.0, 0.0 ],
							"rotationX": 89.99997456787236,
							"faces": {
								"north": { "texture": "#brick", "uv": [ 0.0, 0.0, 0.48, 0.48 ] },
								"east": { "texture": "#brick", "uv": [ 0.0, 0.0, 0.48, 0.48 ] },
								"south": { "texture": "#brick", "uv": [ 0.0, 0.0, 0.48, 0.48 ] },
								"west": { "texture": "#brick", "uv": [ 0.0, 0.0, 0.48, 0.48 ] },
								"up": { "texture": "#brick", "uv": [ 0.0, 0.0, 0.48, 0.48 ] },
								"down": { "texture": "#brick", "uv": [ 0.0, 0.0, 0.48, 0.48 ] }
							},
							"children": [
								{
									"name": "Stone51",
									"from": [ -4.608, 0.0, -0.576 ], 
									"to": [ -1.152, 2.304, 6.336 ], 
									"rotationOrigin": [ -4.608, 0.0, 6.912 ],
									"rotationY": -22.50000022689532,
									"faces": {
										"north": { "texture": "#brick", "uv": [ 0.0, 8.0, 7.68, 15.2 ], "autoUv": false },
										"east": { "texture": "#brick", "uv": [ 0.0, 8.0, 15.36, 15.68 ], "autoUv": false },
										"south": { "texture": "#brick", "uv": [ 1.5, 0.0, 8.22, 7.68 ], "autoUv": false },
										"west": { "texture": "#brick", "uv": [ 0.0, 8.0, 15.36, 15.68 ], "autoUv": false },
										"up": { "texture": "#stone", "uv": [ 0.0, 8.0, 15.36, 15.68 ], "rotation": 90, "autoUv": false },
										"down": { "texture": "#stone", "uv": [ 0.0, 8.0, 15.36, 15.68 ], "rotation": 90, "autoUv": false }
									}
								},
								{
									"name": "Stone52",
									"from": [ -4.608, 0.0, -6.336 ], 
									"to": [ -1.152, 2.304, 0.576 ], 
									"rotationOrigin": [ -4.608, 0.0, -6.912 ],
									"rotationY": 22.50000022689532,
									"faces": {
										"north": { "texture": "#brick", "uv": [ 0.0, 0.0, 8.16, 7.68 ], "rotation": 180, "autoUv": false },
										"east": { "texture": "#brick", "uv": [ 0.0, 8.0, 15.36, 15.68 ], "autoUv": false },
										"south": { "texture": "#brick", "uv": [ 8.0, 0.0, 15.68, 7.68 ], "rotation": 180, "autoUv": false },
										"west": { "texture": "#brick", "uv": [ 0.0, 8.0, 15.36, 15.68 ], "autoUv": false },
										"up": { "texture": "#stone", "uv": [ 0.0, 8.0, 15.36, 15.68 ], "rotation": 90, "autoUv": false },
										"down": { "texture": "#stone", "uv": [ 0.0, 8.0, 15.36, 15.68 ], "rotation": 90, "autoUv": false }
									}
								}
							]
						},
						{
							"name": "Cube55",
							"from": [ -8.2944, 0.0, 0.0 ], 
							"to": [ -8.2944, 0.0, 0.0 ], 
							"rotationOrigin": [ -8.064, 0.0, 0.0 ],
							"rotationX": 90.0,
							"rotationY": -180.0,
							"faces": {
								"north": { "texture": "#brick", "uv": [ 0.0, 0.0, 0.48, 0.48 ] },
								"east": { "texture": "#brick", "uv": [ 0.0, 0.0, 0.48, 0.48 ] },
								"south": { "texture": "#brick", "uv": [ 0.0, 0.0, 0.48, 0.48 ] },
								"west": { "texture": "#brick", "uv": [ 0.0, 0.0, 0.48, 0.48 ] },
								"up": { "texture": "#brick", "uv": [ 0.0, 0.0, 0.48, 0.48 ] },
								"down": { "texture": "#brick", "uv": [ 0.0, 0.0, 0.48, 0.48 ] }
							},
							"children": [
								{
									"name": "Stone60",
									"from": [ -4.608, 0.0, -0.576 ], 
									"to": [ -1.152, 2.304, 6.336 ], 
									"rotationOrigin": [ -4.608, 0.0, 6.912 ],
									"rotationY": -22.50000022689532,
									"faces": {
										"north": { "texture": "#brick", "uv": [ 0.0, 8.0, 7.68, 15.2 ], "autoUv": false },
										"east": { "texture": "#brick", "uv": [ 0.0, 8.0, 15.36, 15.68 ], "autoUv": false },
										"south": { "texture": "#brick", "uv": [ 1.5, 0.0, 8.22, 7.68 ], "autoUv": false },
										"west": { "texture": "#brick", "uv": [ 0.0, 8.0, 15.36, 15.68 ], "autoUv": false },
										"up": { "texture": "#stone", "uv": [ 0.0, 8.0, 15.36, 15.68 ], "rotation": 90, "autoUv": false },
										"down": { "texture": "#stone", "uv": [ 0.0, 8.0, 15.36, 15.68 ], "rotation": 90, "autoUv": false }
									}
								},
								{
									"name": "Stone602",
									"from": [ -4.608, 0.0, -6.336 ], 
									"to": [ -1.152, 2.304, 0.576 ], 
									"rotationOrigin": [ -4.608, 0.0, -6.912 ],
									"rotationY": 22.50000022689532,
									"faces": {
										"north": { "texture": "#brick", "uv": [ 0.0, 0.0, 8.16, 7.68 ], "rotation": 180, "autoUv": false },
										"east": { "texture": "#brick", "uv": [ 0.0, 8.0, 15.36, 15.68 ], "autoUv": false },
										"south": { "texture": "#brick", "uv": [ 8.0, 0.0, 15.68, 7.68 ], "rotation": 180, "autoUv": false },
										"west": { "texture": "#brick", "uv": [ 0.0, 8.0, 15.36, 15.68 ], "autoUv": false },
										"up": { "texture": "#stone", "uv": [ 0.0, 8.0, 15.36, 15.68 ], "rotation": 90, "autoUv": false },
										"down": { "texture": "#stone", "uv": [ 0.0, 8.0, 15.36, 15.68 ], "rotation": 90, "autoUv": false }
									}
								}
							]
						},
						{
							"name": "Stone67",
							"from": [ -3.456, 9.216, -0.8064 ], 
							"to": [ -1.152, 11.52, 2.88 ], 
							"rotationOrigin": [ -2.304, 9.216, 0.0 ],
							"rotationX": 90.0,
							"faces": {
								"north": { "texture": "#brick", "uv": [ 3.5, 8.0, 11.18, 15.68 ], "autoUv": false },
								"east": { "texture": "#brick", "uv": [ 0.0, 8.0, 15.36, 15.68 ], "autoUv": false },
								"south": { "texture": "#brick", "uv": [ 8.0, 0.0, 15.68, 7.68 ], "autoUv": false },
								"west": { "texture": "#brick", "uv": [ 0.0, 7.5, 15.36, 15.66 ], "autoUv": false },
								"up": { "texture": "#stone", "uv": [ 0.0, 8.0, 15.36, 15.68 ], "rotation": 90, "autoUv": false },
								"down": { "texture": "#stone", "uv": [ 0.0, 8.0, 15.36, 15.68 ], "rotation": 90, "autoUv": false }
							},
							"children": [
								{
									"name": "Stone674",
									"from": [ 5.76, 0.0, 0.0 ], 
									"to": [ 8.064, 2.304, 3.6864 ], 
									"rotationOrigin": [ 6.912, 0.0, 0.576 ],
									"faces": {
										"north": { "texture": "#brick", "uv": [ 2.0, 8.0, 8.24, 15.68 ], "autoUv": false },
										"east": { "texture": "#brick", "uv": [ 0.0, 8.0, 14.88, 15.68 ], "rotation": 180, "autoUv": false },
										"south": { "texture": "#brick", "uv": [ 4.5, 8.0, 11.22, 15.68 ], "autoUv": false },
										"west": { "texture": "#brick", "uv": [ 0.0, 8.0, 15.36, 15.68 ], "autoUv": false },
										"up": { "texture": "#stone", "uv": [ 0.0, 8.0, 15.36, 15.68 ], "rotation": 90, "autoUv": false },
										"down": { "texture": "#stone", "uv": [ 0.0, 8.0, 15.36, 15.68 ], "rotation": 90, "autoUv": false }
									}
								}
							]
						}
					]
				},
				{
					"name": "Top",
					"from": [ 4.032, 19.05, 14.7456 ], 
					"to": [ 14.4, 22.506, 15.3216 ], 
					"rotationOrigin": [ 4.032, 19.048, 14.4 ],
					"rotationX": -90.0,
					"rotationY": -60.0,
					"faces": {
						"north": { "texture": "#stone", "uv": [ 0.0, 0.0, 15.36, 4.8 ], "autoUv": false },
						"east": { "texture": "#stone", "uv": [ 0.0, 0.0, 1.92, 9.6 ], "autoUv": false },
						"south": { "texture": "#stone", "uv": [ 0.0, 0.0, 15.36, 5.76 ], "autoUv": false },
						"west": { "texture": "#stone", "uv": [ 0.0, 0.0, 1.92, 9.6 ], "autoUv": false },
						"up": { "texture": "#stone", "uv": [ 0.0, 0.0, 1.92, 15.36 ], "rotation": 90, "autoUv": false },
						"down": { "texture": "#stone", "uv": [ 0.0, 0.0, 1.92, 15.36 ], "rotation": 90, "autoUv": false }
					},
					"children": [
						{
							"name": "Top82",
							"from": [ 0.0, 3.456, 0.0 ], 
							"to": [ 3.456, 6.912, 0.576 ], 
							"rotationOrigin": [ 0.0, 3.456, -0.3456 ],
							"faces": {
								"north": { "texture": "#stone", "uv": [ 5.0, 0.0, 9.8, 4.8 ], "autoUv": false },
								"east": { "texture": "#stone", "uv": [ 0.0, 0.0, 1.92, 9.6 ], "autoUv": false },
								"south": { "texture": "#stone", "uv": [ 5.0, 0.0, 9.8, 5.76 ], "autoUv": false },
								"west": { "texture": "#stone", "uv": [ 0.0, 0.0, 1.92, 9.6 ], "autoUv": false },
								"up": { "texture": "#stone", "uv": [ 0.0, 0.0, 1.92, 15.36 ], "rotation": 90, "autoUv": false },
								"down": { "texture": "#stone", "uv": [ 0.0, 0.0, 1.92, 15.36 ], "rotation": 90, "autoUv": false }
							}
						},
						{
							"name": "Top83",
							"from": [ 6.912, 3.456, 0.0 ], 
							"to": [ 10.368, 6.912, 0.576 ], 
							"rotationOrigin": [ 6.912, 3.456, -0.3456 ],
							"faces": {
								"north": { "texture": "#stone", "uv": [ 5.0, 0.0, 9.8, 4.8 ], "autoUv": false },
								"east": { "texture": "#stone", "uv": [ 0.0, 0.0, 1.92, 9.6 ], "autoUv": false },
								"south": { "texture": "#stone", "uv": [ 5.0, 0.0, 9.8, 5.76 ], "autoUv": false },
								"west": { "texture": "#stone", "uv": [ 0.0, 0.0, 1.92, 9.6 ], "autoUv": false },
								"up": { "texture": "#stone", "uv": [ 0.0, 0.0, 1.92, 15.36 ], "rotation": 90, "autoUv": false },
								"down": { "texture": "#stone", "uv": [ 0.0, 0.0, 1.92, 15.36 ], "rotation": 90, "autoUv": false }
							}
						},
						{
							"name": "Top84",
							"from": [ 0.0, 6.912, 0.0 ], 
							"to": [ 10.368, 10.368, 0.576 ], 
							"rotationOrigin": [ 0.0, 6.912, -0.3456 ],
							"faces": {
								"north": { "texture": "#stone", "uv": [ 0.0, 0.0, 15.36, 4.8 ], "autoUv": false },
								"east": { "texture": "#stone", "uv": [ 0.0, 0.0, 1.92, 9.6 ], "autoUv": false },
								"south": { "texture": "#stone", "uv": [ 0.0, 0.0, 15.36, 5.76 ], "autoUv": false },
								"west": { "texture": "#stone", "uv": [ 0.0, 0.0, 1.92, 9.6 ], "autoUv": false },
								"up": { "texture": "#stone", "uv": [ 0.0, 0.0, 1.92, 15.36 ], "rotation": 90, "autoUv": false },
								"down": { "texture": "#stone", "uv": [ 0.0, 0.0, 1.92, 15.36 ], "rotation": 90, "autoUv": false }
							}
						},
						{
							"name": "Wood Top 1",
							"from": [ -1.152, 10.368, -0.1152 ], 
							"to": [ 11.52, 10.944, 0.8064 ], 
							"rotationOrigin": [ -1.152, 10.368, -0.1152 ],
							"faces": {
								"north": { "texture": "#log", "uv": [ 0.0, 0.0, 15.36, 1.92 ], "autoUv": false },
								"east": { "texture": "#log", "uv": [ 14.0, 16.0, 15.92, 14.08 ], "autoUv": false },
								"south": { "texture": "#log", "uv": [ 0.0, 0.0, 15.36, 2.4 ], "autoUv": false },
								"west": { "texture": "#log", "uv": [ 14.0, 14.0, 15.92, 15.92 ], "autoUv": false },
								"up": { "texture": "#log", "uv": [ 0.0, 0.0, 15.36, 2.88 ], "autoUv": false },
								"down": { "texture": "#log", "uv": [ 0.0, 0.0, 15.36, 2.88 ], "autoUv": false }
							}
						},
						{
							"name": "Wood Top 3",
							"from": [ -1.728, 10.368, -0.1152 ], 
							"to": [ 10.944, 10.944, 0.6912 ], 
							"rotationOrigin": [ -0.576, 10.368, -0.1152 ],
							"rotationX": -4.0981129513072866E-5,
							"rotationZ": -89.99999164334537,
							"faces": {
								"north": { "texture": "#log", "uv": [ 0.0, 0.0, 15.36, 1.92 ], "autoUv": false },
								"east": { "texture": "#log", "uv": [ 14.0, 16.0, 15.92, 14.08 ], "autoUv": false },
								"south": { "texture": "#log", "uv": [ 0.0, 0.0, 15.36, 2.4 ], "autoUv": false },
								"west": { "texture": "#log", "uv": [ 14.0, 14.0, 15.92, 15.92 ], "autoUv": false },
								"up": { "texture": "#log", "uv": [ 0.0, 0.0, 15.36, 2.88 ], "autoUv": false },
								"down": { "texture": "#log", "uv": [ 0.0, 0.0, 15.36, 2.88 ], "autoUv": false }
							}
						},
						{
							"name": "Wood Top 2",
							"from": [ -1.152, -0.576, -0.1152 ], 
							"to": [ 11.52, 0.0, 0.8064 ], 
							"rotationOrigin": [ -1.152, -0.576, -0.1152 ],
							"faces": {
								"north": { "texture": "#log", "uv": [ 0.0, 0.0, 15.36, 1.92 ], "autoUv": false },
								"east": { "texture": "#log", "uv": [ 14.0, 16.0, 15.92, 14.08 ], "autoUv": false },
								"south": { "texture": "#log", "uv": [ 0.0, 0.0, 15.36, 2.4 ], "autoUv": false },
								"west": { "texture": "#log", "uv": [ 14.0, 14.0, 15.92, 15.92 ], "autoUv": false },
								"up": { "texture": "#log", "uv": [ 0.0, 0.0, 15.36, 2.88 ], "autoUv": false },
								"down": { "texture": "#log", "uv": [ 0.0, 0.0, 15.36, 2.88 ], "autoUv": false }
							}
						},
						{
							"name": "Wood Top 4",
							"from": [ 10.368, 11.52, -0.1152 ], 
							"to": [ 23.04, 12.096, 0.6912 ], 
							"rotationOrigin": [ 10.368, 11.52, -0.1152 ],
							"rotationX": -4.0981129513072866E-5,
							"rotationZ": -89.99999164334537,
							"faces": {
								"north": { "texture": "#log", "uv": [ 0.0, 0.0, 15.36, 1.92 ], "autoUv": false },
								"east": { "texture": "#log", "uv": [ 14.0, 16.0, 15.92, 14.08 ], "autoUv": false },
								"south": { "texture": "#log", "uv": [ 0.0, 0.0, 15.36, 2.4 ], "autoUv": false },
								"west": { "texture": "#log", "uv": [ 14.0, 14.0, 15.92, 15.92 ], "autoUv": false },
								"up": { "texture": "#log", "uv": [ 0.0, 0.0, 15.36, 2.88 ], "autoUv": false },
								"down": { "texture": "#log", "uv": [ 0.0, 0.0, 15.36, 2.88 ], "autoUv": false }
							}
						}
					]
				},
				{
					"name": "Stone Main 2",
					"from": [ 8.64, 4.608, 9.216 ], 
					"to": [ 8.64, 4.608, 9.216 ], 
					"rotationOrigin": [ 9.216, 4.608, 9.216 ],
					"rotationX": -89.99999164334537,
					"faces": {
						"north": { "texture": "#brick", "uv": [ 0.0, 0.0, 0.48, 0.48 ] },
						"east": { "texture": "#brick", "uv": [ 0.0, 0.0, 0.48, 0.48 ] },
						"south": { "texture": "#brick", "uv": [ 0.0, 0.0, 0.48, 0.48 ] },
						"west": { "texture": "#brick", "uv": [ 0.0, 0.0, 0.48, 0.48 ] },
						"up": { "texture": "#brick", "uv": [ 0.0, 0.0, 0.48, 0.48 ] },
						"down": { "texture": "#brick", "uv": [ 0.0, 0.0, 0.48, 0.48 ] }
					},
					"children": [
						{
							"name": "Stone59",
							"from": [ -3.456, -6.912, -0.576 ], 
							"to": [ 4.608, -4.608, 2.88 ], 
							"rotationOrigin": [ -2.304, -6.912, 0.0 ],
							"rotationX": 89.99997456787236,
							"faces": {
								"north": { "texture": "#brick", "uv": [ 0.0, 8.0, 15.36, 15.68 ], "autoUv": false },
								"east": { "texture": "#brick", "uv": [ 0.0, 0.0, 8.16, 7.68 ], "rotation": 180, "autoUv": false },
								"south": { "texture": "#brick", "uv": [ 0.0, 8.0, 15.36, 15.68 ], "autoUv": false },
								"west": { "texture": "#brick", "uv": [ 0.0, 0.0, 8.16, 7.68 ], "autoUv": false },
								"up": { "texture": "#stone", "uv": [ 0.0, 8.0, 15.36, 15.68 ], "autoUv": false },
								"down": { "texture": "#stone", "uv": [ 0.0, 8.0, 15.36, 15.68 ], "autoUv": false }
							}
						},
						{
							"name": "Cube60",
							"from": [ 8.9856, 0.0, 0.0 ], 
							"to": [ 8.9856, 0.0, 0.0 ], 
							"rotationOrigin": [ 9.216, 0.0, 0.0 ],
							"rotationX": 89.99997456787236,
							"faces": {
								"north": { "texture": "#brick", "uv": [ 0.0, 0.0, 0.48, 0.48 ] },
								"east": { "texture": "#brick", "uv": [ 0.0, 0.0, 0.48, 0.48 ] },
								"south": { "texture": "#brick", "uv": [ 0.0, 0.0, 0.48, 0.48 ] },
								"west": { "texture": "#brick", "uv": [ 0.0, 0.0, 0.48, 0.48 ] },
								"up": { "texture": "#brick", "uv": [ 0.0, 0.0, 0.48, 0.48 ] },
								"down": { "texture": "#brick", "uv": [ 0.0, 0.0, 0.48, 0.48 ] }
							},
							"children": [
								{
									"name": "Stone63",
									"from": [ -5.184, 0.0, -0.576 ], 
									"to": [ -1.728, 2.304, 6.336 ], 
									"rotationOrigin": [ -4.608, 0.0, 6.912 ],
									"rotationY": -22.50000022689532,
									"faces": {
										"north": { "texture": "#brick", "uv": [ 0.0, 8.0, 7.68, 15.2 ], "autoUv": false },
										"east": { "texture": "#brick", "uv": [ 0.0, 8.0, 15.36, 15.68 ], "autoUv": false },
										"south": { "texture": "#brick", "uv": [ 1.5, 0.0, 8.22, 7.68 ], "autoUv": false },
										"west": { "texture": "#brick", "uv": [ 0.0, 8.0, 15.36, 15.68 ], "autoUv": false },
										"up": { "texture": "#stone", "uv": [ 0.0, 8.0, 15.36, 15.68 ], "rotation": 90, "autoUv": false },
										"down": { "texture": "#stone", "uv": [ 0.0, 8.0, 15.36, 15.68 ], "rotation": 90, "autoUv": false }
									}
								},
								{
									"name": "Stone632",
									"from": [ -5.184, 0.0, -6.336 ], 
									"to": [ -1.728, 2.304, 0.576 ], 
									"rotationOrigin": [ -4.608, 0.0, -6.912 ],
									"rotationY": 22.50000022689532,
									"faces": {
										"north": { "texture": "#brick", "uv": [ 0.0, 0.0, 8.16, 7.68 ], "rotation": 180, "autoUv": false },
										"east": { "texture": "#brick", "uv": [ 0.0, 8.0, 15.36, 15.68 ], "autoUv": false },
										"south": { "texture": "#brick", "uv": [ 8.0, 0.0, 15.68, 7.68 ], "rotation": 180, "autoUv": false },
										"west": { "texture": "#brick", "uv": [ 0.0, 8.0, 15.36, 15.68 ], "autoUv": false },
										"up": { "texture": "#stone", "uv": [ 0.0, 8.0, 15.36, 15.68 ], "rotation": 90, "autoUv": false },
										"down": { "texture": "#stone", "uv": [ 0.0, 8.0, 15.36, 15.68 ], "rotation": 90, "autoUv": false }
									}
								}
							]
						},
						{
							"name": "Stone633",
							"from": [ -3.456, 9.216, -0.576 ], 
							"to": [ 4.608, 11.52, 2.88 ], 
							"rotationOrigin": [ -2.304, 9.216, 0.0 ],
							"rotationX": 89.99997456787236,
							"faces": {
								"north": { "texture": "#brick", "uv": [ 0.0, 8.0, 15.36, 15.68 ], "autoUv": false },
								"east": { "texture": "#brick", "uv": [ 0.0, 0.0, 8.16, 7.68 ], "autoUv": false },
								"south": { "texture": "#brick", "uv": [ 0.0, 8.0, 15.36, 15.68 ], "autoUv": false },
								"west": { "texture": "#brick", "uv": [ 0.0, 0.0, 8.16, 7.68 ], "rotation": 180, "autoUv": false },
								"up": { "texture": "#brick", "uv": [ 0.0, 8.0, 15.36, 15.68 ], "autoUv": false },
								"down": { "texture": "#brick", "uv": [ 0.0, 8.0, 15.36, 15.68 ], "autoUv": false }
							}
						},
						{
							"name": "Cube64",
							"from": [ -8.2944, 0.0, 0.0 ], 
							"to": [ -8.2944, 0.0, 0.0 ], 
							"rotationOrigin": [ -8.064, 0.0, 0.0 ],
							"rotationX": 90.0,
							"rotationY": -180.0,
							"faces": {
								"north": { "texture": "#brick", "uv": [ 0.0, 0.0, 0.48, 0.48 ] },
								"east": { "texture": "#brick", "uv": [ 0.0, 0.0, 0.48, 0.48 ] },
								"south": { "texture": "#brick", "uv": [ 0.0, 0.0, 0.48, 0.48 ] },
								"west": { "texture": "#brick", "uv": [ 0.0, 0.0, 0.48, 0.48 ] },
								"up": { "texture": "#brick", "uv": [ 0.0, 0.0, 0.48, 0.48 ] },
								"down": { "texture": "#brick", "uv": [ 0.0, 0.0, 0.48, 0.48 ] }
							},
							"children": [
								{
									"name": "Stone66",
									"from": [ -5.184, 0.0, -0.576 ], 
									"to": [ -1.728, 2.304, 6.336 ], 
									"rotationOrigin": [ -4.608, 0.0, 6.912 ],
									"rotationY": -22.50000022689532,
									"faces": {
										"north": { "texture": "#brick", "uv": [ 0.0, 8.0, 7.68, 15.2 ], "autoUv": false },
										"east": { "texture": "#brick", "uv": [ 0.0, 8.0, 15.36, 15.68 ], "autoUv": false },
										"south": { "texture": "#brick", "uv": [ 1.5, 0.0, 8.22, 7.68 ], "autoUv": false },
										"west": { "texture": "#brick", "uv": [ 0.0, 8.0, 15.36, 15.68 ], "autoUv": false },
										"up": { "texture": "#stone", "uv": [ 0.0, 8.0, 15.36, 15.68 ], "rotation": 90, "autoUv": false },
										"down": { "texture": "#stone", "uv": [ 0.0, 8.0, 15.36, 15.68 ], "rotation": 90, "autoUv": false }
									}
								},
								{
									"name": "Stone666",
									"from": [ -5.184, 0.0, -6.336 ], 
									"to": [ -1.728, 2.304, 0.576 ], 
									"rotationOrigin": [ -4.608, 0.0, -6.912 ],
									"rotationY": 22.50000022689532,
									"faces": {
										"north": { "texture": "#brick", "uv": [ 0.0, 0.0, 8.16, 7.68 ], "rotation": 180, "autoUv": false },
										"east": { "texture": "#brick", "uv": [ 0.0, 8.0, 15.36, 15.68 ], "autoUv": false },
										"south": { "texture": "#brick", "uv": [ 8.0, 0.0, 15.68, 7.68 ], "rotation": 180, "autoUv": false },
										"west": { "texture": "#brick", "uv": [ 0.0, 8.0, 15.36, 15.68 ], "autoUv": false },
										"up": { "texture": "#stone", "uv": [ 0.0, 8.0, 15.36, 15.68 ], "rotation": 90, "autoUv": false },
										"down": { "texture": "#stone", "uv": [ 0.0, 8.0, 15.36, 15.68 ], "rotation": 90, "autoUv": false }
									}
								}
							]
						}
					]
				},
				{
					"name": "Stone Main 3",
					"from": [ 8.64, 6.912, 9.216 ], 
					"to": [ 8.64, 6.912, 9.216 ], 
					"rotationOrigin": [ 9.216, 6.912, 9.216 ],
					"rotationX": -89.99999505843996,
					"rotationZ": 89.99999505843996,
					"faces": {
						"north": { "texture": "#brick", "uv": [ 0.0, 0.0, 0.48, 0.48 ] },
						"east": { "texture": "#brick", "uv": [ 0.0, 0.0, 0.48, 0.48 ] },
						"south": { "texture": "#brick", "uv": [ 0.0, 0.0, 0.48, 0.48 ] },
						"west": { "texture": "#brick", "uv": [ 0.0, 0.0, 0.48, 0.48 ] },
						"up": { "texture": "#brick", "uv": [ 0.0, 0.0, 0.48, 0.48 ] },
						"down": { "texture": "#brick", "uv": [ 0.0, 0.0, 0.48, 0.48 ] }
					},
					"children": [
						{
							"name": "Stone58",
							"from": [ -3.456, -6.336, -0.576 ], 
							"to": [ 4.608, -4.032, 2.88 ], 
							"rotationOrigin": [ -2.304, -6.336, 0.0 ],
							"rotationX": 89.99997456787236,
							"faces": {
								"north": { "texture": "#brick", "uv": [ 0.0, 8.0, 15.36, 15.68 ], "autoUv": false },
								"east": { "texture": "#brick", "uv": [ 0.0, 0.0, 8.16, 7.68 ], "rotation": 180, "autoUv": false },
								"south": { "texture": "#brick", "uv": [ 0.0, 8.0, 15.36, 15.68 ], "autoUv": false },
								"west": { "texture": "#brick", "uv": [ 0.0, 0.0, 8.16, 7.68 ], "autoUv": false },
								"up": { "texture": "#stone", "uv": [ 0.0, 8.0, 15.36, 15.68 ], "autoUv": false },
								"down": { "texture": "#stone", "uv": [ 0.0, 8.0, 15.36, 15.68 ], "autoUv": false }
							}
						},
						{
							"name": "Cube59",
							"from": [ 8.9856, 0.0, 0.0 ], 
							"to": [ 8.9856, 0.0, 0.0 ], 
							"rotationOrigin": [ 9.216, 0.0, 0.0 ],
							"rotationX": 89.99997456787236,
							"faces": {
								"north": { "texture": "#brick", "uv": [ 0.0, 0.0, 0.48, 0.48 ] },
								"east": { "texture": "#brick", "uv": [ 0.0, 0.0, 0.48, 0.48 ] },
								"south": { "texture": "#brick", "uv": [ 0.0, 0.0, 0.48, 0.48 ] },
								"west": { "texture": "#brick", "uv": [ 0.0, 0.0, 0.48, 0.48 ] },
								"up": { "texture": "#brick", "uv": [ 0.0, 0.0, 0.48, 0.48 ] },
								"down": { "texture": "#brick", "uv": [ 0.0, 0.0, 0.48, 0.48 ] }
							},
							"children": [
								{
									"name": "Stone62",
									"from": [ -5.184, 0.0, -0.576 ], 
									"to": [ -1.728, 2.304, 6.336 ], 
									"rotationOrigin": [ -4.608, 0.0, 6.912 ],
									"rotationY": -22.50000022689532,
									"faces": {
										"north": { "texture": "#brick", "uv": [ 0.0, 0.0, 7.68, 7.2 ], "autoUv": false },
										"east": { "texture": "#brick", "uv": [ 0.0, 8.0, 15.36, 15.68 ], "autoUv": false },
										"south": { "texture": "#brick", "uv": [ 0.0, 0.0, 8.16, 7.68 ], "autoUv": false },
										"west": { "texture": "#brick", "uv": [ 0.0, 8.0, 15.36, 15.68 ], "autoUv": false },
										"up": { "texture": "#stone", "uv": [ 0.0, 8.0, 15.36, 15.68 ], "rotation": 90, "autoUv": false },
										"down": { "texture": "#stone", "uv": [ 0.0, 8.0, 15.36, 15.68 ], "rotation": 90, "autoUv": false }
									}
								},
								{
									"name": "Stone626",
									"from": [ -5.184, 0.0, -6.336 ], 
									"to": [ -1.728, 2.304, 0.576 ], 
									"rotationOrigin": [ -4.608, 0.0, -6.912 ],
									"rotationY": 22.50000022689532,
									"faces": {
										"north": { "texture": "#brick", "uv": [ 0.0, 0.0, 8.16, 7.68 ], "rotation": 180, "autoUv": false },
										"east": { "texture": "#brick", "uv": [ 0.0, 8.0, 15.36, 15.68 ], "autoUv": false },
										"south": { "texture": "#brick", "uv": [ 8.0, 0.0, 15.68, 7.68 ], "rotation": 180, "autoUv": false },
										"west": { "texture": "#brick", "uv": [ 0.0, 8.0, 15.36, 15.68 ], "autoUv": false },
										"up": { "texture": "#stone", "uv": [ 0.0, 8.0, 15.36, 15.68 ], "rotation": 90, "autoUv": false },
										"down": { "texture": "#stone", "uv": [ 0.0, 8.0, 15.36, 15.68 ], "rotation": 90, "autoUv": false }
									}
								}
							]
						},
						{
							"name": "Stone656",
							"from": [ -3.456, 8.64, -0.576 ], 
							"to": [ 4.608, 10.944, 2.88 ], 
							"rotationOrigin": [ -2.304, 8.64, 0.0 ],
							"rotationX": 89.99997456787236,
							"faces": {
								"north": { "texture": "#brick", "uv": [ 0.0, 8.0, 15.36, 15.68 ], "autoUv": false },
								"east": { "texture": "#brick", "uv": [ 0.0, 0.0, 8.16, 7.68 ], "autoUv": false },
								"south": { "texture": "#brick", "uv": [ 0.0, 8.0, 15.36, 15.68 ], "autoUv": false },
								"west": { "texture": "#brick", "uv": [ 0.0, 0.0, 8.16, 7.68 ], "rotation": 180, "autoUv": false },
								"up": { "texture": "#stone", "uv": [ 0.0, 8.0, 15.36, 15.68 ], "autoUv": false },
								"down": { "texture": "#stone", "uv": [ 0.0, 8.0, 15.36, 15.68 ], "autoUv": false }
							}
						},
						{
							"name": "Cube63",
							"from": [ -8.2944, 0.0, 0.0 ], 
							"to": [ -8.2944, 0.0, 0.0 ], 
							"rotationOrigin": [ -8.064, 0.0, 0.0 ],
							"rotationX": 90.0,
							"rotationY": -180.0,
							"faces": {
								"north": { "texture": "#brick", "uv": [ 0.0, 0.0, 0.48, 0.48 ] },
								"east": { "texture": "#brick", "uv": [ 0.0, 0.0, 0.48, 0.48 ] },
								"south": { "texture": "#brick", "uv": [ 0.0, 0.0, 0.48, 0.48 ] },
								"west": { "texture": "#brick", "uv": [ 0.0, 0.0, 0.48, 0.48 ] },
								"up": { "texture": "#brick", "uv": [ 0.0, 0.0, 0.48, 0.48 ] },
								"down": { "texture": "#brick", "uv": [ 0.0, 0.0, 0.48, 0.48 ] }
							},
							"children": [
								{
									"name": "Stone64",
									"from": [ -5.184, 0.0, -0.576 ], 
									"to": [ -1.728, 2.304, 6.336 ], 
									"rotationOrigin": [ -4.608, 0.0, 6.912 ],
									"rotationY": -22.50000022689532,
									"faces": {
										"north": { "texture": "#brick", "uv": [ 0.0, 0.0, 7.68, 7.2 ], "autoUv": false },
										"east": { "texture": "#brick", "uv": [ 0.0, 8.0, 15.36, 15.68 ], "autoUv": false },
										"south": { "texture": "#brick", "uv": [ 0.0, 0.0, 8.16, 7.68 ], "autoUv": false },
										"west": { "texture": "#brick", "uv": [ 0.0, 8.0, 15.36, 15.68 ], "autoUv": false },
										"up": { "texture": "#stone", "uv": [ 0.0, 8.0, 15.36, 15.68 ], "rotation": 90, "autoUv": false },
										"down": { "texture": "#stone", "uv": [ 0.0, 8.0, 15.36, 15.68 ], "rotation": 90, "autoUv": false }
									}
								},
								{
									"name": "Stone65",
									"from": [ -5.184, 0.0, -6.336 ], 
									"to": [ -1.728, 2.304, 0.576 ], 
									"rotationOrigin": [ -4.608, 0.0, -6.912 ],
									"rotationY": 22.50000022689532,
									"faces": {
										"north": { "texture": "#brick", "uv": [ 0.0, 0.0, 8.16, 7.68 ], "rotation": 180, "autoUv": false },
										"east": { "texture": "#brick", "uv": [ 0.0, 8.0, 15.36, 15.68 ], "autoUv": false },
										"south": { "texture": "#brick", "uv": [ 8.0, 0.0, 15.68, 7.68 ], "rotation": 180, "autoUv": false },
										"west": { "texture": "#brick", "uv": [ 0.0, 8.0, 15.36, 15.68 ], "autoUv": false },
										"up": { "texture": "#stone", "uv": [ 0.0, 8.0, 15.36, 15.68 ], "rotation": 90, "autoUv": false },
										"down": { "texture": "#stone", "uv": [ 0.0, 8.0, 15.36, 15.68 ], "rotation": 90, "autoUv": false }
									}
								}
							]
						}
					]
				},
				{
					"name": "Stone Main 5",
					"from": [ 8.64, 11.52, 9.216 ], 
					"to": [ 8.64, 11.52, 9.216 ], 
					"rotationOrigin": [ 9.216, 11.52, 9.216 ],
					"rotationX": -89.99997798296798,
					"rotationY": 1.7075471987482165E-6,
					"rotationZ": 89.99999505843996,
					"faces": {
						"north": { "texture": "#brick", "uv": [ 0.0, 0.0, 0.48, 0.48 ] },
						"east": { "texture": "#brick", "uv": [ 0.0, 0.0, 0.48, 0.48 ] },
						"south": { "texture": "#brick", "uv": [ 0.0, 0.0, 0.48, 0.48 ] },
						"west": { "texture": "#brick", "uv": [ 0.0, 0.0, 0.48, 0.48 ] },
						"up": { "texture": "#brick", "uv": [ 0.0, 0.0, 0.48, 0.48 ] },
						"down": { "texture": "#brick", "uv": [ 0.0, 0.0, 0.48, 0.48 ] }
					},
					"children": [
						{
							"name": "Stone 6 N58",
							"from": [ -3.456, 6.336, -1.728 ], 
							"to": [ 4.608, 8.64, 1.728 ], 
							"rotationOrigin": [ -8.064, 6.336, 0.0 ],
							"rotationX": 90.0,
							"faces": {
								"north": { "texture": "#brick", "uv": [ 0.0, 8.0, 15.36, 15.68 ], "autoUv": false },
								"east": { "texture": "#brick", "uv": [ 8.5, 8.0, 15.7, 15.68 ], "autoUv": false },
								"south": { "texture": "#brick", "uv": [ 0.0, 8.0, 15.36, 15.68 ], "rotation": 180, "autoUv": false },
								"west": { "texture": "#brick", "uv": [ 7.0, 7.5, 15.16, 15.18 ], "rotation": 90, "autoUv": false },
								"up": { "texture": "#stone", "uv": [ 0.0, 8.0, 15.36, 15.68 ], "rotation": 180, "autoUv": false },
								"down": { "texture": "#stone", "uv": [ 0.0, 8.0, 15.36, 15.68 ], "rotation": 180, "autoUv": false }
							}
						},
						{
							"name": "Stone 6 R 59",
							"from": [ 8.9856, 0.0, 0.0 ], 
							"to": [ 8.9856, 0.0, 0.0 ], 
							"rotationOrigin": [ 9.216, 0.0, 0.0 ],
							"rotationX": 89.99997456787236,
							"faces": {
								"north": { "texture": "#brick", "uv": [ 0.0, 0.0, 0.48, 0.48 ] },
								"east": { "texture": "#brick", "uv": [ 0.0, 0.0, 0.48, 0.48 ] },
								"south": { "texture": "#brick", "uv": [ 0.0, 0.0, 0.48, 0.48 ] },
								"west": { "texture": "#brick", "uv": [ 0.0, 0.0, 0.48, 0.48 ] },
								"up": { "texture": "#brick", "uv": [ 0.0, 0.0, 0.48, 0.48 ] },
								"down": { "texture": "#brick", "uv": [ 0.0, 0.0, 0.48, 0.48 ] }
							},
							"children": [
								{
									"name": "Stone 6 Part 2R60",
									"from": [ -5.76, 0.0, -0.576 ], 
									"to": [ -2.304, 2.304, 6.336 ], 
									"rotationOrigin": [ -4.608, 0.0, 6.912 ],
									"rotationY": -22.50000022689532,
									"faces": {
										"north": { "texture": "#brick", "uv": [ 7.5, 0.0, 15.66, 7.68 ], "autoUv": false },
										"east": { "texture": "#brick", "uv": [ 0.0, 8.0, 15.36, 15.68 ], "autoUv": false },
										"south": { "texture": "#brick", "uv": [ 7.5, 8.0, 15.66, 15.68 ], "autoUv": false },
										"west": { "texture": "#brick", "uv": [ 0.0, 8.0, 15.36, 15.68 ], "autoUv": false },
										"up": { "texture": "#stone", "uv": [ 0.0, 8.0, 15.36, 15.68 ], "rotation": 90, "autoUv": false },
										"down": { "texture": "#stone", "uv": [ 0.0, 8.0, 15.36, 15.68 ], "rotation": 90, "autoUv": false }
									}
								},
								{
									"name": "Stone 6 Part 1 R61",
									"from": [ -5.76, 0.0, -6.336 ], 
									"to": [ -2.304, 2.304, 0.576 ], 
									"rotationOrigin": [ -4.608, 0.0, -6.912 ],
									"rotationY": 22.50000022689532,
									"faces": {
										"north": { "texture": "#brick", "uv": [ 0.0, 0.0, 8.16, 7.68 ], "autoUv": false },
										"east": { "texture": "#brick", "uv": [ 0.0, 8.0, 15.36, 15.68 ], "autoUv": false },
										"south": { "texture": "#brick", "uv": [ 8.0, 0.0, 16.16, 7.68 ], "rotation": 180, "autoUv": false },
										"west": { "texture": "#brick", "uv": [ 0.0, 8.0, 15.36, 15.68 ], "autoUv": false },
										"up": { "texture": "#stone", "uv": [ 0.0, 8.0, 15.36, 15.68 ], "rotation": 270, "autoUv": false },
										"down": { "texture": "#stone", "uv": [ -0.5, 8.0, 15.34, 15.68 ], "rotation": 90, "autoUv": false }
									}
								}
							]
						},
						{
							"name": "Stone 6 R 62",
							"from": [ -8.2944, 0.0, 0.0 ], 
							"to": [ -8.2944, 0.0, 0.0 ], 
							"rotationOrigin": [ -8.064, 0.0, 0.0 ],
							"rotationX": -90.00001554900759,
							"rotationY": 5.008955041730523E-6,
							"rotationZ": -179.99999011687973,
							"faces": {
								"north": { "texture": "#brick", "uv": [ 0.0, 0.0, 0.48, 0.48 ] },
								"east": { "texture": "#brick", "uv": [ 0.0, 0.0, 0.48, 0.48 ] },
								"south": { "texture": "#brick", "uv": [ 0.0, 0.0, 0.48, 0.48 ] },
								"west": { "texture": "#brick", "uv": [ 0.0, 0.0, 0.48, 0.48 ] },
								"up": { "texture": "#brick", "uv": [ 0.0, 0.0, 0.48, 0.48 ] },
								"down": { "texture": "#brick", "uv": [ 0.0, 0.0, 0.48, 0.48 ] }
							},
							"children": [
								{
									"name": "Stone 6 Part 3R63",
									"from": [ -5.76, 0.0, -0.576 ], 
									"to": [ -2.304, 2.304, 6.336 ], 
									"rotationOrigin": [ -4.608, 0.0, 6.912 ],
									"rotationY": -22.50000022689532,
									"faces": {
										"north": { "texture": "#brick", "uv": [ 0.5, 0.0, 8.18, 7.2 ], "rotation": 180, "autoUv": false },
										"east": { "texture": "#brick", "uv": [ 0.0, 8.0, 15.36, 15.68 ], "rotation": 180, "autoUv": false },
										"south": { "texture": "#brick", "uv": [ 8.5, 0.0, 15.7, 7.68 ], "rotation": 180, "autoUv": false },
										"west": { "texture": "#brick", "uv": [ 0.0, 8.0, 15.36, 15.68 ], "autoUv": false },
										"up": { "texture": "#stone", "uv": [ 0.0, 8.0, 15.36, 15.68 ], "rotation": 90, "autoUv": false },
										"down": { "texture": "#stone", "uv": [ 0.0, 8.0, 15.36, 15.68 ], "autoUv": false }
									}
								},
								{
									"name": "Stone 6 Part 4R64",
									"from": [ -5.76, 0.0, -6.336 ], 
									"to": [ -2.304, 2.304, 0.576 ], 
									"rotationOrigin": [ -4.608, 0.0, -6.912 ],
									"rotationY": 22.50000022689532,
									"faces": {
										"north": { "texture": "#brick", "uv": [ 8.5, 0.0, 15.7, 7.2 ], "autoUv": false },
										"east": { "texture": "#brick", "uv": [ 0.0, 8.0, 15.36, 15.68 ], "autoUv": false },
										"south": { "texture": "#brick", "uv": [ 0.0, 0.0, 8.16, 7.68 ], "autoUv": false },
										"west": { "texture": "#brick", "uv": [ 0.0, 8.0, 15.36, 15.68 ], "autoUv": false },
										"up": { "texture": "#stone", "uv": [ 0.0, 8.0, 15.36, 15.68 ], "rotation": 90, "autoUv": false },
										"down": { "texture": "#stone", "uv": [ 0.0, 8.0, 15.36, 15.68 ], "rotation": 90, "autoUv": false }
									}
								}
							]
						},
						{
							"name": "Stone 6 S  65",
							"from": [ -3.456, -6.336, -1.728 ], 
							"to": [ 4.608, -4.032, 1.728 ], 
							"rotationOrigin": [ -8.064, -6.336, 0.0 ],
							"rotationX": 90.0,
							"faces": {
								"north": { "texture": "#brick", "uv": [ 0.0, 8.0, 15.36, 15.68 ], "autoUv": false },
								"east": { "texture": "#brick", "uv": [ 8.5, 0.0, 15.7, 7.68 ], "autoUv": false },
								"south": { "texture": "#brick", "uv": [ 0.0, 8.0, 15.36, 15.68 ], "autoUv": false },
								"west": { "texture": "#brick", "uv": [ 0.0, 0.0, 8.16, 7.68 ], "autoUv": false },
								"up": { "texture": "#stone", "uv": [ 0.0, 8.0, 15.36, 15.68 ], "rotation": 180, "autoUv": false },
								"down": { "texture": "#stone", "uv": [ 0.0, 8.0, 15.36, 15.68 ], "rotation": 180, "autoUv": false }
							}
						}
					]
				},
				{
					"name": "Stone Main 6",
					"from": [ 8.64, 13.824, 9.216 ], 
					"to": [ 8.64, 13.824, 9.216 ], 
					"rotationOrigin": [ 9.216, 13.824, 9.216 ],
					"rotationX": -89.99997456787236,
					"faces": {
						"north": { "texture": "#brick", "uv": [ 0.0, 0.0, 0.48, 0.48 ] },
						"east": { "texture": "#brick", "uv": [ 0.0, 0.0, 0.48, 0.48 ] },
						"south": { "texture": "#brick", "uv": [ 0.0, 0.0, 0.48, 0.48 ] },
						"west": { "texture": "#brick", "uv": [ 0.0, 0.0, 0.48, 0.48 ] },
						"up": { "texture": "#brick", "uv": [ 0.0, 0.0, 0.48, 0.48 ] },
						"down": { "texture": "#brick", "uv": [ 0.0, 0.0, 0.48, 0.48 ] }
					},
					"children": [
						{
							"name": "Stone 6 N",
							"from": [ -3.456, 6.336, -1.728 ], 
							"to": [ 4.608, 8.636, 1.728 ], 
							"rotationOrigin": [ -8.064, 6.336, 0.0 ],
							"rotationX": 90.0,
							"faces": {
								"north": { "texture": "#brick", "uv": [ 0.0, 8.0, 15.36, 15.68 ], "autoUv": false },
								"east": { "texture": "#brick", "uv": [ 8.5, 8.0, 15.7, 15.68 ], "autoUv": false },
								"south": { "texture": "#brick", "uv": [ 0.0, 8.0, 15.36, 15.68 ], "rotation": 180, "autoUv": false },
								"west": { "texture": "#brick", "uv": [ 7.0, 7.5, 15.16, 15.18 ], "rotation": 90, "autoUv": false },
								"up": { "texture": "#stone", "uv": [ 0.0, 8.0, 15.36, 15.68 ], "rotation": 180, "autoUv": false },
								"down": { "texture": "#stone", "uv": [ 0.0, 8.0, 15.36, 15.68 ], "rotation": 180, "autoUv": false }
							}
						},
						{
							"name": "Stone 6 R 1",
							"from": [ 8.9856, 0.0, 0.0 ], 
							"to": [ 8.9856, 0.0, 0.0 ], 
							"rotationOrigin": [ 9.216, 0.0, 0.0 ],
							"rotationX": 89.99997456787236,
							"faces": {
								"north": { "texture": "#brick", "uv": [ 0.0, 0.0, 0.48, 0.48 ] },
								"east": { "texture": "#brick", "uv": [ 0.0, 0.0, 0.48, 0.48 ] },
								"south": { "texture": "#brick", "uv": [ 0.0, 0.0, 0.48, 0.48 ] },
								"west": { "texture": "#brick", "uv": [ 0.0, 0.0, 0.48, 0.48 ] },
								"up": { "texture": "#brick", "uv": [ 0.0, 0.0, 0.48, 0.48 ] },
								"down": { "texture": "#brick", "uv": [ 0.0, 0.0, 0.48, 0.48 ] }
							},
							"children": [
								{
									"name": "Stone 6 Part 2R",
									"from": [ -5.76, 0.0, -0.576 ], 
									"to": [ -2.304, 2.3, 6.336 ], 
									"rotationOrigin": [ -4.608, 0.0, 6.912 ],
									"rotationY": -22.50000022689532,
									"faces": {
										"north": { "texture": "#brick", "uv": [ 7.5, 0.0, 15.66, 7.68 ], "autoUv": false },
										"east": { "texture": "#brick", "uv": [ 0.0, 8.0, 15.36, 15.68 ], "autoUv": false },
										"south": { "texture": "#brick", "uv": [ 7.5, 8.0, 15.66, 15.68 ], "autoUv": false },
										"west": { "texture": "#brick", "uv": [ 0.0, 8.0, 15.36, 15.68 ], "autoUv": false },
										"up": { "texture": "#stone", "uv": [ 0.0, 8.0, 15.36, 15.68 ], "rotation": 90, "autoUv": false },
										"down": { "texture": "#stone", "uv": [ 0.0, 8.0, 15.36, 15.68 ], "rotation": 90, "autoUv": false }
									}
								},
								{
									"name": "Stone 6 Part 1 R",
									"from": [ -5.76, 0.0, -6.336 ], 
									"to": [ -2.304, 2.3, 0.576 ], 
									"rotationOrigin": [ -4.608, 0.0, -6.912 ],
									"rotationY": 22.50000022689532,
									"faces": {
										"north": { "texture": "#brick", "uv": [ 0.0, 0.0, 8.16, 7.68 ], "autoUv": false },
										"east": { "texture": "#brick", "uv": [ 0.0, 8.0, 15.36, 15.68 ], "autoUv": false },
										"south": { "texture": "#brick", "uv": [ 8.0, 0.0, 16.16, 7.68 ], "rotation": 180, "autoUv": false },
										"west": { "texture": "#brick", "uv": [ 0.0, 8.0, 15.36, 15.68 ], "autoUv": false },
										"up": { "texture": "#stone", "uv": [ 0.0, 8.0, 15.36, 15.68 ], "rotation": 270, "autoUv": false },
										"down": { "texture": "#stone", "uv": [ 0.0, 8.0, 15.36, 15.68 ], "rotation": 90, "autoUv": false }
									}
								}
							]
						},
						{
							"name": "Stone 6 R 2",
							"from": [ -8.2944, 0.0, 0.0 ], 
							"to": [ -8.2944, 0.0, 0.0 ], 
							"rotationOrigin": [ -8.064, 0.0, 0.0 ],
							"rotationX": -90.00001554900759,
							"rotationY": 5.008955041730523E-6,
							"rotationZ": -179.99999011687973,
							"faces": {
								"north": { "texture": "#brick", "uv": [ 0.0, 0.0, 0.48, 0.48 ] },
								"east": { "texture": "#brick", "uv": [ 0.0, 0.0, 0.48, 0.48 ] },
								"south": { "texture": "#brick", "uv": [ 0.0, 0.0, 0.48, 0.48 ] },
								"west": { "texture": "#brick", "uv": [ 0.0, 0.0, 0.48, 0.48 ] },
								"up": { "texture": "#brick", "uv": [ 0.0, 0.0, 0.48, 0.48 ] },
								"down": { "texture": "#brick", "uv": [ 0.0, 0.0, 0.48, 0.48 ] }
							},
							"children": [
								{
									"name": "Stone 6 Part 3R",
									"from": [ -5.76, 0.0, -0.576 ], 
									"to": [ -2.304, 2.3, 6.336 ], 
									"rotationOrigin": [ -4.608, 0.0, 6.912 ],
									"rotationY": -22.50000022689532,
									"faces": {
										"north": { "texture": "#brick", "uv": [ 0.5, 0.0, 8.18, 7.2 ], "rotation": 180, "autoUv": false },
										"east": { "texture": "#brick", "uv": [ 0.0, 8.0, 15.36, 15.68 ], "rotation": 180, "autoUv": false },
										"south": { "texture": "#brick", "uv": [ 8.5, 0.0, 15.7, 7.68 ], "rotation": 180, "autoUv": false },
										"west": { "texture": "#brick", "uv": [ 0.0, 8.0, 14.88, 15.68 ], "autoUv": false },
										"up": { "texture": "#stone", "uv": [ 0.0, 8.0, 15.36, 15.68 ], "rotation": 90, "autoUv": false },
										"down": { "texture": "#stone", "uv": [ 0.0, 8.0, 15.36, 15.68 ], "autoUv": false }
									}
								},
								{
									"name": "Stone 6 Part 4R",
									"from": [ -5.76, 0.0, -6.336 ], 
									"to": [ -2.304, 2.3, 0.576 ], 
									"rotationOrigin": [ -4.608, 0.0, -6.912 ],
									"rotationY": 22.50000022689532,
									"faces": {
										"north": { "texture": "#brick", "uv": [ 8.5, 0.0, 15.7, 7.2 ], "autoUv": false },
										"east": { "texture": "#brick", "uv": [ 0.0, 8.0, 15.36, 15.68 ], "autoUv": false },
										"south": { "texture": "#brick", "uv": [ 0.0, 0.0, 8.16, 7.68 ], "autoUv": false },
										"west": { "texture": "#brick", "uv": [ 0.0, 8.0, 15.36, 15.2 ], "autoUv": false },
										"up": { "texture": "#stone", "uv": [ 0.0, 8.0, 15.36, 15.68 ], "rotation": 90, "autoUv": false },
										"down": { "texture": "#stone", "uv": [ 0.0, 8.0, 15.36, 15.68 ], "rotation": 90, "autoUv": false }
									}
								}
							]
						},
						{
							"name": "Stone 6 S  ",
							"from": [ -3.456, -6.336, -1.728 ], 
							"to": [ 4.608, -4.036, 1.728 ], 
							"rotationOrigin": [ -8.064, -6.336, 0.0 ],
							"rotationX": 90.0,
							"faces": {
								"north": { "texture": "#brick", "uv": [ 0.0, 8.0, 15.36, 15.68 ], "autoUv": false },
								"east": { "texture": "#brick", "uv": [ 8.5, 0.0, 15.7, 7.68 ], "autoUv": false },
								"south": { "texture": "#brick", "uv": [ 0.0, 8.0, 15.36, 15.68 ], "autoUv": false },
								"west": { "texture": "#brick", "uv": [ 0.0, 0.0, 8.16, 7.68 ], "autoUv": false },
								"up": { "texture": "#stone", "uv": [ 0.0, 8.0, 15.36, 15.68 ], "rotation": 180, "autoUv": false },
								"down": { "texture": "#stone", "uv": [ 0.0, 8.0, 15.36, 15.68 ], "rotation": 180, "autoUv": false }
							}
						}
					]
				},
				{
					"name": "Stone Main 4",
					"from": [ 8.64, 9.216, 9.216 ], 
					"to": [ 8.64, 9.216, 9.216 ], 
					"rotationOrigin": [ 9.216, 9.216, 9.216 ],
					"rotationX": -89.99997456787236,
					"faces": {
						"north": { "texture": "#brick", "uv": [ 0.0, 0.0, 0.48, 0.48 ] },
						"east": { "texture": "#brick", "uv": [ 0.0, 0.0, 0.48, 0.48 ] },
						"south": { "texture": "#brick", "uv": [ 0.0, 0.0, 0.48, 0.48 ] },
						"west": { "texture": "#brick", "uv": [ 0.0, 0.0, 0.48, 0.48 ] },
						"up": { "texture": "#brick", "uv": [ 0.0, 0.0, 0.48, 0.48 ] },
						"down": { "texture": "#brick", "uv": [ 0.0, 0.0, 0.48, 0.48 ] }
					},
					"children": [
						{
							"name": "Stone39",
							"from": [ -3.456, -6.336, -0.576 ], 
							"to": [ 4.608, -4.032, 2.88 ], 
							"rotationOrigin": [ -2.304, -6.336, 0.0 ],
							"rotationX": 89.99997456787236,
							"faces": {
								"north": { "texture": "#brick", "uv": [ 0.0, 8.0, 15.36, 15.68 ], "autoUv": false },
								"east": { "texture": "#brick", "uv": [ 0.0, 0.0, 8.16, 7.68 ], "rotation": 180, "autoUv": false },
								"south": { "texture": "#brick", "uv": [ 0.0, 8.0, 15.36, 15.68 ], "autoUv": false },
								"west": { "texture": "#brick", "uv": [ 0.0, 0.0, 8.16, 7.68 ], "autoUv": false },
								"up": { "texture": "#stone", "uv": [ 0.0, 8.0, 15.36, 15.68 ], "autoUv": false },
								"down": { "texture": "#stone", "uv": [ 0.0, 8.0, 15.36, 15.68 ], "autoUv": false }
							}
						},
						{
							"name": "Cube41",
							"from": [ 8.9856, 0.0, 0.0 ], 
							"to": [ 8.9856, 0.0, 0.0 ], 
							"rotationOrigin": [ 9.216, 0.0, 0.0 ],
							"rotationX": 89.99997456787236,
							"faces": {
								"north": { "texture": "#brick", "uv": [ 0.0, 0.0, 0.48, 0.48 ] },
								"east": { "texture": "#brick", "uv": [ 0.0, 0.0, 0.48, 0.48 ] },
								"south": { "texture": "#brick", "uv": [ 0.0, 0.0, 0.48, 0.48 ] },
								"west": { "texture": "#brick", "uv": [ 0.0, 0.0, 0.48, 0.48 ] },
								"up": { "texture": "#brick", "uv": [ 0.0, 0.0, 0.48, 0.48 ] },
								"down": { "texture": "#brick", "uv": [ 0.0, 0.0, 0.48, 0.48 ] }
							},
							"children": [
								{
									"name": "Stone42",
									"from": [ -5.184, 0.0, -0.576 ], 
									"to": [ -1.728, 2.304, 6.336 ], 
									"rotationOrigin": [ -4.608, 0.0, 6.912 ],
									"rotationY": -22.50000022689532,
									"faces": {
										"north": { "texture": "#brick", "uv": [ 8.5, 0.0, 16.18, 7.2 ], "autoUv": false },
										"east": { "texture": "#brick", "uv": [ 0.0, 8.0, 15.36, 15.68 ], "autoUv": false },
										"south": { "texture": "#brick", "uv": [ -0.5, 0.0, 7.66, 7.68 ], "autoUv": false },
										"west": { "texture": "#brick", "uv": [ 0.0, 8.0, 15.36, 15.68 ], "autoUv": false },
										"up": { "texture": "#stone", "uv": [ 0.0, 8.0, 15.36, 15.68 ], "rotation": 90, "autoUv": false },
										"down": { "texture": "#stone", "uv": [ 0.0, 8.0, 15.36, 15.68 ], "rotation": 90, "autoUv": false }
									}
								},
								{
									"name": "Stone43",
									"from": [ -5.184, 0.0, -6.336 ], 
									"to": [ -1.728, 2.304, 0.576 ], 
									"rotationOrigin": [ -4.608, 0.0, -6.912 ],
									"rotationY": 22.50000022689532,
									"faces": {
										"north": { "texture": "#brick", "uv": [ 0.0, 0.0, 8.16, 7.68 ], "rotation": 180, "autoUv": false },
										"east": { "texture": "#brick", "uv": [ 0.0, 8.0, 15.36, 15.68 ], "autoUv": false },
										"south": { "texture": "#brick", "uv": [ 8.0, 0.0, 15.68, 7.68 ], "rotation": 180, "autoUv": false },
										"west": { "texture": "#brick", "uv": [ 0.0, 8.0, 15.36, 15.68 ], "autoUv": false },
										"up": { "texture": "#stone", "uv": [ 0.0, 8.0, 15.36, 15.68 ], "rotation": 90, "autoUv": false },
										"down": { "texture": "#stone", "uv": [ 0.0, 8.0, 15.36, 15.68 ], "rotation": 90, "autoUv": false }
									}
								}
							]
						},
						{
							"name": "Stone56",
							"from": [ -3.456, 8.64, -0.576 ], 
							"to": [ 4.608, 10.944, 2.88 ], 
							"rotationOrigin": [ -2.304, 8.64, 0.0 ],
							"rotationX": 89.99997456787236,
							"faces": {
								"north": { "texture": "#brick", "uv": [ 0.0, 8.0, 15.36, 15.68 ], "autoUv": false },
								"east": { "texture": "#brick", "uv": [ 0.0, 0.0, 8.16, 7.68 ], "autoUv": false },
								"south": { "texture": "#brick", "uv": [ 0.0, 8.0, 15.36, 15.68 ], "autoUv": false },
								"west": { "texture": "#brick", "uv": [ 0.0, 0.0, 8.16, 7.68 ], "rotation": 180, "autoUv": false },
								"up": { "texture": "#stone", "uv": [ 0.0, 8.0, 15.36, 15.68 ], "autoUv": false },
								"down": { "texture": "#stone", "uv": [ 0.0, 8.0, 15.36, 15.68 ], "autoUv": false }
							}
						},
						{
							"name": "Cube54",
							"from": [ -8.2944, 0.0, 0.0 ], 
							"to": [ -8.2944, 0.0, 0.0 ], 
							"rotationOrigin": [ -8.064, 0.0, 0.0 ],
							"rotationX": 90.0,
							"rotationY": -180.0,
							"faces": {
								"north": { "texture": "#brick", "uv": [ 0.0, 0.0, 0.48, 0.48 ] },
								"east": { "texture": "#brick", "uv": [ 0.0, 0.0, 0.48, 0.48 ] },
								"south": { "texture": "#brick", "uv": [ 0.0, 0.0, 0.48, 0.48 ] },
								"west": { "texture": "#brick", "uv": [ 0.0, 0.0, 0.48, 0.48 ] },
								"up": { "texture": "#brick", "uv": [ 0.0, 0.0, 0.48, 0.48 ] },
								"down": { "texture": "#brick", "uv": [ 0.0, 0.0, 0.48, 0.48 ] }
							},
							"children": [
								{
									"name": "Stone55",
									"from": [ -5.184, 0.0, -0.576 ], 
									"to": [ -1.728, 2.304, 6.336 ], 
									"rotationOrigin": [ -4.608, 0.0, 6.912 ],
									"rotationY": -22.50000022689532,
									"faces": {
										"north": { "texture": "#brick", "uv": [ 0.0, 8.0, 7.68, 15.2 ], "autoUv": false },
										"east": { "texture": "#brick", "uv": [ 0.0, 8.0, 15.36, 15.68 ], "autoUv": false },
										"south": { "texture": "#brick", "uv": [ 1.5, 0.0, 8.22, 7.68 ], "autoUv": false },
										"west": { "texture": "#brick", "uv": [ 0.0, 8.0, 15.36, 15.68 ], "autoUv": false },
										"up": { "texture": "#stone", "uv": [ 0.0, 8.0, 15.36, 15.68 ], "rotation": 90, "autoUv": false },
										"down": { "texture": "#stone", "uv": [ 0.0, 8.0, 15.36, 15.68 ], "rotation": 90, "autoUv": false }
									}
								},
								{
									"name": "Stone57",
									"from": [ -5.184, 0.0, -6.336 ], 
									"to": [ -1.728, 2.304, 0.576 ], 
									"rotationOrigin": [ -4.608, 0.0, -6.912 ],
									"rotationY": 22.50000022689532,
									"faces": {
										"north": { "texture": "#brick", "uv": [ 0.0, 0.0, 8.16, 7.68 ], "rotation": 180, "autoUv": false },
										"east": { "texture": "#brick", "uv": [ 0.0, 8.0, 15.36, 15.68 ], "autoUv": false },
										"south": { "texture": "#brick", "uv": [ 8.0, 0.0, 15.68, 7.68 ], "rotation": 180, "autoUv": false },
										"west": { "texture": "#brick", "uv": [ 0.0, 8.0, 15.36, 15.68 ], "autoUv": false },
										"up": { "texture": "#stone", "uv": [ 0.0, 8.0, 15.36, 15.68 ], "rotation": 90, "autoUv": false },
										"down": { "texture": "#stone", "uv": [ 0.0, 8.0, 15.36, 15.68 ], "rotation": 90, "autoUv": false }
									}
								}
							]
						}
					]
				},
				{
					"name": "Stone Main 7",
					"from": [ 8.64, 16.0, 9.35 ], 
					"to": [ 8.64, 16.0, 9.35 ], 
					"rotationOrigin": [ 9.216, 16.0, 9.216 ],
					"rotationX": -90.0,
					"rotationZ": -90.0,
					"faces": {
						"north": { "texture": "#brick", "uv": [ 0.0, 0.0, 0.5, 0.5 ] },
						"east": { "texture": "#brick", "uv": [ 0.0, 0.0, 0.5, 0.5 ] },
						"south": { "texture": "#brick", "uv": [ 0.0, 0.0, 0.5, 0.5 ] },
						"west": { "texture": "#brick", "uv": [ 0.0, 0.0, 0.5, 0.5 ] },
						"up": { "texture": "#brick", "uv": [ 0.0, 0.0, 0.5, 0.5 ] },
						"down": { "texture": "#brick", "uv": [ 0.0, 0.0, 0.5, 0.5 ] }
					},
					"children": [
						{
							"name": "Stone 6 N145",
							"from": [ -3.456, 6.336, -1.728 ], 
							"to": [ 4.608, 8.696, 1.728 ], 
							"rotationOrigin": [ -8.064, 6.336, 0.0 ],
							"rotationX": 90.0,
							"faces": {
								"north": { "texture": "#brick", "uv": [ 0.0, 8.0, 15.36, 15.68 ], "autoUv": false },
								"east": { "texture": "#brick", "uv": [ 8.5, 8.0, 15.7, 15.68 ], "autoUv": false },
								"south": { "texture": "#brick", "uv": [ 0.0, 8.0, 15.36, 15.68 ], "rotation": 180, "autoUv": false },
								"west": { "texture": "#brick", "uv": [ 7.0, 7.5, 15.16, 15.18 ], "rotation": 90, "autoUv": false },
								"up": { "texture": "#stone", "uv": [ 0.0, 8.0, 15.36, 15.68 ], "rotation": 180, "autoUv": false },
								"down": { "texture": "#stone", "uv": [ 0.0, 8.0, 15.36, 15.68 ], "rotation": 180, "autoUv": false }
							}
						},
						{
							"name": "Stone 6 R 146",
							"from": [ 8.9856, 0.0, 0.0 ], 
							"to": [ 8.9856, 0.0, 0.0 ], 
							"rotationOrigin": [ 9.216, 0.0, 0.0 ],
							"rotationX": 89.99997456787236,
							"faces": {
								"north": { "texture": "#brick", "uv": [ 0.0, 0.0, 0.5, 0.5 ] },
								"east": { "texture": "#brick", "uv": [ 0.0, 0.0, 0.5, 0.5 ] },
								"south": { "texture": "#brick", "uv": [ 0.0, 0.0, 0.5, 0.5 ] },
								"west": { "texture": "#brick", "uv": [ 0.0, 0.0, 0.5, 0.5 ] },
								"up": { "texture": "#brick", "uv": [ 0.0, 0.0, 0.5, 0.5 ] },
								"down": { "texture": "#brick", "uv": [ 0.0, 0.0, 0.5, 0.5 ] }
							},
							"children": [
								{
									"name": "Stone 6 Part 2R147",
									"from": [ -5.76, 0.0, -0.576 ], 
									"to": [ -2.304, 2.31, 6.336 ], 
									"rotationOrigin": [ -4.608, 0.0, 6.912 ],
									"rotationY": -22.50000022689532,
									"faces": {
										"north": { "texture": "#brick", "uv": [ 7.5, 0.0, 15.66, 7.68 ], "autoUv": false },
										"east": { "texture": "#brick", "uv": [ 0.0, 8.0, 15.36, 15.68 ], "autoUv": false },
										"south": { "texture": "#brick", "uv": [ 7.5, 8.0, 15.66, 15.68 ], "autoUv": false },
										"west": { "texture": "#brick", "uv": [ 0.0, 8.0, 15.36, 15.68 ], "autoUv": false },
										"up": { "texture": "#stone", "uv": [ 0.0, 8.0, 15.36, 15.68 ], "rotation": 90, "autoUv": false },
										"down": { "texture": "#stone", "uv": [ 0.0, 8.0, 15.36, 15.68 ], "rotation": 90, "autoUv": false }
									}
								},
								{
									"name": "Stone 6 Part 1 R148",
									"from": [ -5.76, 0.0, -6.336 ], 
									"to": [ -2.304, 2.2, 0.576 ], 
									"rotationOrigin": [ -4.608, 0.0, -6.912 ],
									"rotationY": 22.50000022689532,
									"faces": {
										"north": { "texture": "#brick", "uv": [ 0.0, 0.0, 8.16, 7.68 ], "autoUv": false },
										"east": { "texture": "#brick", "uv": [ 0.0, 8.0, 15.36, 15.68 ], "autoUv": false },
										"south": { "texture": "#brick", "uv": [ 8.0, 0.0, 16.16, 7.68 ], "rotation": 180, "autoUv": false },
										"west": { "texture": "#brick", "uv": [ 0.0, 8.0, 15.36, 15.68 ], "autoUv": false },
										"up": { "texture": "#stone", "uv": [ 0.0, 8.0, 15.36, 15.68 ], "rotation": 270, "autoUv": false },
										"down": { "texture": "#stone", "uv": [ 0.0, 8.0, 15.36, 15.68 ], "rotation": 90, "autoUv": false }
									}
								}
							]
						},
						{
							"name": "Stone 6 R 149",
							"from": [ -8.2944, 0.0, 0.0 ], 
							"to": [ -8.2944, 0.0, 0.0 ], 
							"rotationOrigin": [ -8.064, 0.0, 0.0 ],
							"rotationX": -90.00001554900759,
							"rotationY": 5.008955041730523E-6,
							"rotationZ": -179.99999011687973,
							"faces": {
								"north": { "texture": "#brick", "uv": [ 0.0, 0.0, 0.5, 0.5 ] },
								"east": { "texture": "#brick", "uv": [ 0.0, 0.0, 0.5, 0.5 ] },
								"south": { "texture": "#brick", "uv": [ 0.0, 0.0, 0.5, 0.5 ] },
								"west": { "texture": "#brick", "uv": [ 0.0, 0.0, 0.5, 0.5 ] },
								"up": { "texture": "#brick", "uv": [ 0.0, 0.0, 0.5, 0.5 ] },
								"down": { "texture": "#brick", "uv": [ 0.0, 0.0, 0.5, 0.5 ] }
							},
							"children": [
								{
									"name": "Stone 6 Part 3R150",
									"from": [ -5.76, 0.0, -0.576 ], 
									"to": [ -2.304, 2.32, 6.336 ], 
									"rotationOrigin": [ -4.608, 0.0, 6.912 ],
									"rotationY": -22.50000022689532,
									"faces": {
										"north": { "texture": "#brick", "uv": [ 0.5, 0.0, 8.18, 7.2 ], "rotation": 180, "autoUv": false },
										"east": { "texture": "#brick", "uv": [ 0.0, 8.0, 15.36, 15.68 ], "rotation": 180, "autoUv": false },
										"south": { "texture": "#brick", "uv": [ 8.5, 0.0, 15.7, 7.68 ], "rotation": 180, "autoUv": false },
										"west": { "texture": "#brick", "uv": [ 0.0, 8.0, 14.88, 15.68 ], "autoUv": false },
										"up": { "texture": "#stone", "uv": [ 0.0, 8.0, 15.36, 15.68 ], "rotation": 90, "autoUv": false },
										"down": { "texture": "#stone", "uv": [ 0.0, 8.0, 15.36, 15.68 ], "autoUv": false }
									}
								},
								{
									"name": "Stone 6 Part 4R151",
									"from": [ -5.76, 0.0, -6.336 ], 
									"to": [ -2.304, 2.2, 0.576 ], 
									"rotationOrigin": [ -4.608, 0.0, -6.912 ],
									"rotationY": 22.50000022689532,
									"faces": {
										"north": { "texture": "#brick", "uv": [ 8.5, 0.0, 15.7, 7.2 ], "autoUv": false },
										"east": { "texture": "#brick", "uv": [ 0.0, 8.0, 15.36, 15.68 ], "autoUv": false },
										"south": { "texture": "#brick", "uv": [ 0.0, 0.0, 8.16, 7.68 ], "autoUv": false },
										"west": { "texture": "#brick", "uv": [ 0.0, 8.0, 15.36, 15.2 ], "autoUv": false },
										"up": { "texture": "#stone", "uv": [ 0.0, 8.0, 15.36, 15.68 ], "rotation": 90, "autoUv": false },
										"down": { "texture": "#stone", "uv": [ 0.0, 8.0, 15.36, 15.68 ], "rotation": 90, "autoUv": false }
									}
								}
							]
						},
						{
							"name": "Stone 6 S  152",
							"from": [ -3.456, -6.336, -1.728 ], 
							"to": [ 4.608, -3.986, 1.728 ], 
							"rotationOrigin": [ -8.064, -6.336, 0.0 ],
							"rotationX": 90.0,
							"faces": {
								"north": { "texture": "#brick", "uv": [ 0.0, 8.0, 15.36, 15.68 ], "autoUv": false },
								"east": { "texture": "#brick", "uv": [ 8.5, 0.0, 15.7, 7.68 ], "autoUv": false },
								"south": { "texture": "#brick", "uv": [ 0.0, 8.0, 15.36, 15.68 ], "autoUv": false },
								"west": { "texture": "#brick", "uv": [ 0.0, 0.0, 8.16, 7.68 ], "autoUv": false },
								"up": { "texture": "#stone", "uv": [ 0.0, 8.0, 15.36, 15.68 ], "rotation": 180, "autoUv": false },
								"down": { "texture": "#stone", "uv": [ 0.0, 8.0, 15.36, 15.68 ], "rotation": 180, "autoUv": false }
							}
						}
					]
				},
				{
					"name": "Wood Top 1Support",
					"from": [ 7.88, 26.28, 4.03 ], 
					"to": [ 18.552, 26.856, 4.9516 ], 
					"rotationOrigin": [ 7.88, 26.2784, 4.03 ],
					"rotationX": -89.999946761711,
					"rotationY": 44.99999171897202,
					"rotationZ": -2.4148362446345995E-6,
					"faces": {
						"north": { "texture": "#log", "uv": [ 0.0, 0.0, 15.36, 1.92 ], "autoUv": false },
						"east": { "texture": "#log", "uv": [ 14.0, 16.0, 15.92, 14.08 ], "autoUv": false },
						"south": { "texture": "#log", "uv": [ 0.0, 0.0, 15.36, 2.4 ], "autoUv": false },
						"west": { "texture": "#log", "uv": [ 14.0, 14.0, 15.92, 15.92 ], "autoUv": false },
						"up": { "texture": "#log", "uv": [ 0.0, 0.0, 15.36, 2.88 ], "autoUv": false },
						"down": { "texture": "#log", "uv": [ 0.0, 0.0, 15.36, 2.88 ], "autoUv": false }
					}
				},
				{
					"name": "Wood Top 2 Support",
					"from": [ 7.88, 26.28, 15.03 ], 
					"to": [ 18.552, 26.856, 15.9516 ], 
					"rotationOrigin": [ 7.88, 26.2784, 15.03 ],
					"rotationX": -89.999946761711,
					"rotationY": 44.99999171897202,
					"rotationZ": -2.4148362446345995E-6,
					"faces": {
						"north": { "texture": "#log", "uv": [ 0.0, 0.0, 15.36, 1.92 ], "autoUv": false },
						"east": { "texture": "#log", "uv": [ 14.0, 16.0, 15.92, 14.08 ], "autoUv": false },
						"south": { "texture": "#log", "uv": [ 0.0, 0.0, 15.36, 2.4 ], "autoUv": false },
						"west": { "texture": "#log", "uv": [ 14.0, 14.0, 15.92, 15.92 ], "autoUv": false },
						"up": { "texture": "#log", "uv": [ 0.0, 0.0, 15.36, 2.88 ], "autoUv": false },
						"down": { "texture": "#log", "uv": [ 0.0, 0.0, 15.36, 2.88 ], "autoUv": false }
					}
				},
				{
					"name": "Wood Frame 3",
					"from": [ 15.4, 18.5, 3.0 ], 
					"to": [ 28.072, 19.076, 3.8064 ], 
					"rotationOrigin": [ 15.4, 18.5, 3.0 ],
					"rotationX": -90.00003603957275,
					"rotationZ": -89.99998139806237,
					"faces": {
						"north": { "texture": "#log", "uv": [ 0.0, 0.0, 15.36, 1.92 ], "autoUv": false },
						"east": { "texture": "#log", "uv": [ 14.0, 16.0, 15.92, 14.08 ], "autoUv": false },
						"south": { "texture": "#log", "uv": [ 0.0, 0.0, 15.36, 2.4 ], "autoUv": false },
						"west": { "texture": "#log", "uv": [ 14.0, 14.0, 15.92, 15.92 ], "autoUv": false },
						"up": { "texture": "#log", "uv": [ 0.0, 0.0, 15.36, 2.88 ], "autoUv": false },
						"down": { "texture": "#log", "uv": [ 0.0, 0.0, 15.36, 2.88 ], "autoUv": false }
					}
				},
				{
					"name": "Wood Frame 2",
					"from": [ 2.35, 18.5, 3.0 ], 
					"to": [ 15.022, 19.076, 3.8 ], 
					"rotationOrigin": [ 2.35, 18.5, 3.0 ],
					"rotationX": -90.00002920938395,
					"rotationZ": -89.99997456787358,
					"faces": {
						"north": { "texture": "#log", "uv": [ 0.0, 0.0, 15.36, 1.92 ], "autoUv": false },
						"east": { "texture": "#log", "uv": [ 14.0, 16.0, 15.92, 14.08 ], "autoUv": false },
						"south": { "texture": "#log", "uv": [ 0.0, 0.0, 15.36, 2.4 ], "autoUv": false },
						"west": { "texture": "#log", "uv": [ 14.0, 14.0, 15.92, 15.92 ], "autoUv": false },
						"up": { "texture": "#log", "uv": [ 0.0, 0.0, 15.36, 2.88 ], "autoUv": false },
						"down": { "texture": "#log", "uv": [ 0.0, 0.0, 15.36, 2.88 ], "autoUv": false }
					}
				}
			]
		}
	]}