{
	"editor": {
		"allAngles": false,
		"singleTexture": false
	},
	"textureWidth": 16,
	"textureHeight": 16,
	"textures": {
		"log": "block/wood/firepit/log"
	},
	"elements": [
		{
			"name": "Log-S",
			"from": [ 6.0, -1.0, 6.0 ], 
			"to": [ 8.0, 1.0, 14.0 ], 
			"rotationOrigin": [ 10.0, 0.0, 14.0 ],
			"rotationX": 22.5,
			"rotationY": -22.5,
			"faces": {
				"north": { "texture": "#log", "uv": [ 14.0, 14.0, 16.0, 16.0 ] },
				"east": { "texture": "#log", "uv": [ 0.0, 0.0, 8.0, 2.0 ] },
				"south": { "texture": "#log", "uv": [ 14.0, 14.0, 16.0, 16.0 ] },
				"west": { "texture": "#log", "uv": [ 1.0, 10.0, 9.0, 12.0 ] },
				"up": { "texture": "#log", "uv": [ 6.0, 7.0, 14.0, 9.0 ], "rotation": 90 },
				"down": { "texture": "#log", "uv": [ 14.0, 7.0, 16.0, 15.0 ] }
			}
		},
		{
			"name": "Log-E",
			"from": [ 5.0, -1.0, 5.0 ], 
			"to": [ 12.0, 1.0, 7.0 ], 
			"rotationOrigin": [ 13.0, 0.0, 8.0 ],
			"rotationZ": -45.0,
			"faces": {
				"north": { "texture": "#log", "uv": [ 9.0, 3.0, 16.0, 5.0 ] },
				"east": { "texture": "#log", "uv": [ 14.0, 14.0, 16.0, 16.0 ] },
				"south": { "texture": "#log", "uv": [ 9.0, 10.0, 16.0, 12.0 ] },
				"west": { "texture": "#log", "uv": [ 14.0, 14.0, 16.0, 16.0 ] },
				"up": { "texture": "#log", "uv": [ 8.0, 4.0, 15.0, 6.0 ] },
				"down": { "texture": "#log", "uv": [ 9.0, 0.0, 16.0, 2.0 ] }
			}
		},
		{
			"name": "Log-W",
			"from": [ 3.0, 0.0, 10.0 ], 
			"to": [ 11.0, 2.0, 12.0 ], 
			"rotationOrigin": [ 8.0, 8.0, 8.0 ],
			"rotationY": -67.5,
			"faces": {
				"north": { "texture": "#log", "uv": [ 6.0, 7.0, 14.0, 9.0 ] },
				"east": { "texture": "#log", "uv": [ 14.0, 14.0, 16.0, 16.0 ] },
				"south": { "texture": "#log", "uv": [ 8.0, 5.0, 16.0, 7.0 ] },
				"west": { "texture": "#log", "uv": [ 14.0, 14.0, 16.0, 16.0 ] },
				"up": { "texture": "#log", "uv": [ 7.0, 7.0, 15.0, 9.0 ] },
				"down": { "texture": "#log", "uv": [ 8.0, 7.0, 16.0, 9.0 ] }
			}
		},
		{
			"name": "Log-N",
			"from": [ 4.0, 0.0, 0.0 ], 
			"to": [ 12.0, 2.0, 2.0 ], 
			"rotationOrigin": [ 12.0, 0.0, 5.0 ],
			"rotationY": 67.5,
			"rotationZ": -22.5,
			"faces": {
				"north": { "texture": "#log", "uv": [ 6.0, 7.0, 14.0, 9.0 ] },
				"east": { "texture": "#log", "uv": [ 14.0, 14.0, 16.0, 16.0 ] },
				"south": { "texture": "#log", "uv": [ 8.0, 5.0, 16.0, 7.0 ] },
				"west": { "texture": "#log", "uv": [ 14.0, 14.0, 16.0, 16.0 ] },
				"up": { "texture": "#log", "uv": [ 7.0, 7.0, 15.0, 9.0 ] },
				"down": { "texture": "#log", "uv": [ 8.0, 7.0, 16.0, 9.0 ] }
			}
		}
	]}