{
	"code": "iceboxs",
	"class": "BlockIceBox",
	"entityclass": "BlockEntityIceBox",
	"maxStackSize": 1,
	"attributes": {
		"partialAttachable": true,
		"inventoryClassName": "icebox",
		"defaultType": "iceboxsmall-oak",
		"types": [
			"iceboxsmall-oak",
			"iceboxsmall-maple",
			"iceboxsmall-acacia",
			"iceboxsmall-pine",
		    "iceboxmedium-pine",
		    "iceboxmedium-oak",
			"iceboxmedium-maple",
			"iceboxmedium-acacia"
		],
		"rotatatableInterval": {
			"iceboxsmall-oak": "22.5degnot45deg",
			"iceboxsmall-maple": "22.5degnot45deg",
			"iceboxsmall-acacia": "22.5degnot45deg",
			"iceboxsmall-pine": "22.5degnot45deg",
			
		    "iceboxmedium-pine": "22.5degnot45deg",
		    "iceboxmedium-oak": "22.5degnot45deg",
			"iceboxmedium-maple": "22.5degnot45deg",
			"iceboxmedium-acacia": "22.5degnot45deg"
		},
		"preserveBonus": {
			"iceboxsmall-oak": 0.32,
			"iceboxsmall-maple": 0.32,
			"iceboxsmall-acacia": 0.32,
			"iceboxsmall-pine": 0.32,
			
			"iceboxmedium-pine": 0.22,
			"iceboxmedium-oak": 0.22,
			"iceboxmedium-maple": 0.22,
			"iceboxmedium-acacia": 0.22
		},
		"drop": {
			"iceboxsmall-oak": true,
			"iceboxsmall-maple": true,
			"iceboxsmall-acacia": true,
			"iceboxsmall-pine": true,
			
			"iceboxmedium-pine": true,
			"iceboxmedium-oak": true,
			"iceboxmedium-maple": true,
			"iceboxmedium-acacia": true
		},
		"quantitySlots": {
			"iceboxsmall-oak": 4,
			"iceboxsmall-maple": 4,
			"iceboxsmall-acacia": 4,
			"iceboxsmall-pine": 4,
			
		    "iceboxmedium-pine": 8,
		    "iceboxmedium-oak": 8,
			"iceboxmedium-maple": 8,
			"iceboxmedium-acacia": 8
		},
		"dialogTitleLangCode": {
			"iceboxsmall-oak": "Old Ice Box",
			"iceboxsmall-maple": "Old Ice Box",
			"iceboxsmall-acacia": "Old Ice Box",
			"iceboxsmall-pine": "Old Ice Box",
			
			"iceboxmedium-pine": "Old Ice Box",
			"iceboxmedium-oak": "Old Ice Box",
			"iceboxmedium-maple": "Old Ice Box",
			"iceboxmedium-acacia": "Old Ice Box"
		},
		"storageType": {
			"iceboxsmall-oak": 16,
			"iceboxsmall-maple": 16,
			"iceboxsmall-acacia": 16,
			"iceboxsmall-pine": 16,

			"iceboxmedium-pine": 32,
			"iceboxmedium-oak": 32,
			"iceboxmedium-maple": 32,
			"iceboxmedium-acacia": 32
		},
		"retrieveOnly": {
			"iceboxsmall-oak": false,
			"iceboxsmall-maple": false,
			"iceboxsmall-acacia": false,
			"iceboxsmall-pine": false,
			
			"iceboxmedium-pine": false,
			"iceboxmedium-oak": false,
			"iceboxmedium-maple": false,
			"iceboxmedium-acacia": false
		},
		"shape": {
			"iceboxsmall-oak": "block/wood/freeze/small/oak-icebox-small",
			"iceboxsmall-maple": "block/wood/freeze/small/maple-icebox-small",
			"iceboxsmall-acacia": "block/wood/freeze/small/acacia-icebox-small",
			"iceboxsmall-pine": "block/wood/freeze/small/pine-icebox-small",
			
			"iceboxmedium-pine": "block/wood/freeze/medium/pine-icebox-medium",
			"iceboxmedium-oak": "block/wood/freeze/medium/oak-icebox-medium",
			"iceboxmedium-maple": "block/wood/freeze/medium/maple-icebox-medium",
			"iceboxmedium-acacia": "block/wood/freeze/medium/acacia-icebox-medium"
		},
		"typedOpenSound": {
			"iceboxsmall-oak": "game:sounds/block/cokeovendoor-open",
			"iceboxsmall-maple": "game:sounds/block/cokeovendoor-open",
			"iceboxsmall-acacia": "game:sounds/block/cokeovendoor-open",
			"iceboxsmall-pine": "game:sounds/block/cokeovendoor-open",
			
			"iceboxmedium-pine": "game:sounds/block/cokeovendoor-open",
			"iceboxmedium-oak": "game:sounds/block/cokeovendoor-open",
			"iceboxmedium-maple": "game:sounds/block/cokeovendoor-open",
			"iceboxmedium-acacia": "game:sounds/block/cokeovendoor-open"
		},
		"typedCloseSound": {
			"iceboxsmall-oak": "game:sounds/block/cokeovendoor-close",
			"iceboxsmall-maple": "game:sounds/block/cokeovendoor-close",
			"iceboxsmall-acacia": "game:sounds/block/cokeovendoor-close",
			"iceboxsmall-pine": "game:sounds/block/cokeovendoor-close",
			
			"iceboxmedium-pine": "game:sounds/block/cokeovendoor-close",
			"iceboxmedium-oak": "game:sounds/block/cokeovendoor-close",
			"iceboxmedium-maple": "game:sounds/block/cokeovendoor-close",
			"iceboxmedium-acacia": "game:sounds/block/cokeovendoor-close"
		},
		"variantByGroup": "side",
		"variantByGroupInventory": null
	},
	"behaviors": [
		{ "name": "Lockable" },
		{ "name": "Container" }
	],
	"entityBehaviors": [ { "name": "Animatable" } ],
	"variantgroups": [
		{
			"code": "side",
			"loadFromProperties": "abstract/horizontalorientation"
		}
	],
	"creativeinventory": {},
	"creativeinventoryStacksByType": {
		"*-east": [
			{
				"tabs": [ "general", "decorative", "kitchen" ],
				"stacks": [
					{
						"type": "block",
						"code": "iceboxs-east",
						"attributes": { "type": "iceboxsmall-oak" }
					},
					{
						"type": "block",
						"code": "iceboxs-east",
						"attributes": { "type": "iceboxsmall-maple" }
					},
					{
						"type": "block",
						"code": "iceboxs-east",
						"attributes": { "type": "iceboxsmall-acacia" }
					},
					{
						"type": "block",
						"code": "iceboxs-east",
						"attributes": { "type": "iceboxsmall-pine" }
					},
				    {
						"type": "block",
						"code": "iceboxs-east",
						"attributes": { "type": "iceboxmedium-pine" }
					},
				    {
						"type": "block",
						"code": "iceboxs-east",
						"attributes": { "type": "iceboxmedium-oak" }
					},
					{
						"type": "block",
						"code": "iceboxs-east",
						"attributes": { "type": "iceboxmedium-maple" }
					},
					{
						"type": "block",
						"code": "iceboxs-east",
						"attributes": { "type": "iceboxmedium-acacia" }
					}
				]
			}
		]
	},
	"heldTpIdleAnimation": "holdunderarm",
	"shapeInventory": {
		"base": "block/wood/freeze/small/oak-icebox-small",
		"rotateY": 270
	},
	"shapeByType": {
		"*-north": {
			"base": "block/wood/freeze/small/oak-icebox-small",
			"rotateY": 0
		},
		"*-east": {
			"base": "block/wood/freeze/small/oak-icebox-small",
			"rotateY": 270
		},
		"*-west": {
			"base": "block/wood/freeze/small/oak-icebox-small",
			"rotateY": 90
		},
		"*-south": {
			"base": "block/wood/freeze/small/oak-icebox-small",
			"rotateY": 180
		}
	},
	"_Icebox": "Texture go here later",
	"textures": {

		"iceboxsmall-oak-lid": { "base": "block/wood/cabinets/oak/detail" },
		"iceboxsmall-oak-sides2": { "base": "block/wood/cabinets/oak/cabinet" },
		"iceboxsmall-oak-lead": { "base": "block/metal/lead" },

		"iceboxsmall-maple-lid": { "base": "block/wood/cabinets/maple/detail" },
		"iceboxsmall-maple-sides2": { "base": "block/wood/cabinets/maple/cabinet" },
		"iceboxsmall-maple-lead": { "base": "block/metal/lead" },

		"iceboxsmall-acacia-lid": { "base": "block/wood/cabinets/acacia/detail" },
		"iceboxsmall-acacia-sides2": { "base": "block/wood/cabinets/acacia/cabinet" },
		"iceboxsmall-acacia-lead": { "base": "block/metal/lead" },
		
	
		"iceboxsmall-pine-lid": { "base": "block/wood/cabinets/pine/detail" },
		"iceboxsmall-pine-sides2": { "base": "block/wood/cabinets/pine/cabinet" },
		"iceboxsmall-pine-lead": { "base": "block/metal/lead" },
		
		"iceboxmedium-pine-lid": { "base": "block/wood/cabinets/pine/detail" },
		"iceboxmedium-pine-sides2": { "base": "block/wood/cabinets/pine/cabinet" },
		"iceboxmedium-pine-lead": { "base": "block/metal/lead" },
		
		"iceboxmedium-oak-lid": { "base": "block/wood/cabinets/oak/detail" },
		"iceboxmedium-oak-sides2": { "base": "block/wood/cabinets/oak/cabinet" },
		"iceboxmedium-oak-lead": { "base": "block/metal/lead" },

		"iceboxmedium-maple-lid": { "base": "block/wood/cabinets/maple/detail" },
		"iceboxmedium-maple-sides2": { "base": "block/wood/cabinets/maple/cabinet" },
		"iceboxmedium-maple-lead": { "base": "block/metal/lead" },

		"iceboxmedium-acacia-lid": { "base": "block/wood/cabinets/acacia/detail" },
		"iceboxmedium-acacia-sides2": { "base": "block/wood/cabinets/acacia/cabinet" },
		"iceboxmedium-acacia-lead": { "base": "block/metal/lead" },
	},
	"blockmaterial": "Wood",
	"replaceable": 900,
	"resistance": 3,
	"lightAbsorption": 0,
	"sideAo": { "all": false },
	"sidesolid": {
		"all": false
	},
	"sideopaque": {
		"all": false
	},
	"combustibleProps": {
		"burnTemperature": 600,
		"burnDuration": 35
	},
	"sounds": {
		"place": "game:block/planks",
		"hit": "game:block/chute",
		"break": "game:block/planks",
		"walk": "game:walk/wood"
	},
	"materialDensity": 600,
	"tpHandTransform": {
		"translation": {
			"x": -2,
			"y": -0.5,
			"z": -1
		},
		"rotation": {
			"x": 0,
			"y": 180,
			"z": 0
		},
		"origin": {
			"x": 0.7,
			"y": 0.4,
			"z": 0.6
		},
		"scale": 0.31
	},
	"guiTransform": {
		"translation": {
			"x": 0,
			"y": 3,
			"z": 0
		},
		"rotation": {
			"x": -22.6,
			"y": -55,
			"z": 0
		},
		"origin": {
			"x": 0.5,
			"y": 0.4,
			"z": 0.5
		},
		"scale": 1.03
	}
}