{
	code: "hiddenchute",
	class: "BlockChute",
	entityclass: "ItemFlow",
	behaviors: [
		{ name: "Lockable" }
	],
	attributes: {
		"pullFacesByType": {
			"hiddenchute-straight-*-ud": ["up"],
		},
		"pushFacesByType": {
			"hiddenchute-straight-*-ud": ["down"],
			"hiddenchute-straight-*-ns": ["north", "south"],
			"hiddenchute-straight-*-we": ["west", "east"]
		},
		"acceptFromFacesByType": {
			"hiddenchute-straight-*-ns": ["north", "south"],
			"hiddenchute-straight-*-we": ["west", "east"],
		},
		"item-flowrate": 1,
		"inventoryClassName": "hiddenchute",
		"quantitySlots": 1,
	},
	variantgroups: [
		{ code: "type", states: ["straight"] },
		{ "loadFromProperties": "block/rock" },
		{ code: "side", states: ["ns", "we", "ud"] }
	],
	creativeinventory: { "mechanics": ["*-ns"] },
	shape:{ 
		base: "block/metal/chute/{type}" 
	},
	shapeinventory: { base: "block/metal/chute/{type}", rotateY: 90  },
	shapebytype: {
		"*-ud": { base: "block/metal/chute/{type}" , rotateZ: 90 },
		"*-ns": { base: "block/metal/chute/{type}" , rotateY: 90 },
		"*-we": { base: "block/metal/chute/{type}" , rotateY: 0 }
	},
	textures: {
		"chute": { base: "game:block/metal/sheet/copper1" },
		"bricks": { "base": "game:block/stone/brick/{rock}1" }
	},
	blockmaterial: "Metal",
	lightAbsorption: 0,
	drawtype: "json",
	replaceable: 160,
	resistance: 1.75,
	sidesolid: {
		all: true
	},
	sideopaque: {
		all: false
	},
	sounds: {
		"place": "game:block/chute",
		"break": "game:block/chute",
		"hit": "game:block/chute",
		"walk": "game:walk/stone"
	},
	collisionselectionboxByType: {
		"*-ud": { x1: 0.25, y1: 0, z1: 0.25, x2: 0.75, y2: 1, z2: 0.75 },
		"*-ns": 	{ x1: 0.25, y1: 0.25, z1: 0, x2: 0.75, y2: 0.75, z2: 1 },
		"*-we": { x1: 0, y1: 0.25, z1: 0.25, x2: 1, y2: 0.75, z2: 0.75 }
	},
	guiTransform: {
		scale: 1.22
	}
}