{
	code: "hiddenchute",
	class: "BlockChute",
	entityclass: "ItemFlow",
	behaviors: [
		{ name: "Lockable" }
	],
	attributes: {
		"pullFacesByType": {
			"hiddenchute-t-*-ns": ["up"],
			"hiddenchute-t-*-we": ["up"],
			"hiddenchute-t-*-ud-n": ["up", "south"],
			"hiddenchute-t-*-ud-e": ["up", "west"],
			"hiddenchute-t-*-ud-s": ["up", "north"],
			"hiddenchute-t-*-ud-w": ["up", "east"],
		},
		"acceptFromFacesByType": {
			"hiddenchute-t-*-ns": ["north", "south"],
			"hiddenchute-t-*-we": ["west", "east"]			
		},
		"pushFacesByType": {
			"hiddenchute-t-*-ns": ["north", "south"],
			"hiddenchute-t-*-we": ["west", "east"],
			"hiddenchute-t-*-ud-*": ["down"],
		},
		"item-flowrate": 1,
		"inventoryClassName": "hiddenchute",
		"quantitySlots": 1,
	},
	variantgroups: [
		{ code: "type", states: ["t"] },
		{ "loadFromProperties": "block/rock" },
		{ code: "side", states: ["ns", "we", "ud-n", "ud-e", "ud-s", "ud-w"] }
	],
	creativeinventory: { "mechanics": ["*-ns"] },
	shape:{ 
		base: "block/metal/chute/{type}" 
	},
	shapeinventory: { base: "block/metal/chute/{type}", rotateY: 90  },
	shapebytype: {
		"*-ud-n": { base: "block/metal/chute/{type}" , rotateZ: 90, rotateY: 90 },
		"*-ud-e": { base: "block/metal/chute/{type}" , rotateZ: 90, rotateY: 0 },
		"*-ud-s": { base: "block/metal/chute/{type}" , rotateZ: 90, rotateY: 270 },
		"*-ud-w": { base: "block/metal/chute/{type}" , rotateZ: 90, rotateY: 180 },
		"*-ns": { base: "block/metal/chute/{type}" , rotateY: 90 },
		"*-we": { base: "block/metal/chute/{type}" , rotateY: 0 }
	},
	textures: {
		"chute": { base: "game:block/metal/sheet/copper1" },
		"bricks": { "base": "game:block/stone/brick/{rock}1" }
	},
	blockmaterial: "Metal",
	lightAbsorption: 0,
	drawtype: "json",
	replaceable: 160,
	resistance: 1.75,
	sidesolid: {
		all: false
	},
	sideopaque: {
		all: true
	},
	sounds: {
		"place": "game:block/chute",
		"break": "game:block/chute",
		"hit": "game:block/chute",
		"walk": "game:walk/stone"
	},
	collisionselectionboxByType: {
		"*-ud-n": { x1: 0, y1: 0, z1: 0.25, x2: 0.75, y2: 1, z2: 0.75, rotateY: 90 },
		"*-ud-e": { x1: 0, y1: 0, z1: 0.25, x2: 0.75, y2: 1, z2: 0.75, rotateY: 0 },
		"*-ud-s": { x1: 0, y1: 0, z1: 0.25, x2: 0.75, y2: 1, z2: 0.75, rotateY: 270 },
		"*-ud-w": { x1: 0, y1: 0, z1: 0.25, x2: 0.75, y2: 1, z2: 0.75, rotateY: 180 },
		"*-ns": { x1: 0.25, y1: 0.25, z1: 0, x2: 0.75, y2: 1, z2: 1 },
		"*-we": { x1: 0, y1: 0.25, z1: 0.25, x2: 1, y2: 1, z2: 0.75 }
	},
	guiTransform: {
		scale: 1.22
	}
}