{
	code: "hiddenchute",
	class: "BlockChute",
	entityclass: "ItemFlow",
	behaviors: [
		{ name: "Lockable" }
	],
	attributes: {
		"pullFacesByType": {
			"hiddenchute-elbow-*-down-*": ["up"],
			"hiddenchute-elbow-up-*-west": ["west"],
			"hiddenchute-elbow-up-*-east": ["east"],
			"hiddenchute-elbow-up-*-north": ["south"],
			"hiddenchute-elbow-up-*-south": ["north"]
		},
		"pushFacesByType": {
			"hiddenchute-elbow-*-down-*": ["{side}"],
			"hiddenchute-elbow-*-up-*": ["down"]
		},
		"acceptFromFacesByType": {
		},
		"item-flowrate": 1,
		"inventoryClassName": "hiddenchute",
		"quantitySlots": 1,
	},
	variantgroups: [
		{ code: "type", states: ["elbow"] },
		{ "loadFromProperties": "block/rock" },
		{ code: "vertical", states: ["up", "down" ] },
		{ code: "side", states: ["north", "east", "south", "west"] }
	],
	creativeinventory: { "mechanics": ["*-down-east"] },
	shape: {
		base: "block/metal/chute/{type}" 
	},
	shapeinventory: { base: "block/metal/chute/{type}", rotateY: 90  },
	shapebytype: {
		"*-up-north": { base: "block/metal/chute/{type}" , rotateY: 270, rotateZ: 180 },
		"*-up-east": { base: "block/metal/chute/{type}" , rotateY: 0, rotateZ: 180 },
		"*-up-south": { base: "block/metal/chute/{type}" , rotateY: 90, rotateZ: 180 },
		"*-up-west": { base: "block/metal/chute/{type}" , rotateY: 180, rotateZ: 180 },
		
		"*-down-north": { base: "block/metal/chute/{type}" , rotateY: 270 },
		"*-down-east": { base: "block/metal/chute/{type}" , rotateY: 180 },
		"*-down-south": { base: "block/metal/chute/{type}" , rotateY: 90 },
		"*-down-west": { base: "block/metal/chute/{type}" , rotateY: 0 }
	},
	textures: {
		"chute": { base: "game:block/metal/sheet/copper1" },
		"bricks": { "base": "game:block/stone/brick/{rock}1" }
	},
	blockmaterial: "Metal",
	lightAbsorption: 0,
	drawtype: "json",
	replaceable: 160,
	resistance: 1.75,
	sidesolid: {
		all: true
	},
	sideopaque: {
		all: false
	},
	sounds: {
		"place": "game:block/chute",
		"break": "game:block/chute",
		"hit": "game:block/chute",
		"walk": "game:walk/stone"
	},
	collisionselectionboxByType: {
		"hiddenchute-elbow-up-north": { x1: 0.25, y1: 0, z1: 0.25, x2: 1, y2: 0.75, z2: 0.75, rotateY: 270 },
		"hiddenchute-elbow-up-east": { x1: 0.25, y1: 0, z1: 0.25, x2: 1, y2: 0.75, z2: 0.75, rotateY: 0 },
		"hiddenchute-elbow-up-south": { x1: 0.25, y1: 0, z1: 0.25, x2: 1, y2: 0.75, z2: 0.75, rotateY: 90 },
		"hiddenchute-elbow-up-west": { x1: 0.25, y1: 0, z1: 0.25, x2: 1, y2: 0.75, z2: 0.75, rotateY: 180 },
		
		"hiddenchute-elbow-down-north": { x1: 0, y1: 0.25, z1: 0.25, x2: 0.75, y2: 1, z2: 0.75, rotateY: 270 },
		"hiddenchute-elbow-down-east": { x1: 0, y1: 0.25, z1: 0.25, x2: 0.75, y2: 1, z2: 0.75, rotateY: 180 },
		"hiddenchute-elbow-down-south": { x1: 0, y1: 0.25, z1: 0.25, x2: 0.75, y2: 1, z2: 0.75, rotateY: 90 },
		"hiddenchute-elbow-down-west": { x1: 0, y1: 0.25, z1: 0.25, x2: 0.75, y2: 1, z2: 0.75, rotateY: 0 }
	},
	guiTransform: {
		scale: 1.22
	}
}