{
	"code": "electrickiln",
	"class": "ElectricalBlock",
	"entityclass": "BEEKiln",
	"entityBehaviors": [ { "name": "Animatable" } ],
	"creativeinventory": {
		"general": [ "*-east" ],
		"qptech": [ "*-east" ]
	},
	"variantgroups": [
		{
			"code": "type",
			"states": [ "lv" ]
		},
		{
			"code": "side",
			"loadFromProperties": "abstract/horizontalorientation"
		}
	],
	"behaviors": [
		{
			"name": "HorizontalOrientable",
			"properties": { "dropBlockFace": "east" }
		}
	],

	"attributesbytype": {
		"*-lv-*": {
			"maxFlux": 8,
			"capacitance": 8,
			"requiredFlux": 4,
			"receptionFaces": [ "north" ]
		}

	},
	"blockmaterial": "Metal",
	"drawtype": "json",
	"shape": { "base": "block/metal/electric/electrickiln-lv" },
	"shapeByType": {
		"*-north": {
			"base": "block/metal/electric/electrickiln-lv",
			"rotateY": 0
		},
		"*-east": {
			"base": "block/metal/electric/electrickiln-lv",
			"rotateY": 270
		},
		"*-west": {
			"base": "block/metal/electric/electrickiln-lv",
			"rotateY": 90
		},
		"*-south": {
			"base": "block/metal/electric/electrickiln-lv",
			"rotateY": 180
		}
	},
	"textures": {
		"machinery-back": { "base": "block/metal/generator/machinery-back" },
		"machinery-firebox": { "base": "block/metal/firebox/machinery-firebox" },
		"machinery": { "base": "block/machinery" },
		"castiron": { "base": "block/castironpeekaboo" },
		"wires": { "base": "block/metal/wires/tin-wires" }
	},
	"resistance": 1,
	"sideAo": { "all": false },
	"sidesolid": {
		"all": false
	},
	"sideopaque": {
		"all": false
	},
	"sounds": {
		"place": "game:block/anvil",
		"walk": "game:walk/stone"
	}


}