{
	"code": "electriccrucible",
	"class": "BlockElectricCrucible",
	"entityclass": "BEElectricCrucible",
	"creativeinventory": {
		"general": [ "*" ],
		"qptech": [ "*" ]
	},

	"attributes": {


		"maxFlux": 500,

		"capacitance": 2500,

		"distributionFaces": []



	},
	"blockmaterial": "Metal",
	"drawtype": "json",
	"shape": { "base": "block/metal/electric/battery/primitive" },

	"textures": {
		"wires": { "base": "block/metal/wires/tin-wires" },
		"shinybrass": { "base": "block/shinybrass" },
		"machinery-border-small": { "base": "block/metal/metalpress/machinery-border-small" },
		"machinery-back": { "base": "block/metal/generator/machinery-back" },
		"castiron": { "base": "block/castiron" }
	},
	"resistance": 1,
	"sideAo": { "all": false },
	"sidesolid": {
		"all": false
	},
	"sideopaque": {
		"all": false
	},
	"sounds": {
		"place": "game:block/anvil",
		"walk": "game:walk/stone"
	}
}