{
	"code": "generator",
	"class": "ElectricalBlock",
	"entityclass": "BEEGenerator",
	"entityBehaviors": [ { "name": "Animatable" } ],
	"creativeinventory": {
		"general": [ "*-east" ],
		"qptech": [ "*-east" ]
	},
	"attributes": {
		"maxFlux": 4,
		"capacitance": 20,
		"genFlux": 20,
		"distributionFaces": [ "north" ],
		"requiredHeat": 800,
		"heatFace": "down",
		"waterUsage": 1,
		"waterUsePeriod": 0.25,
		"waterFace": "up",
		"pullFaces": [ "up" ],
		"overloadIfNoWater": "true",
		"showFluxDisplay": true,
		"displayOffset": [ 10, 12, 16 ]
	},
	"variantgroups": [
		{
			"code": "type",
			"states": [ "primitive" ]
		},
		{
			"code": "side",
			"loadFromProperties": "abstract/horizontalorientation"
		}
	],
	"behaviors": [
		{
			"name": "HorizontalOrientable",
			"properties": { "dropBlockFace": "east" }
		}
	],
	"textures": {
		"machinery-back": { "base": "block/metal/generator/machinery-back" },
		"fan": { "base": "block/metal/generator/fan" },
		"machinery-gate": { "base": "block/metal/generator/machinery-gate" },
		"machinery-fan": { "base": "block/metal/generator/machinery-fan" },
		"machinery-glass": { "base": "block/metal/generator/machinery-glass" },
		"machinery-top": { "base": "block/metal/generator/machinery-top" },
		"machinery": { "base": "block/metal/generator/machinery-border-small" },
		"bronze": { "base": "game:block/metal/sheet/tinbronze1" },
		"wires": { "base": "block/metal/wires/tin-wires" }
	},
	"blockmaterial": "Metal",
	"drawtype": "json",
	"shape": { "base": "block/metal/electric/generator" },
	"shapeByType": {
		"*-north": {
			"base": "block/metal/electric/generator",
			"rotateY": 0
		},
		"*-east": {
			"base": "block/metal/electric/generator",
			"rotateY": 270
		},
		"*-west": {
			"base": "block/metal/electric/generator",
			"rotateY": 90
		},
		"*-south": {
			"base": "block/metal/electric/generator",
			"rotateY": 180
		}
	},

	"resistance": 1,
	"sidesolid": {
		"all": false,
		"up": true
	},
	"sideAo": { "all": false },
	"sideopaque": {
		"all": false
	},
	"sounds": {
		"place": "game:block/anvil",
		"walk": "game:walk/stone"
	}
}