{
	"editor": {
		"allAngles": false,
		"entityTextureMode": false
	},
	"textureWidth": 16,
	"textureHeight": 16,
	"textureSizes": {
	},
	"textures": {
		"machinery-bighatch": "block/machinery-bighatch",
		"machinery": "block/machinery"
	},
	"elements": [
		{
			"name": "Bottom",
			"from": [ 15.0, 0.0, 1.0 ], 
			"to": [ 29.0, 1.0, 15.0 ], 
			"rotationOrigin": [ 15.0, 0.0, 1.0 ],
			"rotationY": -89.9802127184967,
			"faces": {
				"north": { "texture": "#machinery", "uv": [ 0.0, 0.0, 14.0, 1.0 ] },
				"east": { "texture": "#machinery", "uv": [ 0.0, 0.0, 14.0, 1.0 ] },
				"south": { "texture": "#machinery", "uv": [ 0.0, 0.0, 14.0, 1.0 ] },
				"west": { "texture": "#machinery", "uv": [ 0.0, 0.0, 14.0, 1.0 ] },
				"up": { "texture": "#machinery-bighatch", "uv": [ 1.0, 1.0, 15.0, 15.0 ] },
				"down": { "texture": "#machinery-bighatch", "uv": [ 0.0, 0.0, 16.0, 16.0 ], "autoUv": false }
			},
			"children": [
				{
					"name": "Top",
					"from": [ -1.0, 15.0, -1.0 ], 
					"to": [ 15.0, 16.0, 15.0 ], 
					"rotationOrigin": [ -1.0, 15.0, -1.0 ],
					"faces": {
						"north": { "texture": "#machinery", "uv": [ 0.0, 0.0, 16.0, 1.0 ] },
						"east": { "texture": "#machinery", "uv": [ 0.0, 0.0, 16.0, 1.0 ] },
						"south": { "texture": "#machinery", "uv": [ 0.0, 0.0, 16.0, 1.0 ] },
						"west": { "texture": "#machinery", "uv": [ 0.0, 0.0, 16.0, 1.0 ] },
						"up": { "texture": "#machinery-bighatch", "uv": [ 0.0, 0.0, 16.0, 16.0 ] },
						"down": { "texture": "#machinery-bighatch", "uv": [ 0.0, 0.0, 16.0, 16.0 ], "autoUv": false }
					}
				},
				{
					"name": "InputHatch",
					"from": [ 1.0, 1.0, 4.0 ], 
					"to": [ 7.0, 3.0, 10.0 ], 
					"rotationOrigin": [ 1.0, 1.0, 4.0 ],
					"rotationZ": 90.0,
					"faces": {
						"north": { "texture": "#machinery", "uv": [ 0.0, 0.0, 6.0, 1.0 ], "autoUv": false },
						"east": { "texture": "#machinery", "uv": [ 0.0, 0.0, 6.0, 2.0 ] },
						"south": { "texture": "#machinery", "uv": [ 0.0, 0.0, 6.0, 2.0 ] },
						"west": { "texture": "#machinery", "uv": [ 0.0, 0.0, 6.0, 2.0 ] },
						"up": { "texture": "#machinery-bighatch", "uv": [ 0.0, 0.0, 16.0, 16.0 ], "autoUv": false },
						"down": { "texture": "#machinery-bighatch", "uv": [ 0.0, 0.0, 16.0, 16.0 ], "autoUv": false }
					},
					"children": [
						{
							"name": "bottom frame5",
							"from": [ 0.0, -1.0, 5.0 ], 
							"to": [ 14.0, 0.0, 8.0 ], 
							"rotationOrigin": [ 0.0, -1.0, 5.0 ],
							"rotationZ": 2.035554884372015E-13,
							"faces": {
								"north": { "texture": "#machinery", "uv": [ 4.5, 6.0, 10.5, 7.0 ], "autoUv": false },
								"east": { "texture": "#machinery", "uv": [ 3.5, 3.5, 6.5, 4.5 ] },
								"south": { "texture": "#machinery", "uv": [ 1.0, 6.0, 15.0, 7.0 ] },
								"west": { "texture": "#machinery", "uv": [ 4.0, 5.0, 7.0, 6.0 ] },
								"up": { "texture": "#machinery", "uv": [ 1.0, 6.5, 15.0, 9.5 ] },
								"down": { "texture": "#machinery", "uv": [ 1.0, 6.5, 15.0, 9.5 ] }
							}
						},
						{
							"name": "bottom frame6",
							"from": [ 0.0, -1.0, -2.0 ], 
							"to": [ 14.0, 0.0, 1.0 ], 
							"rotationOrigin": [ 0.0, -1.0, -2.0 ],
							"rotationZ": 2.035554884372015E-13,
							"faces": {
								"north": { "texture": "#machinery", "uv": [ 4.5, 6.0, 10.5, 7.0 ], "autoUv": false },
								"east": { "texture": "#machinery", "uv": [ 3.5, 3.5, 6.5, 4.5 ] },
								"south": { "texture": "#machinery", "uv": [ 1.0, 6.0, 15.0, 7.0 ] },
								"west": { "texture": "#machinery", "uv": [ 4.0, 5.0, 7.0, 6.0 ] },
								"up": { "texture": "#machinery", "uv": [ 1.0, 6.5, 15.0, 9.5 ] },
								"down": { "texture": "#machinery", "uv": [ 1.0, 6.5, 15.0, 9.5 ] }
							}
						},
						{
							"name": "bottom frame7",
							"from": [ 5.0, -1.0, 2.0 ], 
							"to": [ 14.0, 0.0, 4.0 ], 
							"rotationOrigin": [ 5.0, -1.0, 2.0 ],
							"rotationZ": 2.035554884372015E-13,
							"faces": {
								"north": { "texture": "#machinery", "uv": [ 4.5, 6.0, 10.5, 7.0 ], "autoUv": false },
								"east": { "texture": "#machinery", "uv": [ 3.5, 3.5, 5.5, 4.5 ] },
								"south": { "texture": "#machinery", "uv": [ 1.0, 6.0, 10.0, 7.0 ] },
								"west": { "texture": "#machinery", "uv": [ 4.0, 5.0, 6.0, 6.0 ] },
								"up": { "texture": "#machinery", "uv": [ 1.0, 6.5, 10.0, 8.5 ] },
								"down": { "texture": "#machinery", "uv": [ 1.0, 6.5, 10.0, 8.5 ] }
							}
						}
					]
				},
				{
					"name": "InputHatch7",
					"from": [ 4.0, 1.0, 13.0 ], 
					"to": [ 10.0, 3.0, 19.0 ], 
					"rotationOrigin": [ 4.0, 1.0, 13.0 ],
					"rotationY": 90.0,
					"rotationZ": 90.0,
					"faces": {
						"north": { "texture": "#machinery", "uv": [ 0.0, 0.0, 6.0, 1.0 ], "autoUv": false },
						"east": { "texture": "#machinery", "uv": [ 0.0, 0.0, 6.0, 2.0 ] },
						"south": { "texture": "#machinery", "uv": [ 0.0, 0.0, 6.0, 2.0 ] },
						"west": { "texture": "#machinery", "uv": [ 0.0, 0.0, 6.0, 2.0 ] },
						"up": { "texture": "#machinery-bighatch", "uv": [ 0.0, 0.0, 16.0, 16.0 ], "autoUv": false },
						"down": { "texture": "#machinery-bighatch", "uv": [ 0.0, 0.0, 16.0, 16.0 ], "autoUv": false }
					},
					"children": [
						{
							"name": "bottom frame8",
							"from": [ 0.0, -1.0, 5.0 ], 
							"to": [ 14.0, 0.0, 8.0 ], 
							"rotationOrigin": [ 0.0, -1.0, 5.0 ],
							"rotationZ": 2.035554884372015E-13,
							"faces": {
								"north": { "texture": "#machinery", "uv": [ 4.5, 6.0, 10.5, 7.0 ], "autoUv": false },
								"east": { "texture": "#machinery", "uv": [ 3.5, 3.5, 6.5, 4.5 ] },
								"south": { "texture": "#machinery", "uv": [ 1.0, 6.0, 15.0, 7.0 ] },
								"west": { "texture": "#machinery", "uv": [ 4.0, 5.0, 7.0, 6.0 ] },
								"up": { "texture": "#machinery", "uv": [ 1.0, 6.5, 15.0, 9.5 ] },
								"down": { "texture": "#machinery", "uv": [ 1.0, 6.5, 15.0, 9.5 ] }
							}
						},
						{
							"name": "bottom frame9",
							"from": [ 0.0, -1.0, -2.0 ], 
							"to": [ 14.0, 0.0, 1.0 ], 
							"rotationOrigin": [ 0.0, -1.0, -2.0 ],
							"rotationZ": 2.035554884372015E-13,
							"faces": {
								"north": { "texture": "#machinery", "uv": [ 4.5, 6.0, 10.5, 7.0 ], "autoUv": false },
								"east": { "texture": "#machinery", "uv": [ 3.5, 3.5, 6.5, 4.5 ] },
								"south": { "texture": "#machinery", "uv": [ 1.0, 6.0, 15.0, 7.0 ] },
								"west": { "texture": "#machinery", "uv": [ 4.0, 5.0, 7.0, 6.0 ] },
								"up": { "texture": "#machinery", "uv": [ 1.0, 6.5, 15.0, 9.5 ] },
								"down": { "texture": "#machinery", "uv": [ 1.0, 6.5, 15.0, 9.5 ] }
							}
						},
						{
							"name": "bottom frame10",
							"from": [ 5.0, -1.0, 2.0 ], 
							"to": [ 14.0, 0.0, 4.0 ], 
							"rotationOrigin": [ 5.0, -1.0, 2.0 ],
							"rotationZ": 2.035554884372015E-13,
							"faces": {
								"north": { "texture": "#machinery", "uv": [ 4.5, 6.0, 10.5, 7.0 ], "autoUv": false },
								"east": { "texture": "#machinery", "uv": [ 3.5, 3.5, 5.5, 4.5 ] },
								"south": { "texture": "#machinery", "uv": [ 1.0, 6.0, 10.0, 7.0 ] },
								"west": { "texture": "#machinery", "uv": [ 4.0, 5.0, 6.0, 6.0 ] },
								"up": { "texture": "#machinery", "uv": [ 1.0, 6.5, 10.0, 8.5 ] },
								"down": { "texture": "#machinery", "uv": [ 1.0, 6.5, 10.0, 8.5 ] }
							}
						}
					]
				},
				{
					"name": "InputHatch11",
					"from": [ 13.0, 1.0, 10.0 ], 
					"to": [ 19.0, 3.0, 16.0 ], 
					"rotationOrigin": [ 13.0, 1.0, 10.0 ],
					"rotationY": 180.0,
					"rotationZ": 90.0,
					"faces": {
						"north": { "texture": "#machinery", "uv": [ 0.0, 0.0, 6.0, 1.0 ], "autoUv": false },
						"east": { "texture": "#machinery", "uv": [ 0.0, 0.0, 6.0, 2.0 ] },
						"south": { "texture": "#machinery", "uv": [ 0.0, 0.0, 6.0, 2.0 ] },
						"west": { "texture": "#machinery", "uv": [ 0.0, 0.0, 6.0, 2.0 ] },
						"up": { "texture": "#machinery-bighatch", "uv": [ 0.0, 0.0, 16.0, 16.0 ], "autoUv": false },
						"down": { "texture": "#machinery-bighatch", "uv": [ 0.0, 0.0, 16.0, 16.0 ], "autoUv": false }
					},
					"children": [
						{
							"name": "bottom frame12",
							"from": [ 0.0, -1.0, 5.0 ], 
							"to": [ 14.0, 0.0, 8.0 ], 
							"rotationOrigin": [ 0.0, -1.0, 5.0 ],
							"rotationZ": 2.035554884372015E-13,
							"faces": {
								"north": { "texture": "#machinery", "uv": [ 4.5, 6.0, 10.5, 7.0 ], "autoUv": false },
								"east": { "texture": "#machinery", "uv": [ 3.5, 3.5, 6.5, 4.5 ] },
								"south": { "texture": "#machinery", "uv": [ 1.0, 6.0, 15.0, 7.0 ] },
								"west": { "texture": "#machinery", "uv": [ 4.0, 5.0, 7.0, 6.0 ] },
								"up": { "texture": "#machinery", "uv": [ 1.0, 6.5, 15.0, 9.5 ] },
								"down": { "texture": "#machinery", "uv": [ 1.0, 6.5, 15.0, 9.5 ] }
							}
						},
						{
							"name": "bottom frame13",
							"from": [ 0.0, -1.0, -2.0 ], 
							"to": [ 14.0, 0.0, 1.0 ], 
							"rotationOrigin": [ 0.0, -1.0, -2.0 ],
							"rotationZ": 2.035554884372015E-13,
							"faces": {
								"north": { "texture": "#machinery", "uv": [ 4.5, 6.0, 10.5, 7.0 ], "autoUv": false },
								"east": { "texture": "#machinery", "uv": [ 3.5, 3.5, 6.5, 4.5 ] },
								"south": { "texture": "#machinery", "uv": [ 1.0, 6.0, 15.0, 7.0 ] },
								"west": { "texture": "#machinery", "uv": [ 4.0, 5.0, 7.0, 6.0 ] },
								"up": { "texture": "#machinery", "uv": [ 1.0, 6.5, 15.0, 9.5 ] },
								"down": { "texture": "#machinery", "uv": [ 1.0, 6.5, 15.0, 9.5 ] }
							}
						},
						{
							"name": "bottom frame14",
							"from": [ 5.0, -1.0, 2.0 ], 
							"to": [ 14.0, 0.0, 4.0 ], 
							"rotationOrigin": [ 5.0, -1.0, 2.0 ],
							"rotationZ": 2.035554884372015E-13,
							"faces": {
								"north": { "texture": "#machinery", "uv": [ 4.5, 6.0, 10.5, 7.0 ], "autoUv": false },
								"east": { "texture": "#machinery", "uv": [ 3.5, 3.5, 5.5, 4.5 ] },
								"south": { "texture": "#machinery", "uv": [ 1.0, 6.0, 10.0, 7.0 ] },
								"west": { "texture": "#machinery", "uv": [ 4.0, 5.0, 6.0, 6.0 ] },
								"up": { "texture": "#machinery", "uv": [ 1.0, 6.5, 10.0, 8.5 ] },
								"down": { "texture": "#machinery", "uv": [ 1.0, 6.5, 10.0, 8.5 ] }
							}
						}
					]
				},
				{
					"name": "InputHatch15",
					"from": [ 10.0, 1.0, 1.0 ], 
					"to": [ 16.0, 3.0, 7.0 ], 
					"rotationOrigin": [ 10.0, 1.0, 1.0 ],
					"rotationY": -90.0,
					"rotationZ": 90.0,
					"faces": {
						"north": { "texture": "#machinery", "uv": [ 0.0, 0.0, 6.0, 1.0 ], "autoUv": false },
						"east": { "texture": "#machinery", "uv": [ 0.0, 0.0, 6.0, 2.0 ] },
						"south": { "texture": "#machinery", "uv": [ 0.0, 0.0, 6.0, 2.0 ] },
						"west": { "texture": "#machinery", "uv": [ 0.0, 0.0, 6.0, 2.0 ] },
						"up": { "texture": "#machinery-bighatch", "uv": [ 0.0, 0.0, 16.0, 16.0 ], "autoUv": false },
						"down": { "texture": "#machinery-bighatch", "uv": [ 0.0, 0.0, 16.0, 16.0 ], "autoUv": false }
					},
					"children": [
						{
							"name": "bottom frame16",
							"from": [ 0.0, -1.0, 5.0 ], 
							"to": [ 14.0, 0.0, 8.0 ], 
							"rotationOrigin": [ 0.0, -1.0, 5.0 ],
							"rotationZ": 2.035554884372015E-13,
							"faces": {
								"north": { "texture": "#machinery", "uv": [ 4.5, 6.0, 10.5, 7.0 ], "autoUv": false },
								"east": { "texture": "#machinery", "uv": [ 3.5, 3.5, 6.5, 4.5 ] },
								"south": { "texture": "#machinery", "uv": [ 1.0, 6.0, 15.0, 7.0 ] },
								"west": { "texture": "#machinery", "uv": [ 4.0, 5.0, 7.0, 6.0 ] },
								"up": { "texture": "#machinery", "uv": [ 1.0, 6.5, 15.0, 9.5 ] },
								"down": { "texture": "#machinery", "uv": [ 1.0, 6.5, 15.0, 9.5 ] }
							}
						},
						{
							"name": "bottom frame17",
							"from": [ 0.0, -1.0, -2.0 ], 
							"to": [ 14.0, 0.0, 1.0 ], 
							"rotationOrigin": [ 0.0, -1.0, -2.0 ],
							"rotationZ": 2.035554884372015E-13,
							"faces": {
								"north": { "texture": "#machinery", "uv": [ 4.5, 6.0, 10.5, 7.0 ], "autoUv": false },
								"east": { "texture": "#machinery", "uv": [ 3.5, 3.5, 6.5, 4.5 ] },
								"south": { "texture": "#machinery", "uv": [ 1.0, 6.0, 15.0, 7.0 ] },
								"west": { "texture": "#machinery", "uv": [ 4.0, 5.0, 7.0, 6.0 ] },
								"up": { "texture": "#machinery", "uv": [ 1.0, 6.5, 15.0, 9.5 ] },
								"down": { "texture": "#machinery", "uv": [ 1.0, 6.5, 15.0, 9.5 ] }
							}
						},
						{
							"name": "bottom frame18",
							"from": [ 5.0, -1.0, 2.0 ], 
							"to": [ 14.0, 0.0, 4.0 ], 
							"rotationOrigin": [ 5.0, -1.0, 2.0 ],
							"rotationZ": 2.035554884372015E-13,
							"faces": {
								"north": { "texture": "#machinery", "uv": [ 4.5, 6.0, 10.5, 7.0 ], "autoUv": false },
								"east": { "texture": "#machinery", "uv": [ 3.5, 3.5, 5.5, 4.5 ] },
								"south": { "texture": "#machinery", "uv": [ 1.0, 6.0, 10.0, 7.0 ] },
								"west": { "texture": "#machinery", "uv": [ 4.0, 5.0, 6.0, 6.0 ] },
								"up": { "texture": "#machinery", "uv": [ 1.0, 6.5, 10.0, 8.5 ] },
								"down": { "texture": "#machinery", "uv": [ 1.0, 6.5, 10.0, 8.5 ] }
							}
						}
					]
				}
			]
		}
	]}