{
	"editor": {
		"allAngles": false,
		"entityTextureMode": false
	},
	"textureWidth": 16,
	"textureHeight": 16,
	"textureSizes": {
	},
	"textures": {
	},
	"elements": [
		{
			"name": "Frame Main",
			"from": [ 6.0, -1.0, 0.0 ], 
			"to": [ 6.0, -1.0, 0.0 ], 
			"rotationOrigin": [ 6.0, -1.0, 0.0 ],
			"faces": {
				"north": { "texture": "#null", "uv": [ 0.0, 0.0, 0.5, 0.5 ] },
				"east": { "texture": "#null", "uv": [ 0.0, 0.0, 0.5, 0.5 ] },
				"south": { "texture": "#null", "uv": [ 0.0, 0.0, 0.5, 0.5 ] },
				"west": { "texture": "#null", "uv": [ 0.0, 0.0, 0.5, 0.5 ] },
				"up": { "texture": "#null", "uv": [ 0.0, 0.0, 0.5, 0.5 ] },
				"down": { "texture": "#null", "uv": [ 0.0, 0.0, 0.5, 0.5 ] }
			},
			"children": [
				{
					"name": "Frame Floor",
					"from": [ -10.0, 3.0, 1.0 ], 
					"to": [ 10.0, 3.5, 13.0 ], 
					"rotationOrigin": [ -10.0, 3.0, 1.0 ],
					"faces": {
						"north": { "texture": "#null", "uv": [ 0.0, 0.0, 20.0, 0.5 ] },
						"east": { "texture": "#null", "uv": [ 0.0, 0.0, 12.0, 0.5 ] },
						"south": { "texture": "#null", "uv": [ 0.0, 0.0, 20.0, 0.5 ] },
						"west": { "texture": "#null", "uv": [ 0.0, 0.0, 12.0, 0.5 ] },
						"up": { "texture": "#null", "uv": [ 0.0, 0.0, 20.0, 12.0 ] },
						"down": { "texture": "#null", "uv": [ 0.0, 0.0, 20.0, 12.0 ] }
					},
					"children": [
						{
							"name": "Feet F E",
							"from": [ 19.0, -2.0, 11.7 ], 
							"to": [ 20.0, 0.0, 12.0 ], 
							"rotationOrigin": [ 19.0, -2.0, 11.0 ],
							"faces": {
								"north": { "texture": "#null", "uv": [ 0.0, 0.0, 1.0, 2.0 ] },
								"east": { "texture": "#null", "uv": [ 0.0, 0.0, 0.5, 2.0 ] },
								"south": { "texture": "#null", "uv": [ 0.0, 0.0, 1.0, 2.0 ] },
								"west": { "texture": "#null", "uv": [ 0.0, 0.0, 0.5, 2.0 ] },
								"up": { "texture": "#null", "uv": [ 0.0, 0.0, 1.0, 0.5 ] },
								"down": { "texture": "#null", "uv": [ 0.0, 0.0, 1.0, 0.5 ] }
							},
							"children": [
								{
									"name": "Feet F E Part",
									"from": [ 0.7, 0.0, -0.4 ], 
									"to": [ 1.0, 2.0, 0.1 ], 
									"rotationOrigin": [ 0.0, 0.0, -1.6 ],
									"faces": {
										"north": { "texture": "#null", "uv": [ 0.0, 0.0, 0.5, 2.0 ] },
										"east": { "texture": "#null", "uv": [ 0.0, 0.0, 0.5, 2.0 ] },
										"south": { "texture": "#null", "uv": [ 0.0, 0.0, 0.5, 2.0 ] },
										"west": { "texture": "#null", "uv": [ 0.0, 0.0, 0.5, 2.0 ] },
										"up": { "texture": "#null", "uv": [ 0.0, 0.0, 0.5, 0.5 ] },
										"down": { "texture": "#null", "uv": [ 0.0, 0.0, 0.5, 0.5 ] }
									}
								}
							]
						},
						{
							"name": "Feet F W",
							"from": [ 0.0, -2.0, 11.7 ], 
							"to": [ 1.0, 0.0, 12.0 ], 
							"rotationOrigin": [ 0.0, -2.0, 11.0 ],
							"faces": {
								"north": { "texture": "#null", "uv": [ 0.0, 0.0, 1.0, 2.0 ] },
								"east": { "texture": "#null", "uv": [ 0.0, 0.0, 0.5, 2.0 ] },
								"south": { "texture": "#null", "uv": [ 0.0, 0.0, 1.0, 2.0 ] },
								"west": { "texture": "#null", "uv": [ 0.0, 0.0, 0.5, 2.0 ] },
								"up": { "texture": "#null", "uv": [ 0.0, 0.0, 1.0, 0.5 ] },
								"down": { "texture": "#null", "uv": [ 0.0, 0.0, 1.0, 0.5 ] }
							},
							"children": [
								{
									"name": "Feet F W Part",
									"from": [ 0.0, 0.0, -0.4 ], 
									"to": [ 0.3, 2.0, 0.1 ], 
									"rotationOrigin": [ -1.0, 0.0, -1.6 ],
									"faces": {
										"north": { "texture": "#null", "uv": [ 0.0, 0.0, 0.5, 2.0 ] },
										"east": { "texture": "#null", "uv": [ 0.0, 0.0, 0.5, 2.0 ] },
										"south": { "texture": "#null", "uv": [ 0.0, 0.0, 0.5, 2.0 ] },
										"west": { "texture": "#null", "uv": [ 0.0, 0.0, 0.5, 2.0 ] },
										"up": { "texture": "#null", "uv": [ 0.0, 0.0, 0.5, 0.5 ] },
										"down": { "texture": "#null", "uv": [ 0.0, 0.0, 0.5, 0.5 ] }
									}
								}
							]
						},
						{
							"name": "Feet B E",
							"from": [ 19.2, -2.0, 0.0 ], 
							"to": [ 19.7, 0.0, 0.3 ], 
							"rotationOrigin": [ 19.1, -2.0, 0.0 ],
							"faces": {
								"north": { "texture": "#null", "uv": [ 0.0, 0.0, 0.5, 2.0 ] },
								"east": { "texture": "#null", "uv": [ 0.0, 0.0, 0.5, 2.0 ] },
								"south": { "texture": "#null", "uv": [ 0.0, 0.0, 0.5, 2.0 ] },
								"west": { "texture": "#null", "uv": [ 0.0, 0.0, 0.5, 2.0 ] },
								"up": { "texture": "#null", "uv": [ 0.0, 0.0, 0.5, 0.5 ] },
								"down": { "texture": "#null", "uv": [ 0.0, 0.0, 0.5, 0.5 ] }
							},
							"children": [
								{
									"name": "Feet B E Part",
									"from": [ 0.5, 0.0, 0.0 ], 
									"to": [ 0.8, 2.0, 1.0 ], 
									"rotationOrigin": [ -0.2, 0.0, -2.2 ],
									"faces": {
										"north": { "texture": "#null", "uv": [ 0.0, 0.0, 0.5, 2.0 ] },
										"east": { "texture": "#null", "uv": [ 0.0, 0.0, 1.0, 2.0 ] },
										"south": { "texture": "#null", "uv": [ 0.0, 0.0, 0.5, 2.0 ] },
										"west": { "texture": "#null", "uv": [ 0.0, 0.0, 1.0, 2.0 ] },
										"up": { "texture": "#null", "uv": [ 0.0, 0.0, 0.5, 1.0 ] },
										"down": { "texture": "#null", "uv": [ 0.0, 0.0, 0.5, 1.0 ] }
									}
								}
							]
						},
						{
							"name": "Feet B W",
							"from": [ 0.0, -2.0, 0.0 ], 
							"to": [ 1.0, 0.0, 0.3 ], 
							"rotationOrigin": [ 0.1, -2.0, 0.0 ],
							"faces": {
								"north": { "texture": "#null", "uv": [ 0.0, 0.0, 1.0, 2.0 ] },
								"east": { "texture": "#null", "uv": [ 0.0, 0.0, 0.5, 2.0 ] },
								"south": { "texture": "#null", "uv": [ 0.0, 0.0, 1.0, 2.0 ] },
								"west": { "texture": "#null", "uv": [ 0.0, 0.0, 0.5, 2.0 ] },
								"up": { "texture": "#null", "uv": [ 0.0, 0.0, 1.0, 0.5 ] },
								"down": { "texture": "#null", "uv": [ 0.0, 0.0, 1.0, 0.5 ] }
							},
							"children": [
								{
									"name": "Feet B W Part",
									"from": [ 0.0, 0.0, 0.3 ], 
									"to": [ 0.3, 2.0, 0.8 ], 
									"rotationOrigin": [ -0.2, 0.0, -2.2 ],
									"faces": {
										"north": { "texture": "#null", "uv": [ 0.0, 0.0, 0.5, 2.0 ] },
										"east": { "texture": "#null", "uv": [ 0.0, 0.0, 0.5, 2.0 ] },
										"south": { "texture": "#null", "uv": [ 0.0, 0.0, 0.5, 2.0 ] },
										"west": { "texture": "#null", "uv": [ 0.0, 0.0, 0.5, 2.0 ] },
										"up": { "texture": "#null", "uv": [ 0.0, 0.0, 0.5, 0.5 ] },
										"down": { "texture": "#null", "uv": [ 0.0, 0.0, 0.5, 0.5 ] }
									}
								}
							]
						}
					]
				},
				{
					"name": "Frame Door Main L ",
					"from": [ -10.0, 3.5, 12.5 ], 
					"to": [ -10.0, 3.5, 12.5 ], 
					"rotationOrigin": [ -10.0, 3.5, 12.5 ],
					"faces": {
						"north": { "texture": "#null", "uv": [ 0.0, 0.0, 0.5, 0.5 ] },
						"east": { "texture": "#null", "uv": [ 0.0, 0.0, 0.5, 0.5 ] },
						"south": { "texture": "#null", "uv": [ 0.0, 0.0, 0.5, 0.5 ] },
						"west": { "texture": "#null", "uv": [ 0.0, 0.0, 0.5, 0.5 ] },
						"up": { "texture": "#null", "uv": [ 0.0, 0.0, 0.5, 0.5 ] },
						"down": { "texture": "#null", "uv": [ 0.0, 0.0, 0.5, 0.5 ] }
					},
					"children": [
						{
							"name": "Cube4",
							"from": [ 0.0, 0.0, 0.0 ], 
							"to": [ 10.0, 1.0, 0.5 ], 
							"rotationOrigin": [ 0.0, -0.5, -0.5 ],
							"faces": {
								"north": { "texture": "#null", "uv": [ 0.0, 0.0, 10.0, 1.0 ] },
								"east": { "texture": "#null", "uv": [ 0.0, 0.0, 0.5, 1.0 ] },
								"south": { "texture": "#null", "uv": [ 0.0, 0.0, 10.0, 1.0 ] },
								"west": { "texture": "#null", "uv": [ 0.0, 0.0, 0.5, 1.0 ] },
								"up": { "texture": "#null", "uv": [ 0.0, 0.0, 10.0, 0.5 ] },
								"down": { "texture": "#null", "uv": [ 0.0, 0.0, 10.0, 0.5 ] }
							}
						},
						{
							"name": "Cube5",
							"from": [ 0.0, 7.5, 0.0 ], 
							"to": [ 10.0, 8.5, 0.5 ], 
							"rotationOrigin": [ 0.0, 7.5, -0.5 ],
							"faces": {
								"north": { "texture": "#null", "uv": [ 0.0, 0.0, 10.0, 1.0 ] },
								"east": { "texture": "#null", "uv": [ 0.0, 0.0, 0.5, 1.0 ] },
								"south": { "texture": "#null", "uv": [ 0.0, 0.0, 10.0, 1.0 ] },
								"west": { "texture": "#null", "uv": [ 0.0, 0.0, 0.5, 1.0 ] },
								"up": { "texture": "#null", "uv": [ 0.0, 0.0, 10.0, 0.5 ] },
								"down": { "texture": "#null", "uv": [ 0.0, 0.0, 10.0, 0.5 ] }
							}
						},
						{
							"name": "Cube6",
							"from": [ 0.0, 1.0, 0.0 ], 
							"to": [ 1.0, 7.5, 0.5 ], 
							"rotationOrigin": [ 0.0, 1.5, -0.5 ],
							"faces": {
								"north": { "texture": "#null", "uv": [ 0.0, 0.0, 1.0, 6.5 ] },
								"east": { "texture": "#null", "uv": [ 0.0, 0.0, 0.5, 6.5 ] },
								"south": { "texture": "#null", "uv": [ 0.0, 0.0, 1.0, 6.5 ] },
								"west": { "texture": "#null", "uv": [ 0.0, 0.0, 0.5, 6.5 ] },
								"up": { "texture": "#null", "uv": [ 0.0, 0.0, 1.0, 0.5 ] },
								"down": { "texture": "#null", "uv": [ 0.0, 0.0, 1.0, 0.5 ] }
							}
						},
						{
							"name": "Cube7",
							"from": [ 9.0, 1.0, 0.0 ], 
							"to": [ 10.0, 7.5, 0.5 ], 
							"rotationOrigin": [ 9.0, 1.5, -0.5 ],
							"faces": {
								"north": { "texture": "#null", "uv": [ 0.0, 0.0, 1.0, 6.5 ] },
								"east": { "texture": "#null", "uv": [ 0.0, 0.0, 0.5, 6.5 ] },
								"south": { "texture": "#null", "uv": [ 0.0, 0.0, 1.0, 6.5 ] },
								"west": { "texture": "#null", "uv": [ 0.0, 0.0, 0.5, 6.5 ] },
								"up": { "texture": "#null", "uv": [ 0.0, 0.0, 1.0, 0.5 ] },
								"down": { "texture": "#null", "uv": [ 0.0, 0.0, 1.0, 0.5 ] }
							}
						},
						{
							"name": "Door",
							"from": [ 1.0, 1.0, 0.0 ], 
							"to": [ 9.0, 7.5, 0.5 ], 
							"rotationOrigin": [ 1.0, 1.0, 0.0 ],
							"faces": {
								"north": { "texture": "#null", "uv": [ 0.0, 0.0, 8.0, 6.5 ] },
								"east": { "texture": "#null", "uv": [ 0.0, 0.0, 0.5, 6.5 ] },
								"south": { "texture": "#null", "uv": [ 0.0, 0.0, 8.0, 6.5 ] },
								"west": { "texture": "#null", "uv": [ 0.0, 0.0, 0.5, 6.5 ] },
								"up": { "texture": "#null", "uv": [ 0.0, 0.0, 8.0, 0.5 ] },
								"down": { "texture": "#null", "uv": [ 0.0, 0.0, 8.0, 0.5 ] }
							},
							"children": [
								{
									"name": "Door Part 1",
									"from": [ 0.0, -0.5, 0.4 ], 
									"to": [ 9.0, 7.0, 0.6 ], 
									"rotationOrigin": [ 0.0, 0.0, 1.0 ],
									"faces": {
										"north": { "texture": "#null", "uv": [ 0.0, 0.0, 9.0, 7.5 ] },
										"east": { "texture": "#null", "uv": [ 0.0, 0.0, 0.5, 7.5 ] },
										"south": { "texture": "#null", "uv": [ 0.0, 0.0, 9.0, 7.5 ] },
										"west": { "texture": "#null", "uv": [ 0.0, 0.0, 0.5, 7.5 ] },
										"up": { "texture": "#null", "uv": [ 0.0, 0.0, 9.0, 0.5 ] },
										"down": { "texture": "#null", "uv": [ 0.0, 0.0, 9.0, 0.5 ] }
									}
								}
							]
						},
						{
							"name": "Tray M",
							"from": [ 0.5, 4.0, -11.0 ], 
							"to": [ 9.5, 4.2, -0.5 ], 
							"rotationOrigin": [ 0.0, 4.0, -11.5 ],
							"faces": {
								"north": { "texture": "#null", "uv": [ 0.0, 0.0, 9.0, 0.5 ] },
								"east": { "texture": "#null", "uv": [ 0.0, 0.0, 10.5, 0.5 ] },
								"south": { "texture": "#null", "uv": [ 0.0, 0.0, 9.0, 0.5 ] },
								"west": { "texture": "#null", "uv": [ 0.0, 0.0, 10.5, 0.5 ] },
								"up": { "texture": "#null", "uv": [ 0.0, 0.0, 9.0, 10.5 ] },
								"down": { "texture": "#null", "uv": [ 0.0, 0.0, 9.0, 10.5 ] }
							}
						},
						{
							"name": "Tray B",
							"from": [ 0.5, 2.0, -11.0 ], 
							"to": [ 9.5, 2.2, -0.5 ], 
							"rotationOrigin": [ 0.0, 2.0, -11.5 ],
							"faces": {
								"north": { "texture": "#null", "uv": [ 0.0, 0.0, 9.0, 0.5 ] },
								"east": { "texture": "#null", "uv": [ 0.0, 0.0, 10.5, 0.5 ] },
								"south": { "texture": "#null", "uv": [ 0.0, 0.0, 9.0, 0.5 ] },
								"west": { "texture": "#null", "uv": [ 0.0, 0.0, 10.5, 0.5 ] },
								"up": { "texture": "#null", "uv": [ 0.0, 0.0, 9.0, 10.5 ] },
								"down": { "texture": "#null", "uv": [ 0.0, 0.0, 9.0, 10.5 ] }
							}
						},
						{
							"name": "Tray T",
							"from": [ 0.5, 6.0, -11.0 ], 
							"to": [ 9.5, 6.2, -0.5 ], 
							"rotationOrigin": [ 0.0, 6.0, -10.5 ],
							"faces": {
								"north": { "texture": "#null", "uv": [ 0.0, 0.0, 9.0, 0.5 ] },
								"east": { "texture": "#null", "uv": [ 0.0, 0.0, 10.5, 0.5 ] },
								"south": { "texture": "#null", "uv": [ 0.0, 0.0, 9.0, 0.5 ] },
								"west": { "texture": "#null", "uv": [ 0.0, 0.0, 10.5, 0.5 ] },
								"up": { "texture": "#null", "uv": [ 0.0, 0.0, 9.0, 10.5 ] },
								"down": { "texture": "#null", "uv": [ 0.0, 0.0, 9.0, 10.5 ] }
							}
						}
					]
				},
				{
					"name": "Frame S",
					"from": [ 6.0, 3.5, 12.5 ], 
					"to": [ 10.0, 12.0, 13.0 ], 
					"rotationOrigin": [ 6.0, 3.5, 12.5 ],
					"faces": {
						"north": { "texture": "#null", "uv": [ 0.0, 0.0, 4.0, 8.5 ] },
						"east": { "texture": "#null", "uv": [ 0.0, 0.0, 0.5, 8.5 ] },
						"south": { "texture": "#null", "uv": [ 0.0, 0.0, 4.0, 8.5 ] },
						"west": { "texture": "#null", "uv": [ 0.0, 0.0, 0.5, 8.5 ] },
						"up": { "texture": "#null", "uv": [ 0.0, 0.0, 4.0, 0.5 ] },
						"down": { "texture": "#null", "uv": [ 0.0, 0.0, 4.0, 0.5 ] }
					}
				},
				{
					"name": "Frame W",
					"from": [ -10.0, 3.5, 1.5 ], 
					"to": [ -9.5, 12.0, 12.5 ], 
					"rotationOrigin": [ -10.0, 3.5, 2.0 ],
					"faces": {
						"north": { "texture": "#null", "uv": [ 0.0, 0.0, 0.5, 8.5 ] },
						"east": { "texture": "#null", "uv": [ 0.0, 0.0, 11.0, 8.5 ] },
						"south": { "texture": "#null", "uv": [ 0.0, 0.0, 0.5, 8.5 ] },
						"west": { "texture": "#null", "uv": [ 0.0, 0.0, 11.0, 8.5 ] },
						"up": { "texture": "#null", "uv": [ 0.0, 0.0, 0.5, 11.0 ] },
						"down": { "texture": "#null", "uv": [ 0.0, 0.0, 0.5, 11.0 ] }
					}
				},
				{
					"name": "Frame E",
					"from": [ 9.5, 3.5, 1.5 ], 
					"to": [ 10.0, 12.0, 12.5 ], 
					"rotationOrigin": [ 9.0, 3.5, 2.0 ],
					"faces": {
						"north": { "texture": "#null", "uv": [ 0.0, 0.0, 0.5, 8.5 ] },
						"east": { "texture": "#null", "uv": [ 0.0, 0.0, 11.0, 8.5 ] },
						"south": { "texture": "#null", "uv": [ 0.0, 0.0, 0.5, 8.5 ] },
						"west": { "texture": "#null", "uv": [ 0.0, 0.0, 11.0, 8.5 ] },
						"up": { "texture": "#null", "uv": [ 0.0, 0.0, 0.5, 11.0 ] },
						"down": { "texture": "#null", "uv": [ 0.0, 0.0, 0.5, 11.0 ] }
					}
				},
				{
					"name": "Frame Open Fire",
					"from": [ 0.0, 3.5, 12.5 ], 
					"to": [ 0.0, 3.5, 12.5 ], 
					"rotationOrigin": [ 0.0, 3.5, 12.5 ],
					"faces": {
						"north": { "texture": "#null", "uv": [ 0.0, 0.0, 0.5, 0.5 ] },
						"east": { "texture": "#null", "uv": [ 0.0, 0.0, 0.5, 0.5 ] },
						"south": { "texture": "#null", "uv": [ 0.0, 0.0, 0.5, 0.5 ] },
						"west": { "texture": "#null", "uv": [ 0.0, 0.0, 0.5, 0.5 ] },
						"up": { "texture": "#null", "uv": [ 0.0, 0.0, 0.5, 0.5 ] },
						"down": { "texture": "#null", "uv": [ 0.0, 0.0, 0.5, 0.5 ] }
					},
					"children": [
						{
							"name": "Cube24",
							"from": [ 0.0, 0.0, 0.0 ], 
							"to": [ 6.0, 2.0, 0.5 ], 
							"rotationOrigin": [ 0.0, -0.5, -0.5 ],
							"faces": {
								"north": { "texture": "#null", "uv": [ 0.0, 0.0, 6.0, 2.0 ] },
								"east": { "texture": "#null", "uv": [ 0.0, 0.0, 0.5, 2.0 ] },
								"south": { "texture": "#null", "uv": [ 0.0, 0.0, 6.0, 2.0 ] },
								"west": { "texture": "#null", "uv": [ 0.0, 0.0, 0.5, 2.0 ] },
								"up": { "texture": "#null", "uv": [ 0.0, 0.0, 6.0, 0.5 ] },
								"down": { "texture": "#null", "uv": [ 0.0, 0.0, 6.0, 0.5 ] }
							}
						},
						{
							"name": "Cube25",
							"from": [ 0.0, 7.5, 0.0 ], 
							"to": [ 6.0, 8.5, 0.5 ], 
							"rotationOrigin": [ 0.0, 7.5, -0.5 ],
							"faces": {
								"north": { "texture": "#null", "uv": [ 0.0, 0.0, 6.0, 1.0 ] },
								"east": { "texture": "#null", "uv": [ 0.0, 0.0, 0.5, 1.0 ] },
								"south": { "texture": "#null", "uv": [ 0.0, 0.0, 6.0, 1.0 ] },
								"west": { "texture": "#null", "uv": [ 0.0, 0.0, 0.5, 1.0 ] },
								"up": { "texture": "#null", "uv": [ 0.0, 0.0, 6.0, 0.5 ] },
								"down": { "texture": "#null", "uv": [ 0.0, 0.0, 6.0, 0.5 ] }
							}
						},
						{
							"name": "Cube26",
							"from": [ 0.0, 2.0, 0.0 ], 
							"to": [ 1.0, 7.5, 0.5 ], 
							"rotationOrigin": [ 0.0, 2.5, -0.5 ],
							"faces": {
								"north": { "texture": "#null", "uv": [ 0.0, 0.0, 1.0, 5.5 ] },
								"east": { "texture": "#null", "uv": [ 0.0, 0.0, 0.5, 5.5 ] },
								"south": { "texture": "#null", "uv": [ 0.0, 0.0, 1.0, 5.5 ] },
								"west": { "texture": "#null", "uv": [ 0.0, 0.0, 0.5, 5.5 ] },
								"up": { "texture": "#null", "uv": [ 0.0, 0.0, 1.0, 0.5 ] },
								"down": { "texture": "#null", "uv": [ 0.0, 0.0, 1.0, 0.5 ] }
							}
						},
						{
							"name": "Cube27",
							"from": [ 5.0, 2.0, 0.0 ], 
							"to": [ 6.0, 7.5, 0.5 ], 
							"rotationOrigin": [ 5.0, 2.5, -0.5 ],
							"faces": {
								"north": { "texture": "#null", "uv": [ 0.0, 0.0, 1.0, 5.5 ] },
								"east": { "texture": "#null", "uv": [ 0.0, 0.0, 0.5, 5.5 ] },
								"south": { "texture": "#null", "uv": [ 0.0, 0.0, 1.0, 5.5 ] },
								"west": { "texture": "#null", "uv": [ 0.0, 0.0, 0.5, 5.5 ] },
								"up": { "texture": "#null", "uv": [ 0.0, 0.0, 1.0, 0.5 ] },
								"down": { "texture": "#null", "uv": [ 0.0, 0.0, 1.0, 0.5 ] }
							}
						},
						{
							"name": "Cube29",
							"from": [ -0.5, 0.0, -11.0 ], 
							"to": [ 0.5, 8.5, 0.0 ], 
							"rotationOrigin": [ 0.0, 0.0, -11.0 ],
							"faces": {
								"north": { "texture": "#null", "uv": [ 0.0, 0.0, 1.0, 8.5 ] },
								"east": { "texture": "#null", "uv": [ 0.0, 0.0, 11.0, 8.5 ] },
								"south": { "texture": "#null", "uv": [ 0.0, 0.0, 1.0, 8.5 ] },
								"west": { "texture": "#null", "uv": [ 0.0, 0.0, 11.0, 8.5 ] },
								"up": { "texture": "#null", "uv": [ 0.0, 0.0, 1.0, 11.0 ] },
								"down": { "texture": "#null", "uv": [ 0.0, 0.0, 1.0, 11.0 ] }
							}
						},
						{
							"name": "Cube1",
							"from": [ 5.0, 0.0, -11.0 ], 
							"to": [ 5.5, 8.5, 0.0 ], 
							"rotationOrigin": [ 4.0, 0.0, -11.0 ],
							"faces": {
								"north": { "texture": "#null", "uv": [ 0.0, 0.0, 0.5, 8.5 ] },
								"east": { "texture": "#null", "uv": [ 0.0, 0.0, 11.0, 8.5 ] },
								"south": { "texture": "#null", "uv": [ 0.0, 0.0, 0.5, 8.5 ] },
								"west": { "texture": "#null", "uv": [ 0.0, 0.0, 11.0, 8.5 ] },
								"up": { "texture": "#null", "uv": [ 0.0, 0.0, 0.5, 11.0 ] },
								"down": { "texture": "#null", "uv": [ 0.0, 0.0, 0.5, 11.0 ] }
							}
						}
					]
				},
				{
					"name": "Frame Top",
					"from": [ -10.0, 12.0, 1.0 ], 
					"to": [ -10.0, 12.0, 1.0 ], 
					"rotationOrigin": [ -10.0, 12.0, 1.0 ],
					"faces": {
						"north": { "texture": "#null", "uv": [ 0.0, 0.0, 0.5, 0.5 ] },
						"east": { "texture": "#null", "uv": [ 0.0, 0.0, 0.5, 0.5 ] },
						"south": { "texture": "#null", "uv": [ 0.0, 0.0, 0.5, 0.5 ] },
						"west": { "texture": "#null", "uv": [ 0.0, 0.0, 0.5, 0.5 ] },
						"up": { "texture": "#null", "uv": [ 0.0, 0.0, 0.5, 0.5 ] },
						"down": { "texture": "#null", "uv": [ 0.0, 0.0, 0.5, 0.5 ] }
					},
					"children": [
						{
							"name": "Frame Top W",
							"from": [ 0.0, 0.0, 0.0 ], 
							"to": [ 10.5, 0.5, 12.0 ], 
							"faces": {
								"north": { "texture": "#null", "uv": [ 0.0, 0.0, 10.5, 0.5 ] },
								"east": { "texture": "#null", "uv": [ 0.0, 0.0, 12.0, 0.5 ] },
								"south": { "texture": "#null", "uv": [ 0.0, 0.0, 10.5, 0.5 ] },
								"west": { "texture": "#null", "uv": [ 0.0, 0.0, 12.0, 0.5 ] },
								"up": { "texture": "#null", "uv": [ 0.0, 0.0, 10.5, 12.0 ] },
								"down": { "texture": "#null", "uv": [ 0.0, 0.0, 10.5, 12.0 ] }
							}
						},
						{
							"name": "Frame Top E",
							"from": [ 15.0, 0.0, 0.0 ], 
							"to": [ 20.0, 0.5, 12.0 ], 
							"rotationOrigin": [ 15.0, 0.0, 0.0 ],
							"faces": {
								"north": { "texture": "#null", "uv": [ 0.0, 0.0, 5.0, 0.5 ] },
								"east": { "texture": "#null", "uv": [ 0.0, 0.0, 12.0, 0.5 ] },
								"south": { "texture": "#null", "uv": [ 0.0, 0.0, 5.0, 0.5 ] },
								"west": { "texture": "#null", "uv": [ 0.0, 0.0, 12.0, 0.5 ] },
								"up": { "texture": "#null", "uv": [ 0.0, 0.0, 5.0, 12.0 ] },
								"down": { "texture": "#null", "uv": [ 0.0, 0.0, 5.0, 12.0 ] }
							}
						},
						{
							"name": "Frame Top B",
							"from": [ 10.5, 0.0, 0.0 ], 
							"to": [ 15.0, 0.5, 7.0 ], 
							"rotationOrigin": [ 10.0, 0.0, 1.0 ],
							"faces": {
								"north": { "texture": "#null", "uv": [ 0.0, 0.0, 4.5, 0.5 ] },
								"east": { "texture": "#null", "uv": [ 0.0, 0.0, 7.0, 0.5 ] },
								"south": { "texture": "#null", "uv": [ 0.0, 0.0, 4.5, 0.5 ] },
								"west": { "texture": "#null", "uv": [ 0.0, 0.0, 7.0, 0.5 ] },
								"up": { "texture": "#null", "uv": [ 0.0, 0.0, 4.5, 7.0 ] },
								"down": { "texture": "#null", "uv": [ 0.0, 0.0, 4.5, 7.0 ] }
							},
							"children": [
								{
									"name": "Frame Top F",
									"from": [ 0.0, 0.0, 11.0 ], 
									"to": [ 4.5, 0.5, 12.0 ], 
									"rotationOrigin": [ -0.5, 0.0, 12.0 ],
									"faces": {
										"north": { "texture": "#null", "uv": [ 0.0, 0.0, 4.5, 0.5 ] },
										"east": { "texture": "#null", "uv": [ 0.0, 0.0, 1.0, 0.5 ] },
										"south": { "texture": "#null", "uv": [ 0.0, 0.0, 4.5, 0.5 ] },
										"west": { "texture": "#null", "uv": [ 0.0, 0.0, 1.0, 0.5 ] },
										"up": { "texture": "#null", "uv": [ 0.0, 0.0, 4.5, 1.0 ] },
										"down": { "texture": "#null", "uv": [ 0.0, 0.0, 4.5, 1.0 ] }
									}
								}
							]
						}
					]
				},
				{
					"name": "Frame B ",
					"from": [ -10.0, 3.5, 1.0 ], 
					"to": [ -10.0, 3.5, 1.0 ], 
					"rotationOrigin": [ -10.0, 3.5, 1.0 ],
					"faces": {
						"north": { "texture": "#null", "uv": [ 0.0, 0.0, 0.5, 0.5 ] },
						"east": { "texture": "#null", "uv": [ 0.0, 0.0, 0.5, 0.5 ] },
						"south": { "texture": "#null", "uv": [ 0.0, 0.0, 0.5, 0.5 ] },
						"west": { "texture": "#null", "uv": [ 0.0, 0.0, 0.5, 0.5 ] },
						"up": { "texture": "#null", "uv": [ 0.0, 0.0, 0.5, 0.5 ] },
						"down": { "texture": "#null", "uv": [ 0.0, 0.0, 0.5, 0.5 ] }
					},
					"children": [
						{
							"name": "Frame  N W",
							"from": [ 0.0, 0.0, 0.0 ], 
							"to": [ 10.5, 8.5, 0.5 ], 
							"rotationOrigin": [ 0.0, -0.5, 0.0 ],
							"faces": {
								"north": { "texture": "#null", "uv": [ 0.0, 0.0, 10.5, 8.5 ] },
								"east": { "texture": "#null", "uv": [ 0.0, 0.0, 0.5, 8.5 ] },
								"south": { "texture": "#null", "uv": [ 0.0, 0.0, 10.5, 8.5 ] },
								"west": { "texture": "#null", "uv": [ 0.0, 0.0, 0.5, 8.5 ] },
								"up": { "texture": "#null", "uv": [ 0.0, 0.0, 10.5, 0.5 ] },
								"down": { "texture": "#null", "uv": [ 0.0, 0.0, 10.5, 0.5 ] }
							}
						},
						{
							"name": "Frame N E",
							"from": [ 15.0, 0.0, 0.0 ], 
							"to": [ 20.0, 8.5, 0.5 ], 
							"rotationOrigin": [ 15.0, -0.5, 0.0 ],
							"faces": {
								"north": { "texture": "#null", "uv": [ 0.0, 0.0, 5.0, 8.5 ] },
								"east": { "texture": "#null", "uv": [ 0.0, 0.0, 0.5, 8.5 ] },
								"south": { "texture": "#null", "uv": [ 0.0, 0.0, 5.0, 8.5 ] },
								"west": { "texture": "#null", "uv": [ 0.0, 0.0, 0.5, 8.5 ] },
								"up": { "texture": "#null", "uv": [ 0.0, 0.0, 5.0, 0.5 ] },
								"down": { "texture": "#null", "uv": [ 0.0, 0.0, 5.0, 0.5 ] }
							}
						},
						{
							"name": "Frame B M",
							"from": [ 10.5, 0.0, 0.0 ], 
							"to": [ 15.0, 8.5, 6.5 ], 
							"rotationOrigin": [ 10.0, -0.5, 0.0 ],
							"faces": {
								"north": { "texture": "#null", "uv": [ 0.0, 0.0, 4.5, 8.5 ] },
								"east": { "texture": "#null", "uv": [ 0.0, 0.0, 6.5, 8.5 ] },
								"south": { "texture": "#null", "uv": [ 0.0, 0.0, 4.5, 8.5 ] },
								"west": { "texture": "#null", "uv": [ 0.0, 0.0, 6.5, 8.5 ] },
								"up": { "texture": "#null", "uv": [ 0.0, 0.0, 4.5, 6.5 ] },
								"down": { "texture": "#null", "uv": [ 0.0, 0.0, 4.5, 6.5 ] }
							}
						}
					]
				}
			]
		}
	],
	"animations": [
		{
			"name": "lidopen",
			"code": "lidopen",
			"quantityframes": 30,
			"onActivityStopped": "EaseOut",
			"onAnimationEnd": "Hold",
			"keyframes": [
				{
					"frame": 0,
					"elements": {
						"Frame Main": {  },
						"Frame Door Main L ": {  },
						"Door": { "offsetX": 0.0, "offsetY": 0.0, "offsetZ": 0.0, "rotationX": 0.0, "rotationY": 0.0, "rotationZ": 0.0 },
						"Door Part 1": { "rotationX": 0.0, "rotationY": 0.0, "rotationZ": 0.0 }
					}
				},
				{
					"frame": 29,
					"elements": {
						"Frame Main": {  },
						"Frame Door Main L ": {  },
						"Door": { "offsetX": 0.7, "offsetY": 0.0, "offsetZ": 0.0, "rotationX": 0.0, "rotationY": -90.0, "rotationZ": 0.0 },
						"Door Part 1": { "rotationX": 0.0, "rotationY": 0.0, "rotationZ": 0.0 }
					}
				}
			]
		}
	]
}