{
	"editor": {
		"allAngles": true,
		"entityTextureMode": false
	},
	"textureWidth": 16,
	"textureHeight": 16,
	"textureSizes": {
	},
	"textures": {
	},
	"elements": [
		{
			"name": "origin",
			"from": [ 3.2256, 0.0, 3.2256 ], 
			"to": [ 3.2256, 0.0, 3.2256 ], 
			"rotationOrigin": [ 3.2256, 0.0, 3.2256 ],
			"faces": {
				"north": { "texture": "#null", "uv": [ 0.0, 0.0, 0.2016, 0.2016 ], "enabled": false },
				"east": { "texture": "#null", "uv": [ 0.0, 0.0, 0.2016, 0.2016 ], "enabled": false },
				"south": { "texture": "#null", "uv": [ 0.0, 0.0, 0.2016, 0.2016 ], "enabled": false },
				"west": { "texture": "#null", "uv": [ 0.0, 0.0, 0.2016, 0.2016 ], "enabled": false },
				"up": { "texture": "#null", "uv": [ 0.0, 0.0, 0.2016, 0.2016 ], "enabled": false },
				"down": { "texture": "#null", "uv": [ 0.0, 0.0, 0.2016, 0.2016 ], "enabled": false }
			},
			"children": [
				{
					"name": "body",
					"from": [ -1.6128, 1.008, -0.6048 ], 
					"to": [ 1.6128, 2.2176, 0.6048 ], 
					"rotationOrigin": [ 0.0, 1.6128, 0.0 ],
					"faces": {
						"north": { "texture": "#bundle", "uv": [ 11.0, 4.5, 12.2, 7.7 ], "rotation": 90 },
						"east": { "texture": "#bundle", "uv": [ 11.0, 12.5, 12.2096, 13.7096 ] },
						"south": { "texture": "#bundle", "uv": [ 13.0, 4.0, 14.2, 7.2 ], "rotation": 90 },
						"west": { "texture": "#bundle", "uv": [ 11.5, 13.0, 12.7096, 14.2096 ] },
						"up": { "texture": "#bundle", "uv": [ 12.5, 4.5, 13.7, 7.7 ], "rotation": 90 },
						"down": { "texture": "#bundle", "uv": [ 12.0, 4.5, 13.2, 7.7 ], "rotation": 90 }
					},
					"children": [
						{
							"name": "Right",
							"from": [ 3.0643, 0.0, 0.0 ], 
							"to": [ 5.0803, 0.4032, 0.4032 ], 
							"rotationOrigin": [ 3.0643, 0.2016, 0.2016 ],
							"rotationX": 19.0,
							"rotationY": 14.0,
							"rotationZ": -19.0,
							"faces": {
								"north": { "texture": "#bundle", "uv": [ 12.0, 0.5, 12.4, 2.5 ], "rotation": 270 },
								"east": { "texture": "#bundle", "uv": [ 5.5, 4.5, 5.9032, 4.9032 ], "enabled": false },
								"south": { "texture": "#bundle", "uv": [ 13.5, 1.5, 13.9, 3.5 ], "rotation": 90 },
								"west": { "texture": "#bundle", "uv": [ 0.0, 0.0, 0.4032, 0.4032 ], "enabled": false },
								"up": { "texture": "#bundle", "uv": [ 11.5, 1.0, 11.9, 3.0 ], "rotation": 90 },
								"down": { "texture": "#bundle", "uv": [ 12.5, 1.5, 12.9, 3.5 ], "rotation": 270 }
							}
						},
						{
							"name": "Right4",
							"from": [ 3.0643, 0.8064, 0.0 ], 
							"to": [ 5.0803, 1.2096, 0.4032 ], 
							"rotationOrigin": [ 3.0643, 1.008, 0.2016 ],
							"rotationX": 42.0,
							"rotationY": 22.0,
							"rotationZ": 14.0,
							"faces": {
								"north": { "texture": "#bundle", "uv": [ 12.5, 0.5, 12.9, 2.5 ], "rotation": 270 },
								"east": { "texture": "#bundle", "uv": [ 5.5, 4.5, 5.9032, 4.9032 ], "enabled": false },
								"south": { "texture": "#bundle", "uv": [ 12.5, 1.5, 12.9, 3.5 ], "rotation": 90 },
								"west": { "texture": "#bundle", "uv": [ 0.0, 0.0, 0.4032, 0.4032 ], "enabled": false },
								"up": { "texture": "#bundle", "uv": [ 13.0, 1.0, 13.4, 3.0 ], "rotation": 90 },
								"down": { "texture": "#bundle", "uv": [ 12.5, 1.5, 12.9, 3.5 ], "rotation": 270 }
							}
						},
						{
							"name": "Right5",
							"from": [ 2.6611, 0.0, 0.8064 ], 
							"to": [ 4.6771, 0.4032, 1.2096 ], 
							"rotationOrigin": [ 2.6611, 0.2016, 1.008 ],
							"rotationX": 14.0,
							"rotationY": -19.0,
							"rotationZ": -14.0,
							"faces": {
								"north": { "texture": "#bundle", "uv": [ 13.5, 0.0, 13.9, 2.0 ], "rotation": 270 },
								"east": { "texture": "#bundle", "uv": [ 5.5, 4.5, 5.9032, 4.9032 ], "enabled": false },
								"south": { "texture": "#bundle", "uv": [ 12.5, 0.5, 12.9, 2.5 ], "rotation": 90 },
								"west": { "texture": "#bundle", "uv": [ 0.0, 0.0, 0.4032, 0.4032 ], "enabled": false },
								"up": { "texture": "#bundle", "uv": [ 14.5, 1.0, 14.9, 3.0 ], "rotation": 90 },
								"down": { "texture": "#bundle", "uv": [ 13.0, 1.0, 13.4, 3.0 ], "rotation": 270 }
							}
						},
						{
							"name": "Right6",
							"from": [ 3.0643, 0.2419, 0.2822 ], 
							"to": [ 5.0803, 1.0483, 1.0886 ], 
							"rotationOrigin": [ 3.0643, 0.6451, 0.6854 ],
							"rotationX": -3.0,
							"rotationY": 6.0,
							"rotationZ": -6.0,
							"faces": {
								"north": { "texture": "#bundle", "uv": [ 12.0, 0.5, 12.8, 2.5 ], "rotation": 270 },
								"east": { "texture": "#bundle", "uv": [ 5.5, 4.5, 6.3064, 5.3064 ], "enabled": false },
								"south": { "texture": "#bundle", "uv": [ 12.0, 1.5, 12.8, 3.5 ], "rotation": 90 },
								"west": { "texture": "#bundle", "uv": [ 0.0, 0.0, 0.8064, 0.8064 ], "enabled": false },
								"up": { "texture": "#bundle", "uv": [ 11.5, 1.5, 12.3, 3.5 ], "rotation": 90 },
								"down": { "texture": "#bundle", "uv": [ 12.0, 1.5, 12.8, 3.5 ], "rotation": 270 }
							}
						},
						{
							"name": "Right7",
							"from": [ 2.6611, 0.6048, 0.4032 ], 
							"to": [ 4.6771, 1.008, 0.8064 ], 
							"rotationOrigin": [ 2.6611, 0.8064, 0.6048 ],
							"rotationX": 28.0,
							"rotationY": 3.0,
							"rotationZ": 28.0,
							"faces": {
								"north": { "texture": "#bundle", "uv": [ 13.0, 0.5, 13.4, 2.5 ], "rotation": 270 },
								"east": { "texture": "#bundle", "uv": [ 5.5, 4.5, 5.9032, 4.9032 ], "enabled": false },
								"south": { "texture": "#bundle", "uv": [ 12.5, 1.5, 12.9, 3.5 ], "rotation": 90 },
								"west": { "texture": "#bundle", "uv": [ 0.0, 0.0, 0.4032, 0.4032 ], "enabled": false },
								"up": { "texture": "#bundle", "uv": [ 13.5, 1.5, 13.9, 3.5 ], "rotation": 90 },
								"down": { "texture": "#bundle", "uv": [ 12.5, 1.0, 12.9, 3.0 ], "rotation": 270 }
							}
						},
						{
							"name": "Right8",
							"from": [ 3.1853, 0.4032, 0.8064 ], 
							"to": [ 4.3949, 0.8064, 1.2096 ], 
							"rotationOrigin": [ 3.1853, 0.6048, 1.008 ],
							"rotationX": 3.0,
							"rotationY": -33.0,
							"faces": {
								"north": { "texture": "#bundle", "uv": [ 12.5, 0.5, 12.9, 1.7 ], "rotation": 270 },
								"east": { "texture": "#bundle", "uv": [ 5.5, 4.5, 5.9032, 4.9032 ], "enabled": false },
								"south": { "texture": "#bundle", "uv": [ 12.5, 1.5, 12.9, 2.7 ], "rotation": 90 },
								"west": { "texture": "#bundle", "uv": [ 0.0, 0.0, 0.4032, 0.4032 ], "enabled": false },
								"up": { "texture": "#bundle", "uv": [ 12.0, 1.0, 12.4, 2.2 ], "rotation": 90 },
								"down": { "texture": "#bundle", "uv": [ 12.5, 1.5, 12.9, 2.7 ], "rotation": 270 }
							}
						},
						{
							"name": "Right9",
							"from": [ 3.0643, 0.4032, 0.0 ], 
							"to": [ 4.6771, 0.8064, 0.4032 ], 
							"rotationOrigin": [ 3.0643, 0.6048, 0.2016 ],
							"rotationX": 19.0,
							"rotationY": 42.0,
							"faces": {
								"north": { "texture": "#bundle", "uv": [ 12.5, 0.5, 12.9, 2.1 ], "rotation": 270 },
								"east": { "texture": "#bundle", "uv": [ 5.5, 4.5, 5.9032, 4.9032 ], "enabled": false },
								"south": { "texture": "#bundle", "uv": [ 13.5, 1.5, 13.9, 3.1 ], "rotation": 90 },
								"west": { "texture": "#bundle", "uv": [ 0.0, 0.0, 0.4032, 0.4032 ], "enabled": false },
								"up": { "texture": "#bundle", "uv": [ 14.0, 1.0, 14.4, 2.6 ], "rotation": 90 },
								"down": { "texture": "#bundle", "uv": [ 14.5, 1.5, 14.9, 3.1 ], "rotation": 270 }
							}
						},
						{
							"name": "Right10",
							"from": [ 2.6611, 0.6048, 0.6048 ], 
							"to": [ 4.2739, 1.008, 1.008 ], 
							"rotationOrigin": [ 2.6611, 0.8064, 0.8064 ],
							"rotationX": 28.0,
							"rotationY": -44.0,
							"faces": {
								"north": { "texture": "#bundle", "uv": [ 13.5, 0.0, 13.9, 1.6 ], "rotation": 270 },
								"east": { "texture": "#bundle", "uv": [ 5.5, 4.5, 5.9032, 4.9032 ], "enabled": false },
								"south": { "texture": "#bundle", "uv": [ 13.5, 1.5, 13.9, 3.1 ], "rotation": 90 },
								"west": { "texture": "#bundle", "uv": [ 0.0, 0.0, 0.4032, 0.4032 ], "enabled": false },
								"up": { "texture": "#bundle", "uv": [ 13.0, 2.0, 13.4, 3.6 ], "rotation": 90 },
								"down": { "texture": "#bundle", "uv": [ 13.0, 2.0, 13.4, 3.6 ], "rotation": 270 }
							}
						},
						{
							"name": "Left",
							"from": [ -1.4515, 0.0, 0.121 ], 
							"to": [ 0.1613, 0.4032, 0.5242 ], 
							"rotationOrigin": [ 0.1613, 0.2016, 0.3226 ],
							"rotationY": -47.0,
							"rotationZ": 33.0,
							"faces": {
								"north": { "texture": "#bundle", "uv": [ 13.0, 1.0, 13.4, 2.6 ], "rotation": 90 },
								"east": { "texture": "#bundle", "uv": [ 0.0, 0.0, 0.4032, 0.4032 ], "enabled": false },
								"south": { "texture": "#bundle", "uv": [ 13.5, 2.0, 13.9, 3.6 ], "rotation": 270 },
								"west": { "texture": "#bundle", "uv": [ 0.0, 0.0, 0.4032, 0.4032 ], "enabled": false },
								"up": { "texture": "#bundle", "uv": [ 14.0, 0.5, 14.4, 2.1 ], "rotation": 270 },
								"down": { "texture": "#bundle", "uv": [ 12.5, 0.5, 12.9, 2.1 ], "rotation": 90 }
							}
						},
						{
							"name": "Left12",
							"from": [ -1.3709, 0.8064, 0.121 ], 
							"to": [ 0.2419, 1.2096, 0.5242 ], 
							"rotationOrigin": [ 0.2419, 1.008, 0.3226 ],
							"rotationY": -3.0,
							"rotationZ": -19.0,
							"faces": {
								"north": { "texture": "#bundle", "uv": [ 13.0, 1.0, 13.4, 2.6 ], "rotation": 90 },
								"east": { "texture": "#bundle", "uv": [ 0.0, 0.0, 0.4032, 0.4032 ], "enabled": false },
								"south": { "texture": "#bundle", "uv": [ 14.0, 2.0, 14.4, 3.6 ], "rotation": 270 },
								"west": { "texture": "#bundle", "uv": [ 0.0, 0.0, 0.4032, 0.4032 ], "enabled": false },
								"up": { "texture": "#bundle", "uv": [ 14.0, 0.5, 14.4, 2.1 ], "rotation": 270 },
								"down": { "texture": "#bundle", "uv": [ 13.5, 0.5, 13.9, 2.1 ], "rotation": 90 }
							}
						},
						{
							"name": "Left13",
							"from": [ -1.3709, 0.7258, 0.8064 ], 
							"to": [ 0.2419, 1.129, 1.2096 ], 
							"rotationOrigin": [ 0.2419, 0.9274, 1.008 ],
							"rotationY": 25.0,
							"rotationZ": 6.0,
							"faces": {
								"north": { "texture": "#bundle", "uv": [ 14.0, 1.0, 14.4, 2.6 ], "rotation": 90 },
								"east": { "texture": "#bundle", "uv": [ 0.0, 0.0, 0.4032, 0.4032 ], "enabled": false },
								"south": { "texture": "#bundle", "uv": [ 12.0, 2.0, 12.4, 3.6 ], "rotation": 270 },
								"west": { "texture": "#bundle", "uv": [ 0.0, 0.0, 0.4032, 0.4032 ], "enabled": false },
								"up": { "texture": "#bundle", "uv": [ 14.0, 0.5, 14.4, 2.1 ], "rotation": 270 },
								"down": { "texture": "#bundle", "uv": [ 12.0, 0.5, 12.4, 2.1 ], "rotation": 90 }
							}
						},
						{
							"name": "Left14",
							"from": [ -0.9677, 0.0403, 0.8064 ], 
							"to": [ 0.2419, 0.4435, 1.2096 ], 
							"rotationOrigin": [ 0.2419, 0.2419, 1.008 ],
							"rotationY": 25.0,
							"rotationZ": 42.0,
							"faces": {
								"north": { "texture": "#bundle", "uv": [ 13.0, 1.0, 13.4, 2.2 ], "rotation": 90 },
								"east": { "texture": "#bundle", "uv": [ 0.0, 0.0, 0.4032, 0.4032 ], "enabled": false },
								"south": { "texture": "#bundle", "uv": [ 13.0, 2.0, 13.4, 3.2 ], "rotation": 270 },
								"west": { "texture": "#bundle", "uv": [ 0.0, 0.0, 0.4032, 0.4032 ], "enabled": false },
								"up": { "texture": "#bundle", "uv": [ 12.0, 0.5, 12.4, 1.7 ], "rotation": 270 },
								"down": { "texture": "#bundle", "uv": [ 12.0, 0.5, 12.4, 1.7 ], "rotation": 90 }
							}
						},
						{
							"name": "Left15",
							"from": [ -1.7741, 0.2822, 0.121 ], 
							"to": [ 0.2419, 1.0886, 0.9274 ], 
							"rotationOrigin": [ 0.2419, 0.6854, 0.6048 ],
							"rotationX": -42.0,
							"rotationY": -3.0,
							"rotationZ": 8.0,
							"faces": {
								"north": { "texture": "#bundle", "uv": [ 12.0, 1.0, 12.8, 3.0 ], "rotation": 90 },
								"east": { "texture": "#bundle", "uv": [ 0.0, 0.0, 0.8064, 0.8064 ], "enabled": false },
								"south": { "texture": "#bundle", "uv": [ 12.5, 1.5, 13.3, 3.5 ], "rotation": 270 },
								"west": { "texture": "#bundle", "uv": [ 0.0, 0.0, 0.8064, 0.8064 ], "enabled": false },
								"up": { "texture": "#bundle", "uv": [ 12.0, 1.0, 12.8, 3.0 ], "rotation": 270 },
								"down": { "texture": "#bundle", "uv": [ 13.5, 0.5, 14.3, 2.5 ], "rotation": 90 }
							}
						},
						{
							"name": "Left16",
							"from": [ -1.7741, 0.7661, 0.4838 ], 
							"to": [ 0.2419, 1.1693, 0.887 ], 
							"rotationOrigin": [ 0.2419, 0.9677, 0.6854 ],
							"rotationX": -36.0,
							"rotationY": 25.0,
							"rotationZ": -6.0,
							"faces": {
								"north": { "texture": "#bundle", "uv": [ 13.0, 1.0, 13.4, 3.0 ], "rotation": 90 },
								"east": { "texture": "#bundle", "uv": [ 0.0, 0.0, 0.4032, 0.4032 ], "enabled": false },
								"south": { "texture": "#bundle", "uv": [ 12.5, 1.0, 12.9, 3.0 ], "rotation": 270 },
								"west": { "texture": "#bundle", "uv": [ 0.0, 0.0, 0.4032, 0.4032 ], "enabled": false },
								"up": { "texture": "#bundle", "uv": [ 13.5, 0.5, 13.9, 2.5 ], "rotation": 270 },
								"down": { "texture": "#bundle", "uv": [ 12.5, 1.0, 12.9, 3.0 ], "rotation": 90 }
							}
						},
						{
							"name": "Left17",
							"from": [ -1.7741, 0.3629, 0.0806 ], 
							"to": [ 0.2419, 0.7661, 0.4838 ], 
							"rotationOrigin": [ 0.2419, 0.5645, 0.2822 ],
							"rotationY": -39.0,
							"rotationZ": -6.0,
							"faces": {
								"north": { "texture": "#bundle", "uv": [ 13.0, 1.0, 13.4, 3.0 ], "rotation": 90 },
								"east": { "texture": "#bundle", "uv": [ 0.0, 0.0, 0.4032, 0.4032 ], "enabled": false },
								"south": { "texture": "#bundle", "uv": [ 13.5, 1.0, 13.9, 3.0 ], "rotation": 270 },
								"west": { "texture": "#bundle", "uv": [ 0.0, 0.0, 0.4032, 0.4032 ], "enabled": false },
								"up": { "texture": "#bundle", "uv": [ 12.0, 0.5, 12.4, 2.5 ], "rotation": 270 },
								"down": { "texture": "#bundle", "uv": [ 12.5, 1.0, 12.9, 3.0 ], "rotation": 90 }
							}
						},
						{
							"name": "tie20",
							"from": [ 1.6934, -0.121, -0.121 ], 
							"to": [ 1.895, 1.2902, 1.3306 ], 
							"rotationOrigin": [ 1.8547, 0.6854, 0.6854 ],
							"faces": {
								"north": { "texture": "#string", "uv": [ 4.0, 0.0, 4.2016, 1.4112 ] },
								"east": { "texture": "#string", "uv": [ 0.0, 0.0, 1.4112, 1.4112 ] },
								"south": { "texture": "#string", "uv": [ 8.0, 0.0, 8.2016, 1.4112 ] },
								"west": { "texture": "#string", "uv": [ 4.0, 0.0, 5.4112, 1.4112 ] },
								"up": { "texture": "#string", "uv": [ 12.0, 0.0, 12.2016, 1.4112 ] },
								"down": { "texture": "#string", "uv": [ 0.0, 0.0, 0.2016, 1.4112 ] }
							}
						},
						{
							"name": "tie21",
							"from": [ 0.4838, -0.121, -0.121 ], 
							"to": [ 0.6854, 1.2902, 1.3306 ], 
							"rotationOrigin": [ 0.6451, 0.6048, 0.6048 ],
							"rotationY": 14.0,
							"faces": {
								"north": { "texture": "#string", "uv": [ 0.0, 0.0, 0.2016, 1.4112 ] },
								"east": { "texture": "#string", "uv": [ 0.0, 0.0, 1.4112, 1.4112 ] },
								"south": { "texture": "#string", "uv": [ 0.0, 0.0, 0.2016, 1.4112 ] },
								"west": { "texture": "#string", "uv": [ 0.0, 0.0, 1.4112, 1.4112 ] },
								"up": { "texture": "#string", "uv": [ 0.0, 0.0, 0.2016, 1.4112 ] },
								"down": { "texture": "#string", "uv": [ 0.0, 0.0, 0.2016, 1.4112 ] }
							}
						},
						{
							"name": "tie22",
							"from": [ 2.4998, -0.121, -0.121 ], 
							"to": [ 2.7014, 1.2902, 1.3306 ], 
							"rotationOrigin": [ 2.6611, 0.6854, 0.6854 ],
							"rotationY": -17.0,
							"faces": {
								"north": { "texture": "#string", "uv": [ 2.0, 0.0, 2.2016, 1.4112 ] },
								"east": { "texture": "#string", "uv": [ 5.0, 0.0, 6.4112, 1.4112 ] },
								"south": { "texture": "#string", "uv": [ 2.0, 0.0, 2.2016, 1.4112 ] },
								"west": { "texture": "#string", "uv": [ 4.0, 0.0, 5.4112, 1.4112 ] },
								"up": { "texture": "#string", "uv": [ 12.0, 0.0, 12.2016, 1.4112 ] },
								"down": { "texture": "#string", "uv": [ 0.0, 0.0, 0.2016, 1.4112 ] }
							}
						}
					]
				}
			]
		}
	]}