{
	"editor": {
		"allAngles": false,
		"entityTextureMode": false
	},
	"textureWidth": 16,
	"textureHeight": 16,
	"textureSizes": {
		"cabinet-detail": [16,16],
		"sides2": [16,16],
		"lid": [16,16],
		"accessories": [16,16]
	},
	"textures": {
		"cabinet-detail": "C:/Users/andy-/Documents/GitHub/qptech/mods/qptechfurniture/assets/furniture/textures/block/wood/cabinets/pine/cabinet-detail",
		"sides2": "C:/Users/andy-/Documents/GitHub/qptech/mods/qptechfurniture/assets/furniture/textures/block/wood/cabinets/pine/cabinet",
		"lid": "C:/Users/andy-/Documents/GitHub/qptech/mods/qptechfurniture/assets/furniture/textures/block/wood/cabinets/pine/detail",
		"accessories": "C:/Users/andy-/Documents/GitHub/qptech/mods/qptechfurniture/assets/furniture/textures/block/wood/cabinets/pine/coutertop"
	},
	"elements": [
		{
			"name": "Door",
			"from": [ 1.0, 2.0, 15.0 ], 
			"to": [ 15.0, 14.0, 15.5 ], 
			"rotationOrigin": [ 0.5, 9.0, 15.0 ],
			"faces": {
				"north": { "texture": "#sides2", "uv": [ 0.0, 0.0, 16.0, 16.0 ], "autoUv": false },
				"east": { "texture": "#lid", "uv": [ 0.5, 13.5, 15.5, 16.0 ], "rotation": 90, "autoUv": false },
				"south": { "texture": "#sides2", "uv": [ 0.0, 0.0, 16.0, 16.0 ], "autoUv": false },
				"west": { "texture": "#lid", "uv": [ 0.5, 13.5, 15.5, 16.0 ], "rotation": 90, "autoUv": false },
				"up": { "texture": "#lid", "uv": [ 0.0, 13.5, 16.0, 16.0 ], "autoUv": false },
				"down": { "texture": "#lid", "uv": [ 0.0, 13.5, 16.0, 16.0 ], "autoUv": false }
			},
			"children": [
				{
					"name": "Handle",
					"from": [ 12.5, 8.0, 1.2 ], 
					"to": [ 13.0, 11.0, 1.5 ], 
					"rotationOrigin": [ 11.0, 8.0, 2.0 ],
					"faces": {
						"north": { "texture": "#lid", "uv": [ 0.0, 0.0, 16.0, 16.0 ], "enabled": false, "autoUv": false },
						"east": { "texture": "#lid", "uv": [ 0.0, 7.0, 1.0, 9.5 ], "autoUv": false },
						"south": { "texture": "#lid", "uv": [ 0.0, 7.0, 1.0, 9.5 ], "autoUv": false },
						"west": { "texture": "#lid", "uv": [ 0.0, 7.0, 1.0, 9.5 ], "autoUv": false },
						"up": { "texture": "#lid", "uv": [ 0.0, 7.0, 1.5, 8.5 ], "autoUv": false },
						"down": { "texture": "#lid", "uv": [ 0.0, 7.0, 1.5, 8.5 ], "autoUv": false }
					},
					"children": [
						{
							"name": "PartB",
							"from": [ 0.05, 0.2, -0.5 ], 
							"to": [ 0.45, 0.5, 0.7 ], 
							"rotationOrigin": [ 0.0, 0.5, -0.5 ],
							"rotationX": -22.5000003066977,
							"faces": {
								"north": { "texture": "#lid", "uv": [ 0.0, 0.0, 0.5, 0.5 ], "enabled": false },
								"east": { "texture": "#lid", "uv": [ 0.0, 7.0, 1.0, 9.5 ], "rotation": 90, "autoUv": false },
								"south": { "texture": "#lid", "uv": [ 0.0, 7.0, 1.0, 9.5 ], "rotation": 90, "autoUv": false },
								"west": { "texture": "#lid", "uv": [ 0.0, 7.0, 1.0, 9.5 ], "rotation": 90, "autoUv": false },
								"up": { "texture": "#lid", "uv": [ 0.0, 7.0, 1.0, 9.5 ], "autoUv": false },
								"down": { "texture": "#lid", "uv": [ 0.0, 7.0, 1.0, 9.5 ], "autoUv": false }
							}
						},
						{
							"name": "PartT",
							"from": [ 0.05, 2.5, -0.5 ], 
							"to": [ 0.45, 2.8, 0.7 ], 
							"rotationOrigin": [ 0.0, 2.5, -0.5 ],
							"rotationX": 22.5000003066977,
							"faces": {
								"north": { "texture": "#lid", "uv": [ 0.0, 0.0, 0.5, 0.5 ], "enabled": false },
								"east": { "texture": "#lid", "uv": [ 0.0, 7.0, 1.0, 9.5 ], "rotation": 90, "autoUv": false },
								"south": { "texture": "#lid", "uv": [ 0.0, 7.0, 1.0, 9.5 ], "rotation": 90, "autoUv": false },
								"west": { "texture": "#lid", "uv": [ 0.0, 7.0, 1.0, 9.5 ], "rotation": 90, "autoUv": false },
								"up": { "texture": "#lid", "uv": [ 0.0, 7.0, 1.0, 9.5 ], "autoUv": false },
								"down": { "texture": "#lid", "uv": [ 0.0, 7.0, 1.0, 9.5 ], "autoUv": false }
							}
						}
					]
				},
				{
					"name": "HingeB",
					"from": [ -0.4, 1.1, 0.1 ], 
					"to": [ -0.2, 2.0, 0.3 ], 
					"rotationOrigin": [ 0.0, 1.0, 0.0 ],
					"faces": {
						"north": { "texture": "#lid", "uv": [ 0.0, 7.0, 1.0, 9.5 ], "autoUv": false },
						"east": { "texture": "#lid", "uv": [ 0.0, 7.0, 1.0, 9.5 ], "autoUv": false },
						"south": { "texture": "#lid", "uv": [ 0.0, 7.0, 1.0, 9.5 ], "autoUv": false },
						"west": { "texture": "#lid", "uv": [ 0.0, 7.0, 1.0, 9.5 ], "autoUv": false },
						"up": { "texture": "#lid", "uv": [ 0.0, 7.0, 1.0, 9.5 ], "autoUv": false },
						"down": { "texture": "#lid", "uv": [ 0.0, 7.0, 1.0, 9.5 ], "autoUv": false }
					},
					"children": [
						{
							"name": "HingeBTP",
							"from": [ -0.1, 0.9, -0.1 ], 
							"to": [ 0.4, 1.2, 0.3 ], 
							"rotationOrigin": [ 0.4, 0.9, -0.1 ],
							"faces": {
								"north": { "texture": "#lid", "uv": [ 0.0, 7.0, 2.5, 8.0 ], "autoUv": false },
								"east": { "texture": "#lid", "uv": [ 0.0, 7.0, 1.0, 9.5 ], "autoUv": false },
								"south": { "texture": "#lid", "uv": [ 0.0, 7.0, 2.5, 8.0 ], "autoUv": false },
								"west": { "texture": "#lid", "uv": [ 0.0, 7.0, 1.0, 9.5 ], "autoUv": false },
								"up": { "texture": "#lid", "uv": [ 0.0, 7.0, 2.5, 8.0 ], "autoUv": false },
								"down": { "texture": "#lid", "uv": [ 0.0, 7.0, 2.5, 8.0 ], "autoUv": false }
							}
						},
						{
							"name": "HingeBB",
							"from": [ -0.1, -0.1, -0.1 ], 
							"to": [ 0.4, 0.2, 0.3 ], 
							"rotationOrigin": [ 0.4, -0.1, -0.1 ],
							"faces": {
								"north": { "texture": "#lid", "uv": [ 0.0, 7.0, 2.5, 8.0 ], "autoUv": false },
								"east": { "texture": "#lid", "uv": [ 0.0, 7.0, 1.0, 9.5 ], "autoUv": false },
								"south": { "texture": "#lid", "uv": [ 0.0, 7.0, 2.5, 8.0 ], "autoUv": false },
								"west": { "texture": "#lid", "uv": [ 0.0, 7.0, 1.0, 9.5 ], "autoUv": false },
								"up": { "texture": "#lid", "uv": [ 0.0, 7.0, 2.5, 8.0 ], "autoUv": false },
								"down": { "texture": "#lid", "uv": [ 0.0, 7.0, 2.5, 8.0 ], "autoUv": false }
							}
						}
					]
				},
				{
					"name": "Door-Detail-T",
					"from": [ 1.0, 11.0, -0.2 ], 
					"to": [ 13.0, 11.5, 0.8 ], 
					"rotationOrigin": [ 1.0, 11.0, 0.0 ],
					"faces": {
						"north": { "texture": "#lid", "uv": [ 0.0, 0.0, 16.0, 2.5 ], "autoUv": false },
						"east": { "texture": "#lid", "uv": [ 0.0, 0.0, 16.0, 2.5 ], "autoUv": false },
						"south": { "texture": "#lid", "uv": [ 0.0, 0.0, 16.0, 2.5 ], "autoUv": false },
						"west": { "texture": "#lid", "uv": [ 0.0, 0.0, 16.0, 2.5 ], "autoUv": false },
						"up": { "texture": "#lid", "uv": [ 0.0, 11.5, 16.0, 13.5 ], "autoUv": false },
						"down": { "texture": "#lid", "uv": [ 0.0, 11.5, 16.0, 13.5 ], "autoUv": false }
					},
					"children": [
						{
							"name": "Door-Detail-TT",
							"from": [ 1.0, -1.0, -0.2 ], 
							"to": [ 11.0, -0.5, 1.0 ], 
							"rotationOrigin": [ 1.0, -1.0, 0.2 ],
							"faces": {
								"north": { "texture": "#lid", "uv": [ 0.0, 0.0, 16.0, 2.5 ], "autoUv": false },
								"east": { "texture": "#lid", "uv": [ 0.0, 0.0, 16.0, 2.5 ], "autoUv": false },
								"south": { "texture": "#lid", "uv": [ 0.0, 0.0, 16.0, 2.5 ], "autoUv": false },
								"west": { "texture": "#lid", "uv": [ 0.0, 0.0, 16.0, 2.5 ], "autoUv": false },
								"up": { "texture": "#lid", "uv": [ 0.0, 11.5, 16.0, 13.5 ], "autoUv": false },
								"down": { "texture": "#lid", "uv": [ 0.0, 11.5, 16.0, 13.5 ], "autoUv": false }
							}
						}
					]
				},
				{
					"name": "Door-Detail-B",
					"from": [ 1.0, 1.0, -0.2 ], 
					"to": [ 13.0, 1.5, 0.8 ], 
					"rotationOrigin": [ 1.0, 1.0, 0.0 ],
					"faces": {
						"north": { "texture": "#lid", "uv": [ 0.0, 0.0, 16.0, 2.5 ], "autoUv": false },
						"east": { "texture": "#lid", "uv": [ 0.0, 0.0, 16.0, 2.5 ], "autoUv": false },
						"south": { "texture": "#lid", "uv": [ 0.0, 0.0, 16.0, 2.5 ], "autoUv": false },
						"west": { "texture": "#lid", "uv": [ 0.0, 0.0, 16.0, 2.5 ], "autoUv": false },
						"up": { "texture": "#lid", "uv": [ 0.0, 11.5, 16.0, 13.5 ], "autoUv": false },
						"down": { "texture": "#lid", "uv": [ 0.0, 11.5, 16.0, 13.5 ], "autoUv": false }
					},
					"children": [
						{
							"name": "Door-Detail-BB",
							"from": [ 1.0, 1.0, -0.2 ], 
							"to": [ 11.0, 1.5, 1.0 ], 
							"rotationOrigin": [ 1.0, 1.0, 0.2 ],
							"faces": {
								"north": { "texture": "#lid", "uv": [ 0.0, 0.0, 16.0, 2.5 ], "autoUv": false },
								"east": { "texture": "#lid", "uv": [ 0.0, 0.0, 16.0, 2.5 ], "autoUv": false },
								"south": { "texture": "#lid", "uv": [ 0.0, 0.0, 16.0, 2.5 ], "autoUv": false },
								"west": { "texture": "#lid", "uv": [ 0.0, 0.0, 16.0, 2.5 ], "autoUv": false },
								"up": { "texture": "#lid", "uv": [ 0.0, 11.5, 16.0, 13.5 ], "autoUv": false },
								"down": { "texture": "#lid", "uv": [ 0.0, 11.5, 16.0, 13.5 ], "autoUv": false }
							}
						}
					]
				},
				{
					"name": "Door-Detail-L",
					"from": [ 1.0, 1.5, -0.2 ], 
					"to": [ 1.5, 11.0, 0.8 ], 
					"rotationOrigin": [ 1.0, 1.0, 0.0 ],
					"faces": {
						"north": { "texture": "#lid", "uv": [ 0.0, 0.0, 16.0, 2.5 ], "rotation": 90, "autoUv": false },
						"east": { "texture": "#lid", "uv": [ 0.0, 11.0, 16.0, 13.5 ], "rotation": 90, "autoUv": false },
						"south": { "texture": "#lid", "uv": [ 0.0, 0.0, 16.0, 2.5 ], "rotation": 90, "autoUv": false },
						"west": { "texture": "#lid", "uv": [ 0.0, 11.0, 16.0, 13.5 ], "rotation": 90, "autoUv": false },
						"up": { "texture": "#lid", "uv": [ 0.0, 0.5, 16.0, 2.5 ], "enabled": false, "autoUv": false },
						"down": { "texture": "#lid", "uv": [ 0.0, 0.5, 16.0, 2.5 ], "enabled": false, "autoUv": false }
					}
				},
				{
					"name": "Door-Detail-R",
					"from": [ 12.5, 1.5, -0.2 ], 
					"to": [ 13.0, 11.0, 0.8 ], 
					"rotationOrigin": [ 12.0, 1.0, 0.0 ],
					"faces": {
						"north": { "texture": "#lid", "uv": [ 0.0, 0.0, 16.0, 2.5 ], "rotation": 90, "autoUv": false },
						"east": { "texture": "#lid", "uv": [ 0.0, 11.0, 16.0, 13.5 ], "rotation": 90, "autoUv": false },
						"south": { "texture": "#lid", "uv": [ 0.0, 0.0, 16.0, 2.5 ], "rotation": 90, "autoUv": false },
						"west": { "texture": "#lid", "uv": [ 0.0, 11.0, 16.0, 13.5 ], "rotation": 90, "autoUv": false },
						"up": { "texture": "#lid", "uv": [ 0.0, 0.5, 16.0, 2.5 ], "enabled": false, "autoUv": false },
						"down": { "texture": "#lid", "uv": [ 0.0, 0.5, 16.0, 2.5 ], "enabled": false, "autoUv": false }
					}
				},
				{
					"name": "Door-Detail-LL",
					"from": [ 2.0, 2.5, -0.4 ], 
					"to": [ 2.5, 10.0, 0.8 ], 
					"rotationOrigin": [ 2.0, 2.0, 0.0 ],
					"faces": {
						"north": { "texture": "#lid", "uv": [ 0.0, 0.0, 16.0, 2.5 ], "rotation": 90, "autoUv": false },
						"east": { "texture": "#lid", "uv": [ 0.0, 11.5, 16.0, 13.5 ], "rotation": 90, "autoUv": false },
						"south": { "texture": "#lid", "uv": [ 0.0, 0.0, 16.0, 2.5 ], "rotation": 90, "autoUv": false },
						"west": { "texture": "#lid", "uv": [ 0.0, 11.5, 16.0, 13.5 ], "rotation": 90, "autoUv": false },
						"up": { "texture": "#lid", "uv": [ 0.0, 0.5, 16.0, 2.5 ], "rotation": 90, "enabled": false, "autoUv": false },
						"down": { "texture": "#lid", "uv": [ 0.0, 0.5, 16.0, 2.5 ], "rotation": 90, "enabled": false, "autoUv": false }
					}
				},
				{
					"name": "Door-Detail-RR",
					"from": [ 11.5, 2.5, -0.4 ], 
					"to": [ 12.0, 10.0, 0.8 ], 
					"rotationOrigin": [ 11.0, 2.0, 0.0 ],
					"faces": {
						"north": { "texture": "#lid", "uv": [ 0.0, 0.0, 16.0, 2.5 ], "rotation": 90, "autoUv": false },
						"east": { "texture": "#lid", "uv": [ 0.0, 11.5, 16.0, 13.5 ], "rotation": 90, "autoUv": false },
						"south": { "texture": "#lid", "uv": [ 0.0, 0.0, 16.0, 2.5 ], "rotation": 90, "autoUv": false },
						"west": { "texture": "#lid", "uv": [ 0.0, 11.5, 16.0, 13.5 ], "rotation": 90, "autoUv": false },
						"up": { "texture": "#lid", "uv": [ 0.0, 3.0, 16.0, 5.0 ], "enabled": false, "autoUv": false },
						"down": { "texture": "#lid", "uv": [ 0.0, 3.0, 16.0, 5.0 ], "enabled": false, "autoUv": false }
					}
				},
				{
					"name": "HingeT",
					"from": [ -0.4, 10.1, 0.1 ], 
					"to": [ -0.2, 11.0, 0.3 ], 
					"rotationOrigin": [ 0.0, 10.0, 0.0 ],
					"faces": {
						"north": { "texture": "#lid", "uv": [ 0.0, 7.0, 1.0, 9.5 ], "autoUv": false },
						"east": { "texture": "#lid", "uv": [ 0.0, 7.0, 1.0, 9.5 ], "autoUv": false },
						"south": { "texture": "#lid", "uv": [ 0.0, 7.0, 1.0, 9.5 ], "autoUv": false },
						"west": { "texture": "#lid", "uv": [ 0.0, 7.0, 1.0, 9.5 ], "autoUv": false },
						"up": { "texture": "#lid", "uv": [ 0.0, 7.0, 1.0, 9.5 ], "autoUv": false },
						"down": { "texture": "#lid", "uv": [ 0.0, 7.0, 1.0, 9.5 ], "autoUv": false }
					},
					"children": [
						{
							"name": "HingeBTP33",
							"from": [ -0.1, 0.9, -0.1 ], 
							"to": [ 0.4, 1.2, 0.3 ], 
							"rotationOrigin": [ 0.4, 0.9, -0.1 ],
							"faces": {
								"north": { "texture": "#lid", "uv": [ 0.0, 7.0, 2.5, 8.0 ], "autoUv": false },
								"east": { "texture": "#lid", "uv": [ 0.0, 7.0, 1.0, 9.5 ], "autoUv": false },
								"south": { "texture": "#lid", "uv": [ 0.0, 7.0, 2.5, 8.0 ], "autoUv": false },
								"west": { "texture": "#lid", "uv": [ 0.0, 7.0, 1.0, 9.5 ], "autoUv": false },
								"up": { "texture": "#lid", "uv": [ 0.0, 7.0, 2.5, 8.0 ], "autoUv": false },
								"down": { "texture": "#lid", "uv": [ 0.0, 7.0, 2.5, 8.0 ], "autoUv": false }
							}
						},
						{
							"name": "HingeBB34",
							"from": [ -0.1, -0.1, -0.1 ], 
							"to": [ 0.4, 0.2, 0.3 ], 
							"rotationOrigin": [ 0.4, -0.1, -0.1 ],
							"faces": {
								"north": { "texture": "#lid", "uv": [ 0.0, 7.0, 2.5, 8.0 ], "autoUv": false },
								"east": { "texture": "#lid", "uv": [ 0.0, 7.0, 1.0, 9.5 ], "autoUv": false },
								"south": { "texture": "#lid", "uv": [ 0.0, 7.0, 2.5, 8.0 ], "autoUv": false },
								"west": { "texture": "#lid", "uv": [ 0.0, 7.0, 1.0, 9.5 ], "autoUv": false },
								"up": { "texture": "#lid", "uv": [ 0.0, 7.0, 2.5, 8.0 ], "autoUv": false },
								"down": { "texture": "#lid", "uv": [ 0.0, 7.0, 2.5, 8.0 ], "autoUv": false }
							}
						}
					]
				}
			]
		},
		{
			"name": "Frame",
			"from": [ 8.0, 8.0, 0.0 ], 
			"to": [ 8.0, 8.0, 0.0 ], 
			"rotationOrigin": [ 8.0, 8.0, 0.0 ],
			"faces": {
				"north": { "texture": "#sides2", "uv": [ 0.0, 0.0, 1.5, 0.5 ], "enabled": false, "autoUv": false },
				"east": { "texture": "#sides2", "uv": [ 0.0, 0.0, 0.5, 0.5 ], "enabled": false },
				"south": { "texture": "#sides2", "uv": [ 0.0, 0.0, 0.5, 0.5 ], "enabled": false },
				"west": { "texture": "#sides2", "uv": [ 0.0, 0.0, 0.5, 0.5 ], "enabled": false },
				"up": { "texture": "#sides2", "uv": [ 0.0, 0.0, 0.5, 0.5 ], "enabled": false },
				"down": { "texture": "#sides2", "uv": [ 0.0, 0.0, 0.5, 0.5 ], "enabled": false }
			},
			"children": [
				{
					"name": "Frame W",
					"from": [ -8.0, -6.0, 1.0 ], 
					"to": [ -7.0, 6.0, 15.0 ], 
					"rotationOrigin": [ -8.0, -6.0, 1.0 ],
					"faces": {
						"north": { "texture": "#sides2", "uv": [ 0.0, 0.0, 2.0, 16.0 ], "autoUv": false },
						"east": { "texture": "#sides2", "uv": [ 0.0, 0.0, 16.0, 16.0 ], "autoUv": false },
						"south": { "texture": "#sides2", "uv": [ 0.0, 0.0, 2.0, 16.0 ], "autoUv": false },
						"west": { "texture": "#sides2", "uv": [ 0.0, 0.0, 16.0, 16.0 ], "autoUv": false },
						"up": { "texture": "#sides2", "uv": [ 0.0, 0.0, 2.0, 16.0 ], "autoUv": false },
						"down": { "texture": "#sides2", "uv": [ 0.0, 0.0, 2.0, 16.0 ], "autoUv": false }
					}
				},
				{
					"name": "Frame N",
					"from": [ -8.0, -6.0, 0.0 ], 
					"to": [ 8.0, 6.0, 1.0 ], 
					"rotationOrigin": [ -8.0, -6.0, 0.0 ],
					"faces": {
						"north": { "texture": "#sides2", "uv": [ 0.0, 0.0, 16.0, 16.0 ], "autoUv": false },
						"east": { "texture": "#sides2", "uv": [ 14.5, 0.0, 16.0, 16.0 ], "autoUv": false },
						"south": { "texture": "#sides2", "uv": [ 0.0, 0.0, 16.0, 16.0 ], "autoUv": false },
						"west": { "texture": "#sides2", "uv": [ 0.0, 0.0, 1.5, 16.0 ], "autoUv": false },
						"up": { "texture": "#sides2", "uv": [ 0.0, 0.0, 16.0, 1.5 ], "autoUv": false },
						"down": { "texture": "#sides2", "uv": [ 0.0, 0.0, 16.0, 1.5 ], "autoUv": false }
					}
				},
				{
					"name": "Frame E",
					"from": [ 7.0, -6.0, 1.0 ], 
					"to": [ 8.0, 6.0, 15.0 ], 
					"rotationOrigin": [ 7.0, -6.0, 1.0 ],
					"faces": {
						"north": { "texture": "#sides2", "uv": [ 0.0, 0.0, 1.0, 16.0 ], "autoUv": false },
						"east": { "texture": "#sides2", "uv": [ 0.0, 0.0, 16.0, 16.0 ], "autoUv": false },
						"south": { "texture": "#sides2", "uv": [ 0.0, 0.0, 1.0, 16.0 ], "autoUv": false },
						"west": { "texture": "#sides2", "uv": [ 0.0, 0.0, 16.0, 16.0 ], "autoUv": false },
						"up": { "texture": "#sides2", "uv": [ 0.0, 0.0, 1.5, 16.0 ], "autoUv": false },
						"down": { "texture": "#sides2", "uv": [ 0.0, 0.0, 1.5, 16.0 ], "autoUv": false }
					}
				},
				{
					"name": "Frame S Front B",
					"from": [ -8.0, -8.0, 15.0 ], 
					"to": [ 8.0, -6.0, 16.0 ], 
					"rotationOrigin": [ -8.0, -8.0, 15.0 ],
					"faces": {
						"north": { "texture": "#lid", "uv": [ 0.0, 0.0, 16.0, 2.5 ], "autoUv": false },
						"east": { "texture": "#lid", "uv": [ 3.0, 0.0, 4.0, 2.5 ], "autoUv": false },
						"south": { "texture": "#lid", "uv": [ 0.0, 0.0, 16.0, 2.5 ], "autoUv": false },
						"west": { "texture": "#lid", "uv": [ 14.0, 0.0, 15.0, 2.5 ], "autoUv": false },
						"up": { "texture": "#lid", "uv": [ 0.0, 0.0, 16.0, 2.5 ], "rotation": 180, "autoUv": false },
						"down": { "texture": "#lid", "uv": [ 0.0, 0.0, 16.0, 2.5 ], "rotation": 180, "autoUv": false }
					}
				},
				{
					"name": "Frame S Front T",
					"from": [ -8.0, 6.0, 15.0 ], 
					"to": [ 8.0, 7.0, 16.0 ], 
					"rotationOrigin": [ -8.0, 6.0, 15.0 ],
					"faces": {
						"north": { "texture": "#lid", "uv": [ 0.0, 0.0, 16.0, 2.5 ], "rotation": 180, "autoUv": false },
						"east": { "texture": "#lid", "uv": [ 0.0, 0.0, 2.5, 2.5 ], "rotation": 180, "autoUv": false },
						"south": { "texture": "#lid", "uv": [ 0.0, 0.0, 16.0, 2.5 ], "rotation": 180, "autoUv": false },
						"west": { "texture": "#lid", "uv": [ 0.0, 0.0, 2.5, 2.5 ], "rotation": 180, "autoUv": false },
						"up": { "texture": "#lid", "uv": [ 0.0, 0.0, 2.5, 2.5 ], "rotation": 90, "autoUv": false },
						"down": { "texture": "#lid", "uv": [ 0.0, 0.0, 16.0, 2.5 ], "rotation": 180, "autoUv": false }
					}
				},
				{
					"name": "Countertop",
					"from": [ -8.0, 7.0, 0.0 ], 
					"to": [ 8.0, 8.0, 16.5 ], 
					"rotationOrigin": [ -8.0, 7.0, 0.0 ],
					"faces": {
						"north": { "texture": "#lid", "uv": [ 0.0, 3.0, 16.0, 5.5 ], "autoUv": false },
						"east": { "texture": "#lid", "uv": [ 0.0, 5.5, 16.0, 3.0 ], "rotation": 180, "autoUv": false },
						"south": { "texture": "#lid", "uv": [ 0.0, 3.0, 16.0, 5.5 ], "autoUv": false },
						"west": { "texture": "#lid", "uv": [ 0.0, 3.0, 16.0, 5.5 ], "autoUv": false },
						"up": { "texture": "#accessories", "uv": [ 0.0, 0.0, 16.0, 16.0 ], "autoUv": false },
						"down": { "texture": "#accessories", "uv": [ 0.0, 0.0, 16.0, 16.0 ], "autoUv": false }
					}
				},
				{
					"name": "Floor",
					"from": [ -7.0, -8.0, 1.0 ], 
					"to": [ 7.0, -7.0, 15.0 ], 
					"rotationOrigin": [ -7.0, -8.0, 1.0 ],
					"faces": {
						"north": { "texture": "#sides2", "uv": [ 0.0, 0.0, 16.0, 2.5 ], "enabled": false, "autoUv": false },
						"east": { "texture": "#sides2", "uv": [ 0.0, 0.0, 16.0, 2.5 ], "enabled": false, "autoUv": false },
						"south": { "texture": "#sides2", "uv": [ 0.0, 0.0, 16.0, 2.5 ], "enabled": false, "autoUv": false },
						"west": { "texture": "#sides2", "uv": [ 0.0, 2.5, 16.0, 0.0 ], "enabled": false, "autoUv": false },
						"up": { "texture": "#sides2", "uv": [ 0.0, 0.0, 16.0, 16.0 ], "autoUv": false },
						"down": { "texture": "#sides2", "uv": [ 0.0, 0.0, 16.0, 16.0 ], "autoUv": false }
					}
				},
				{
					"name": "Bored T",
					"from": [ -7.0, 3.0, 1.0 ], 
					"to": [ 7.0, 3.4, 14.0 ], 
					"rotationOrigin": [ -7.0, 3.0, 1.0 ],
					"faces": {
						"north": { "texture": "#lid", "uv": [ 0.0, 0.0, 16.0, 0.5 ], "enabled": false, "autoUv": false },
						"east": { "texture": "#lid", "uv": [ 0.0, 3.0, 16.0, 5.0 ], "enabled": false, "autoUv": false },
						"south": { "texture": "#lid", "uv": [ 0.0, 13.5, 16.0, 16.0 ], "autoUv": false },
						"west": { "texture": "#lid", "uv": [ 0.0, 0.0, 16.0, 0.5 ], "enabled": false, "autoUv": false },
						"up": { "texture": "#cabinet-detail", "uv": [ 0.0, 0.0, 16.0, 16.0 ], "autoUv": false },
						"down": { "texture": "#cabinet-detail", "uv": [ 0.0, 0.0, 16.0, 16.0 ], "autoUv": false }
					}
				},
				{
					"name": "Bored B",
					"from": [ -7.0, -3.0, 1.0 ], 
					"to": [ 7.0, -2.6, 14.0 ], 
					"rotationOrigin": [ -7.0, -3.0, 1.0 ],
					"faces": {
						"north": { "texture": "#lid", "uv": [ 0.0, 0.0, 16.5, 0.5 ], "enabled": false, "autoUv": false },
						"east": { "texture": "#lid", "uv": [ 0.0, 0.0, 16.0, 0.5 ], "enabled": false, "autoUv": false },
						"south": { "texture": "#lid", "uv": [ 0.0, 13.5, 16.0, 16.0 ], "autoUv": false },
						"west": { "texture": "#lid", "uv": [ 0.0, 0.0, 16.0, 0.5 ], "enabled": false, "autoUv": false },
						"up": { "texture": "#cabinet-detail", "uv": [ 0.0, 0.0, 16.0, 16.0 ], "autoUv": false },
						"down": { "texture": "#cabinet-detail", "uv": [ 0.0, 0.0, 16.0, 16.0 ], "autoUv": false }
					}
				},
				{
					"name": "Frame S Front W",
					"from": [ -8.0, 6.0, 1.0 ], 
					"to": [ -7.0, 7.0, 15.0 ], 
					"rotationOrigin": [ -8.0, 6.0, 1.0 ],
					"faces": {
						"north": { "texture": "#lid", "uv": [ 0.0, 0.0, 16.0, 2.5 ], "rotation": 180, "autoUv": false },
						"east": { "texture": "#lid", "uv": [ 0.0, 0.0, 16.0, 2.5 ], "rotation": 180, "autoUv": false },
						"south": { "texture": "#lid", "uv": [ 0.0, 0.0, 16.0, 2.5 ], "rotation": 180, "autoUv": false },
						"west": { "texture": "#lid", "uv": [ 0.0, 0.0, 16.0, 2.5 ], "rotation": 180, "autoUv": false },
						"up": { "texture": "#lid", "uv": [ 0.0, 0.0, 16.0, 2.5 ], "rotation": 90, "enabled": false, "autoUv": false },
						"down": { "texture": "#lid", "uv": [ 0.0, 0.0, 16.0, 2.5 ], "rotation": 180, "enabled": false, "autoUv": false }
					},
					"children": [
						{
							"name": "Frame S Front W B",
							"from": [ 0.0, -14.0, 0.0 ], 
							"to": [ 1.0, -12.0, 14.0 ], 
							"rotationOrigin": [ 0.0, -14.0, 0.0 ],
							"faces": {
								"north": { "texture": "#lid", "uv": [ 0.0, 0.0, 16.0, 2.5 ], "enabled": false, "autoUv": false },
								"east": { "texture": "#lid", "uv": [ 0.0, 0.0, 16.0, 2.5 ], "autoUv": false },
								"south": { "texture": "#lid", "uv": [ 0.0, 0.0, 16.0, 2.5 ], "rotation": 180, "enabled": false, "autoUv": false },
								"west": { "texture": "#lid", "uv": [ 0.0, 0.0, 16.0, 2.5 ], "autoUv": false },
								"up": { "texture": "#lid", "uv": [ 0.0, 0.0, 16.0, 2.5 ], "rotation": 90, "autoUv": false },
								"down": { "texture": "#lid", "uv": [ 0.0, 0.0, 16.0, 2.5 ], "rotation": 270, "autoUv": false }
							}
						}
					]
				},
				{
					"name": "Frame S Front N",
					"from": [ -8.0, 6.0, 0.0 ], 
					"to": [ 8.0, 7.0, 1.0 ], 
					"rotationOrigin": [ -8.0, 6.0, 0.0 ],
					"faces": {
						"north": { "texture": "#lid", "uv": [ 0.0, 0.0, 16.0, 2.5 ], "rotation": 180, "autoUv": false },
						"east": { "texture": "#lid", "uv": [ 0.0, 0.0, 2.5, 2.5 ], "rotation": 180, "autoUv": false },
						"south": { "texture": "#lid", "uv": [ 0.0, 0.0, 16.0, 2.5 ], "rotation": 180, "autoUv": false },
						"west": { "texture": "#lid", "uv": [ 0.0, 0.0, 2.5, 2.5 ], "rotation": 180, "autoUv": false },
						"up": { "texture": "#lid", "uv": [ 0.0, 0.0, 2.5, 2.5 ], "rotation": 90, "enabled": false, "autoUv": false },
						"down": { "texture": "#lid", "uv": [ 0.0, 0.0, 16.0, 2.5 ], "rotation": 180, "enabled": false, "autoUv": false }
					},
					"children": [
						{
							"name": "Frame S Front N B",
							"from": [ 0.0, -14.0, 0.0 ], 
							"to": [ 16.0, -12.0, 1.0 ], 
							"rotationOrigin": [ 0.0, -14.0, 0.0 ],
							"faces": {
								"north": { "texture": "#lid", "uv": [ 0.0, 0.0, 16.0, 2.5 ], "autoUv": false },
								"east": { "texture": "#lid", "uv": [ 0.0, 0.0, 2.5, 2.5 ], "autoUv": false },
								"south": { "texture": "#lid", "uv": [ 0.0, 0.0, 16.0, 2.5 ], "autoUv": false },
								"west": { "texture": "#lid", "uv": [ 0.0, 0.0, 2.5, 2.5 ], "autoUv": false },
								"up": { "texture": "#lid", "uv": [ 0.0, 0.0, 2.5, 2.5 ], "rotation": 90, "enabled": false, "autoUv": false },
								"down": { "texture": "#lid", "uv": [ 0.0, 0.0, 16.0, 2.5 ], "rotation": 180, "autoUv": false }
							}
						}
					]
				},
				{
					"name": "Frame S Front E",
					"from": [ 7.0, 6.0, 1.0 ], 
					"to": [ 8.0, 7.0, 15.0 ], 
					"rotationOrigin": [ 7.0, 6.0, 1.0 ],
					"faces": {
						"north": { "texture": "#lid", "uv": [ 0.0, 0.0, 16.0, 2.5 ], "rotation": 180, "autoUv": false },
						"east": { "texture": "#lid", "uv": [ 0.0, 0.0, 16.0, 2.5 ], "rotation": 180, "autoUv": false },
						"south": { "texture": "#lid", "uv": [ 0.0, 0.0, 16.0, 2.5 ], "rotation": 180, "autoUv": false },
						"west": { "texture": "#lid", "uv": [ 0.0, 0.0, 16.0, 2.5 ], "rotation": 180, "autoUv": false },
						"up": { "texture": "#lid", "uv": [ 0.0, 0.0, 16.0, 2.5 ], "rotation": 90, "enabled": false, "autoUv": false },
						"down": { "texture": "#lid", "uv": [ 0.0, 0.0, 16.0, 2.5 ], "rotation": 180, "enabled": false, "autoUv": false }
					},
					"children": [
						{
							"name": "Frame S Front E B",
							"from": [ 0.0, -14.0, 0.0 ], 
							"to": [ 1.0, -12.0, 14.0 ], 
							"rotationOrigin": [ 0.0, -14.0, 0.0 ],
							"faces": {
								"north": { "texture": "#lid", "uv": [ 0.0, 0.0, 16.0, 2.5 ], "enabled": false, "autoUv": false },
								"east": { "texture": "#lid", "uv": [ 0.0, 0.0, 16.0, 2.5 ], "autoUv": false },
								"south": { "texture": "#lid", "uv": [ 0.0, 0.0, 16.0, 2.5 ], "rotation": 180, "enabled": false, "autoUv": false },
								"west": { "texture": "#lid", "uv": [ 0.0, 0.0, 16.0, 2.5 ], "autoUv": false },
								"up": { "texture": "#lid", "uv": [ 0.0, 0.0, 16.0, 2.5 ], "rotation": 90, "autoUv": false },
								"down": { "texture": "#lid", "uv": [ 0.0, 0.0, 16.0, 2.5 ], "rotation": 90, "autoUv": false }
							}
						}
					]
				}
			]
		}
	],
	"animations": [
		{
			"name": "lidopen",
			"code": "lidopen",
			"quantityframes": 30,
			"onActivityStopped": "EaseOut",
			"onAnimationEnd": "Hold",
			"keyframes": [
				{
					"frame": 0,
					"elements": {
						"Door": { "rotationX": 0.0, "rotationY": 0.0, "rotationZ": 0.0 }
					}
				},
				{
					"frame": 29,
					"elements": {
						"Door": { "rotationX": 0.0, "rotationY": -90.0, "rotationZ": 0.0 }
					}
				}
			]
		}
	]
}