{
	code: "chopfirewoodpile2",
	class: "BlockFirewoodPile",
	entityClass: "FirewoodPile",
	shape: {
		base: "block/basic/invisible"
	},
	textures: {
		"front": { base: "block/wood/firewood/front" },
		"side": { base: "block/wood/firewood/side" }
	},
	sidesolid: { all: false },
	sideopaque: { all: false },
	blockmaterial: "Wood",
	creativeinventory: { "general": ["*"] },
	replaceable: 400,
	resistance: 3,
	lightAbsorption: 0,
	materialDensity: 600,
	combustibleProps: {
		burnTemperature: 200,
		burnDuration: 15,
	},
	sounds: {
		"place": "block/planks",
		"hit": "block/planks",
		"break": "block/planks",
		"walk": "walk/wood"
	},

}