[
  {
    "op": "add",
    "path": "/attributesByType/*/campfireConstructable",
    "value": true,
    "file": "itemtypes/resource/stone.json"
  },
  {
    "op": "add",
    "path": "/attributesByType/stone-andesite/campfireConstructable",
    "value": true,
    "file": "itemtypes/resource/stone.json"
  },
  {
    "op": "add",
    "path": "/attributesByType/stone-basalt/campfireConstructable",
    "value": true,
    "file": "itemtypes/resource/stone.json"
  },
  {
    "op": "add",
    "path": "/attributesByType/stone-chalk/campfireConstructable",
    "value": true,
    "file": "itemtypes/resource/stone.json"
  },
  {
    "op": "add",
    "path": "/attributesByType/stone-granite/campfireConstructable",
    "value": true,
    "file": "itemtypes/resource/stone.json"
  },
  {
    "op": "add",
    "path": "/attributesByType/stone-limestone/campfireConstructable",
    "value": true,
    "file": "itemtypes/resource/stone.json"
  },
  {
    "op": "add",
    "path": "/attributesByType/stone-obsidian/campfireConstructable",
    "value": true,
    "file": "itemtypes/resource/stone.json"
  },
  {
    "op": "add",
    "path": "/attributesByType/stone-peridotite/campfireConstructable",
    "value": true,
    "file": "itemtypes/resource/stone.json"
  }
]