{
	"editor": {
		"allAngles": false,
		"entityTextureMode": false
	},
	"textureWidth": 16,
	"textureHeight": 16,
	"textureSizes": {
	},
	"textures": {
		"shinyiron": "block/metal/darkiron",
		"chevrons": "block/chevrons",
		"oak1": "block/oak1"
	},
	"elements": [
		{
			"name": "Tap",
			"from": [ 3.0, 0.0, 0.0 ], 
			"to": [ 6.0, 1.0, 1.0 ], 
			"rotationOrigin": [ 3.0, 0.0, 0.0 ],
			"faces": {
				"north": { "texture": "#shinyiron", "uv": [ 0.0, 0.0, 3.0, 1.0 ] },
				"east": { "texture": "#shinyiron", "uv": [ 0.0, 0.0, 1.0, 1.0 ] },
				"south": { "texture": "#shinyiron", "uv": [ 0.0, 0.0, 3.0, 1.0 ] },
				"west": { "texture": "#shinyiron", "uv": [ 0.0, 0.0, 1.0, 1.0 ] },
				"up": { "texture": "#shinyiron", "uv": [ 0.0, 0.0, 3.0, 1.0 ] },
				"down": { "texture": "#shinyiron", "uv": [ 0.0, 0.0, 3.0, 1.0 ] }
			},
			"children": [
				{
					"name": "Cube3",
					"from": [ 1.0, 0.0, 1.0 ], 
					"to": [ 2.0, 0.51, 7.0 ], 
					"rotationOrigin": [ 1.0, 0.0, 1.0 ],
					"faces": {
						"north": { "texture": "#shinyiron", "uv": [ 0.0, 0.0, 1.0, 0.5 ] },
						"east": { "texture": "#shinyiron", "uv": [ 0.0, 0.0, 6.0, 0.5 ] },
						"south": { "texture": "#shinyiron", "uv": [ 0.0, 0.0, 1.0, 0.5 ] },
						"west": { "texture": "#shinyiron", "uv": [ 0.0, 0.0, 6.0, 0.5 ] },
						"up": { "texture": "#shinyiron", "uv": [ 0.0, 0.0, 1.0, 6.0 ] },
						"down": { "texture": "#shinyiron", "uv": [ 0.0, 0.0, 1.0, 6.0 ] }
					}
				}
			]
		},
		{
			"name": "Cube4",
			"from": [ 2.0, 0.0, 7.0 ], 
			"to": [ 8.0, 3.0, 10.0 ], 
			"rotationOrigin": [ 2.0, 0.0, 7.0 ],
			"faces": {
				"north": { "texture": "#shinyiron", "uv": [ 0.0, 0.0, 6.0, 3.0 ] },
				"east": { "texture": "#shinyiron", "uv": [ 0.0, 0.0, 3.0, 3.0 ] },
				"south": { "texture": "#shinyiron", "uv": [ 0.0, 0.0, 6.0, 3.0 ] },
				"west": { "texture": "#shinyiron", "uv": [ 0.0, 0.0, 3.0, 3.0 ] },
				"up": { "texture": "#shinyiron", "uv": [ 0.0, 0.0, 6.0, 3.0 ] },
				"down": { "texture": "#shinyiron", "uv": [ 0.0, 0.0, 6.0, 3.0 ] }
			}
		},
		{
			"name": "Tap4",
			"from": [ 10.0, 0.0, 0.0 ], 
			"to": [ 13.0, 1.0, 1.0 ], 
			"rotationOrigin": [ 10.0, 0.0, 0.0 ],
			"faces": {
				"north": { "texture": "#shinyiron", "uv": [ 0.0, 0.0, 3.0, 1.0 ] },
				"east": { "texture": "#shinyiron", "uv": [ 0.0, 0.0, 1.0, 1.0 ] },
				"south": { "texture": "#shinyiron", "uv": [ 0.0, 0.0, 3.0, 1.0 ] },
				"west": { "texture": "#shinyiron", "uv": [ 0.0, 0.0, 1.0, 1.0 ] },
				"up": { "texture": "#shinyiron", "uv": [ 0.0, 0.0, 3.0, 1.0 ] },
				"down": { "texture": "#shinyiron", "uv": [ 0.0, 0.0, 3.0, 1.0 ] }
			},
			"children": [
				{
					"name": "Cube5",
					"from": [ 1.0, 0.0, 1.0 ], 
					"to": [ 2.0, 0.51, 6.0 ], 
					"rotationOrigin": [ 1.0, 0.0, 1.0 ],
					"faces": {
						"north": { "texture": "#shinyiron", "uv": [ 0.0, 0.0, 1.0, 0.5 ] },
						"east": { "texture": "#shinyiron", "uv": [ 0.0, 0.0, 5.0, 0.5 ] },
						"south": { "texture": "#shinyiron", "uv": [ 0.0, 0.0, 1.0, 0.5 ] },
						"west": { "texture": "#shinyiron", "uv": [ 0.0, 0.0, 5.0, 0.5 ] },
						"up": { "texture": "#shinyiron", "uv": [ 0.0, 0.0, 1.0, 5.0 ] },
						"down": { "texture": "#shinyiron", "uv": [ 0.0, 0.0, 1.0, 5.0 ] }
					}
				},
				{
					"name": "Cube6",
					"from": [ -4.0, 0.0, 5.0 ], 
					"to": [ -3.0, 0.51, 7.0 ], 
					"rotationOrigin": [ -4.0, 0.0, 5.0 ],
					"faces": {
						"north": { "texture": "#shinyiron", "uv": [ 0.0, 0.0, 1.0, 0.5 ] },
						"east": { "texture": "#shinyiron", "uv": [ 0.0, 0.0, 2.0, 0.5 ] },
						"south": { "texture": "#shinyiron", "uv": [ 0.0, 0.0, 1.0, 0.5 ] },
						"west": { "texture": "#shinyiron", "uv": [ 0.0, 0.0, 2.0, 0.5 ] },
						"up": { "texture": "#shinyiron", "uv": [ 0.0, 0.0, 1.0, 2.0 ] },
						"down": { "texture": "#shinyiron", "uv": [ 0.0, 0.0, 1.0, 2.0 ] }
					}
				},
				{
					"name": "Cube7",
					"from": [ -3.0, 0.0, 5.0 ], 
					"to": [ 1.0, 0.51, 6.0 ], 
					"rotationOrigin": [ -3.0, 0.0, 5.0 ],
					"faces": {
						"north": { "texture": "#shinyiron", "uv": [ 0.0, 0.0, 4.0, 0.5 ] },
						"east": { "texture": "#shinyiron", "uv": [ 0.0, 0.0, 1.0, 0.5 ] },
						"south": { "texture": "#shinyiron", "uv": [ 0.0, 0.0, 4.0, 0.5 ] },
						"west": { "texture": "#shinyiron", "uv": [ 0.0, 0.0, 1.0, 0.5 ] },
						"up": { "texture": "#shinyiron", "uv": [ 0.0, 0.0, 4.0, 1.0 ] },
						"down": { "texture": "#shinyiron", "uv": [ 0.0, 0.0, 4.0, 1.0 ] }
					},
					"children": [
						{
							"name": "Cube1",
							"from": [ -1.0, 0.0, 5.0 ], 
							"to": [ 2.0, 1.0, 8.0 ], 
							"rotationOrigin": [ -1.0, 0.0, 5.0 ],
							"faces": {
								"north": { "texture": "#shinyiron", "uv": [ 0.0, 0.0, 3.0, 1.0 ] },
								"east": { "texture": "#shinyiron", "uv": [ 0.0, 0.0, 3.0, 1.0 ] },
								"south": { "texture": "#shinyiron", "uv": [ 0.0, 0.0, 3.0, 1.0 ] },
								"west": { "texture": "#shinyiron", "uv": [ 0.0, 0.0, 3.0, 1.0 ] },
								"up": { "texture": "#shinyiron", "uv": [ 0.0, 0.0, 3.0, 3.0 ] },
								"down": { "texture": "#shinyiron", "uv": [ 0.0, 0.0, 3.0, 3.0 ] }
							},
							"children": [
								{
									"name": "Cube9",
									"from": [ 1.0, 1.0, 1.0 ], 
									"to": [ 2.0, 13.0, 2.0 ], 
									"rotationOrigin": [ 1.0, 1.0, 1.0 ],
									"faces": {
										"north": { "texture": "#oak1", "uv": [ 0.0, 0.0, 1.0, 12.0 ] },
										"east": { "texture": "#oak1", "uv": [ 0.0, 0.0, 1.0, 12.0 ] },
										"south": { "texture": "#oak1", "uv": [ 0.0, 0.0, 1.0, 12.0 ] },
										"west": { "texture": "#oak1", "uv": [ 0.0, 0.0, 1.0, 12.0 ] },
										"up": { "texture": "#oak1", "uv": [ 0.0, 0.0, 1.0, 1.0 ] },
										"down": { "texture": "#oak1", "uv": [ 0.0, 0.0, 1.0, 1.0 ] }
									},
									"children": [
										{
											"name": "Flag",
											"from": [ 1.0, 8.0, -6.0 ], 
											"to": [ 1.25, 11.0, 0.0 ], 
											"rotationOrigin": [ 1.0, 10.0, 0.0 ],
											"rotationX": -45.0,
											"faces": {
												"north": { "texture": "#shinyiron", "uv": [ 0.0, 0.0, 0.5, 3.0 ] },
												"east": { "texture": "#chevrons", "uv": [ 0.0, 0.0, 16.0, 3.0 ], "autoUv": false },
												"south": { "texture": "#shinyiron", "uv": [ 0.0, 0.0, 0.5, 3.0 ] },
												"west": { "texture": "#chevrons", "uv": [ 0.0, 0.0, 16.0, 3.0 ], "autoUv": false },
												"up": { "texture": "#shinyiron", "uv": [ 0.0, 0.0, 0.5, 6.0 ] },
												"down": { "texture": "#shinyiron", "uv": [ 0.0, 0.0, 0.5, 6.0 ] }
											},
											"children": [
												{
													"name": "Cube11",
													"from": [ 0.0, 2.0, 6.0 ], 
													"to": [ 0.25, 3.0, 7.0 ], 
													"rotationOrigin": [ 0.0, 2.0, 6.0 ],
													"faces": {
														"north": { "texture": "#chevrons", "uv": [ 0.0, 0.0, 0.5, 1.0 ] },
														"east": { "texture": "#chevrons", "uv": [ 3.5, 1.5, 7.5, 2.5 ], "autoUv": false },
														"south": { "texture": "#chevrons", "uv": [ 0.0, 0.0, 0.5, 1.0 ] },
														"west": { "texture": "#chevrons", "uv": [ 0.5, 1.5, 3.5, 2.5 ], "autoUv": false },
														"up": { "texture": "#chevrons", "uv": [ 0.0, 0.0, 0.5, 1.0 ] },
														"down": { "texture": "#chevrons", "uv": [ 0.0, 0.0, 0.5, 1.0 ] }
													}
												}
											]
										}
									]
								},
								{
									"name": "Handle",
									"from": [ 3.0, 0.5, 1.0 ], 
									"to": [ 3.5, 6.5, 1.5 ], 
									"rotationOrigin": [ 3.0, 0.5, 1.25 ],
									"rotationX": 45.0,
									"faces": {
										"north": { "texture": "#oak1", "uv": [ 0.0, 0.0, 0.5, 6.0 ] },
										"east": { "texture": "#oak1", "uv": [ 0.0, 0.0, 0.5, 6.0 ] },
										"south": { "texture": "#oak1", "uv": [ 0.0, 0.0, 0.5, 6.0 ] },
										"west": { "texture": "#oak1", "uv": [ 0.0, 0.0, 0.5, 6.0 ] },
										"up": { "texture": "#oak1", "uv": [ 0.0, 0.0, 0.5, 0.5 ] },
										"down": { "texture": "#oak1", "uv": [ 0.0, 0.0, 0.5, 0.5 ] }
									}
								}
							]
						}
					]
				}
			]
		}
	]}