[
  {
    "op": "add",
    "path": "/attributes/inCampFireProps",
    "value": {
      "transform": {
        "scale": 0.85,
        "origin": {
          "x": 0.5,
          "y": 0.0625,
          "z": 0.5
        },
        "translation": {
          "x": -0.03125,
          "y": 0.125,
          "z": 0
        },
        "rotation": {
          "x": 0,
          "y": 0,
          "z": 90
        }
      },
      "useCampfireModel": "Spit"
    },
    "file": "itemtypes/food/bushmeat.json"
  }
]