[
  {
    "op": "add",
    "path": "/attributesByType/*/inCampFireProps",
    "value": {
      "transform": {
        "scale": 0.6,
        "origin": {
          "x": 0.59,
          "y": -0.117,
          "z": 0.69
        },
        "translation": {
          "x": 0,
          "y": 0,
          "z": 0
        },
        "rotation": {
          "x": -45,
          "y": 60,
          "z": 90
        }
      },
      "useCampfireModel": "Over"
    },
    "file": "itemtypes/food/vegetable.json"
  }
]