[

  {
    "name": "bloomeryiron",
    "processingsteps": {
      "heating": 1482,
      "crushing": 1000
    },
    "processingTime": 4000,
    "ingredients": [
      {
        "validitems": [ "game:nugget-hematite", "game:nugget-magnetite", "game:nugget-limonite" ],
        "quantity": 20
      },
      {
        "validitems": [ "game:charcoal" ],
        "quantity": 1
      }
    ],
    "output": [
      {
        "validitems": [ "game:ingot-iron" ],
        "quantity": 1
      }
    ]

  },
  {
    "name": "Steel from Blistersteel",
    "processingsteps": {
      "heating": 1482,
      "crushing": 1000
    },
    "processingTime": 4000,
    "ingredients": [{"validitems": [ "game:ingot-blistersteel" ],"quantity": 1}],
    "output": [{"validitems": [ "game:ingot-steel" ],"quantity": 1}]

  },
  {
    "name": "Braided Copper Wire",
    "processingsteps": {

    },
    "processingTime": 1000,
    "ingredients": [
      {
        "validitems": [ "machines:wire-copper" ],
        "quantity": 2
      }

    ],
    "output": [
      {
        "validitems": [ "machines:braidedwire-copper" ],
        "quantity": 1
      }
    ]
  },
  {
    "name": "Copper Wire (Rods)",
    "processingsteps": {

    },
    "processingTime": 1000,
    "ingredients": [
      {
        "validitems": [ "machines:rod-copper" ],
        "quantity": 1
      }

    ],
    "output": [
      {
        "validitems": [ "machines:wire-copper" ],
        "quantity": 4
      }
    ]
  },
  {
    "name": "Copper Wire (Sheets)",
    "processingsteps": {

    },
    "processingTime": 1000,
    "ingredients": [
      {
        "validitems": [ "game:metalsheet-copper-down" ],
        "quantity": 1
      }

    ],
    "output": [
      {
        "validitems": [ "machines:wire-copper" ],
        "quantity": 4
      }
    ]
  },
  {
    "name": "bloomworker",
    "processingsteps": {
      "heating": 1000
    },
    "processingTime": 10000,
    "ingredients": [
      {
        "validitems": [ "game:ironbloom" ],
        "quantity": 1
      }

    ],
    "output": [
      {
        "validitems": [ "game:ingot-iron" ],
        "quantity": 1
      }
    ]

  },
  {
    "name": "steel channel",

    "processingTime": 5000,
    "ingredients": [
      {
        "validitems": [ "game:sheet-steel-down" ],
        "quantity": 1
      }

    ],
    "output": [
      {
        "validitems": [ "machines:metalchaneel-steel" ],
        "quantity": 2
      }
    ]

  },
  {
    "name": "Temporal Steel",

    "processingTime": 10000,
    "processingsteps": {
      "heating": 1500
    },
    "ingredients": [
      {
        "validitems": [ "game:ingot-steel" ],
        "quantity": 8
      },
      {
        "validitems": [ "game:gear-temporal" ],
        "quantity": 1
      }

    ],
    "output": [
      {
        "validitems": [ "machines:ingot-temporalsteel" ],
        "quantity": 8
      }
    ]

  },
  {
    "name": "Concrete",

    "processingTime": 2000,

    "ingredients": [
      {
        "validitems": [ "sand-" ],
        "quantity": 1
      },
      {
        "validitems": [ "game:quicklime" ],
        "quantity": 1
      },
      {
        "validitems": [ "game:waterportion" ],
        "quantity": 100
      },
      {
        "validitems": [ "stone-" ],
        "quantity": 8
      }

    ],
    "output": [
      {
        "validitems": [ "machines:concrete-internal" ],
        "quantity": 1
      }
    ]

  },
  {
    "name": "Red Concrete",

    "processingTime": 2000,

    "ingredients": [
      {
        "validitems": [ "sand-" ],
        "quantity": 1
      },
      {
        "validitems": [ "game:quicklime" ],
        "quantity": 1
      },
      {
        "validitems": [ "game:dye-red" ],
        "quantity": 100
      },
      {
        "validitems": [ "stone-" ],
        "quantity": 16
      }

    ],
    "output": [
      {
        "validitems": [ "machines:concrete-red" ],
        "quantity": 8
      }
    ]

  },
  {
    "name": "Blue Concrete",

    "processingTime": 2000,

    "ingredients": [
      {
        "validitems": [ "sand-" ],
        "quantity": 1
      },
      {
        "validitems": [ "game:quicklime" ],
        "quantity": 1
      },
      {
        "validitems": [ "game:dye-blue" ],
        "quantity": 100
      },
      {
        "validitems": [ "stone-" ],
        "quantity": 16
      }

    ],
    "output": [
      {
        "validitems": [ "machines:concrete-blue" ],
        "quantity": 8
      }
    ]
  },
  {
    "name": "Yellow Concrete",

    "processingTime": 2000,

    "ingredients": [
      {
        "validitems": [ "sand-" ],
        "quantity": 1
      },
      {
        "validitems": [ "game:quicklime" ],
        "quantity": 1
      },
      {
        "validitems": [ "game:dye-yellow" ],
        "quantity": 100
      },
      {
        "validitems": [ "stone-" ],
        "quantity": 16
      }

    ],
    "output": [
      {
        "validitems": [ "machines:concrete-yellow" ],
        "quantity": 8
      }
    ]

  },
  {
    "name": "White Concrete",

    "processingTime": 2000,

    "ingredients": [
      {
        "validitems": [ "sand-" ],
        "quantity": 1
      },
      {
        "validitems": [ "game:quicklime" ],
        "quantity": 1
      },
      {
        "validitems": [ "game:dye-white" ],
        "quantity": 100
      },
      {
        "validitems": [ "stone-" ],
        "quantity": 16
      }

    ],
    "output": [
      {
        "validitems": [ "machines:concrete-white" ],
        "quantity": 8
      }
    ]

  },
  {
    "name": "Black Concrete",

    "processingTime": 2000,

    "ingredients": [
      {
        "validitems": [ "sand-" ],
        "quantity": 1
      },
      {
        "validitems": [ "game:quicklime" ],
        "quantity": 1
      },
      {
        "validitems": [ "game:dye-black" ],
        "quantity": 100
      },
      {
        "validitems": [ "stone-" ],
        "quantity": 16
      }

    ],
    "output": [
      {
        "validitems": [ "machines:concrete-black" ],
        "quantity": 8
      }
    ]

  },
  {
    "name": "Purple Concrete",

    "processingTime": 2000,

    "ingredients": [
      {
        "validitems": [ "sand-" ],
        "quantity": 1
      },
      {
        "validitems": [ "game:quicklime" ],
        "quantity": 1
      },
      {
        "validitems": [ "game:dye-purple" ],
        "quantity": 100
      },
      {
        "validitems": [ "stone-" ],
        "quantity": 16
      }

    ],
    "output": [
      {
        "validitems": [ "machines:concrete-purple" ],
        "quantity": 8
      }
    ]

  },
  {
    "name": "Brown Concrete",

    "processingTime": 2000,

    "ingredients": [
      {
        "validitems": [ "sand-" ],
        "quantity": 1
      },
      {
        "validitems": [ "game:quicklime" ],
        "quantity": 1
      },
      {
        "validitems": [ "game:dye-brown" ],
        "quantity": 100
      },
      {
        "validitems": [ "stone-" ],
        "quantity": 16
      }

    ],
    "output": [
      {
        "validitems": [ "machines:concrete-brown" ],
        "quantity": 8
      }
    ]

  },
  {
    "name": "Green Concrete",

    "processingTime": 2000,

    "ingredients": [
      {
        "validitems": [ "sand-" ],
        "quantity": 1
      },
      {
        "validitems": [ "game:quicklime" ],
        "quantity": 1
      },
      {
        "validitems": [ "game:dye-green" ],
        "quantity": 100
      },
      {
        "validitems": [ "stone-" ],
        "quantity": 16
      }

    ],
    "output": [
      {
        "validitems": [ "machines:concrete-green" ],
        "quantity": 8
      }
    ]

  },
  {
    "name": "Orange Concrete",

    "processingTime": 2000,

    "ingredients": [
      {
        "validitems": [ "sand-" ],
        "quantity": 1
      },
      {
        "validitems": [ "game:quicklime" ],
        "quantity": 1
      },
      {
        "validitems": [ "game:dye-orange" ],
        "quantity": 100
      },
      {
        "validitems": [ "stone-" ],
        "quantity": 16
      }

    ],
    "output": [
      {
        "validitems": [ "machines:concrete-orange" ],
        "quantity": 8
      }
    ]

  },
  {
    "name": "Gray Concrete",

    "processingTime": 2000,

    "ingredients": [
      {
        "validitems": [ "sand-" ],
        "quantity": 1
      },
      {
        "validitems": [ "game:quicklime" ],
        "quantity": 1
      },
      {
        "validitems": [ "game:dye-gray" ],
        "quantity": 100
      },
      {
        "validitems": [ "stone-" ],
        "quantity": 16
      }

    ],
    "output": [
      {
        "validitems": [ "machines:concrete-gray" ],
        "quantity": 8
      }
    ]

  },
  {
    "name": "Pink Concrete",

    "processingTime": 2000,

    "ingredients": [
      {
        "validitems": [ "sand-" ],
        "quantity": 1
      },
      {
        "validitems": [ "game:quicklime" ],
        "quantity": 1
      },
      {
        "validitems": [ "game:dye-pink" ],
        "quantity": 100
      },
      {
        "validitems": [ "stone-" ],
        "quantity": 16
      }

    ],
    "output": [
      {
        "validitems": [ "machines:concrete-pink" ],
        "quantity": 8
      }
    ]

  },
  {
    "name": "Industrial Glass",

    "processingTime": 2000,

    "ingredients": [
      {
        "validitems": [ "game:waterportion" ],
        "quantity": 500
      },
      {
        "validitems": [ "game:crushed-quartz", "game:crushed-clearquartz" ],
        "quantity": 8
      }


    ],
    "output": [
      {
        "validitems": [ "machines:industrialglass-plain" ],
        "quantity": 1
      }
    ]

  },
  {
    "name": "Rubber",

    "processingTime": 3000,
    "processingsteps": {
      "heating": 500
    },
    "ingredients": [
      {
        "validitems": [ "game:powderedsulfur"],
        "quantity": 1
      },
      {
        "validitems": [ "game:resin" ],
        "quantity": 1
      }


    ],
    "output": [
      {
        "validitems": [ "machines:liquidrubberportion" ],
        "quantity": 50
      }
    ]

  },
  {
    "name": "Copper Cable",
    "processingTime": 3000,"processingsteps": {"heating": 500},
    "ingredients": [
      { "validitems": [ "machines:liquidrubberportion"],"quantity": 50},
      { "validitems": [ "machines:braidedwire-copper" ],"quantity": 1}
    ],
    "output": [{"validitems": [ "machines:cable-copper" ],"quantity": 1}]
  },
  {
    "name": "Blister Steel",
    "processingTime": 15000,"processingsteps": {"heating": 1500,"airflow":5000},
    "ingredients": [
      { "validitems": [ "game:ingot-iron"],"quantity": 1},
      
    ],
    "output": [{"validitems": [ "game:ingot-blistersteel" ],"quantity": 1}]
  },
  {
    "name": "Rubber Sheet",
    "processingTime": 3000,"processingsteps": {"heating": 500},
    "ingredients": [
      { "validitems": [ "machines:liquidrubberportion"],"quantity": 50}
      
    ],
    "output": [{"validitems": [ "machines:industrialsheet-rubber-down" ],"quantity": 1}]
  },
  {
    "name": "Charcoal (Sticks)",
    "processingsteps": {"heating": 1000,"airflow":2000},
    "processingTime": 10000,
    "ingredients": [{"validitems": [ "game:stick" ],"quantity": 32}],
    "output": [{"validitems": [ "game:charcoal" ],"quantity": 1}],
    "noattributes": true
  },
  {
    "name": "Charcoal (Firewood)",
    "processingsteps": {"heating": 1000,"airflow":1000},
    "processingTime": 10000,
    "ingredients": [{"validitems": [ "game:firewood" ],"quantity": 16}],
    "output": [{"validitems": [ "game:charcoal" ],"quantity": 4}],
    "noattributes": true
  },
  {
    "name": "Coke",
    "processingsteps": {"heating": 1500,"airflow":5000},
    "processingTime": 20000,
    "ingredients": [{"validitems": [ "game:ore-lignite","game:ore-bituminouscoal" ],"quantity": 16}],
    "output": [{"validitems": [ "game:coke" ],"quantity": 16}],
    "noattributes": true
  },
  {
    "name": "Vacuum Tube Casing",
    "processingsteps": {"heating": 1000},
    "processingTime": 20000,
    "ingredients": [{"validitems": [ "game:glassslab-plain-down-free" ],"quantity": 1}],
    "output": [{"validitems": [ "machines:vacuum-casing" ],"quantity": 1}],
    "noattributes": false
  }
  
]

