{
	"editor": {
		"allAngles": false,
		"entityTextureMode": false
	},
	"textureWidth": 16,
	"textureHeight": 16,
	"textureSizes": {
	},
	"textures": {
	},
	"elements": [
		{
			"name": "Core Master",
			"from": [ 8.0, 8.0, 68.0 ], 
			"to": [ 8.0, 8.0, 68.0 ], 
			"rotationOrigin": [ 8.0, 8.0, 8.0 ],
			"faces": {
				"north": { "texture": "#bricks", "uv": [ 0.0, 0.0, 0.5, 0.5 ], "enabled": false },
				"east": { "texture": "#bricks", "uv": [ 0.0, 0.0, 0.5, 0.5 ], "enabled": false },
				"south": { "texture": "#bricks", "uv": [ 0.0, 0.0, 0.5, 0.5 ], "enabled": false },
				"west": { "texture": "#bricks", "uv": [ 0.0, 0.0, 0.5, 0.5 ], "enabled": false },
				"up": { "texture": "#bricks", "uv": [ 0.0, 0.0, 0.5, 0.5 ], "enabled": false },
				"down": { "texture": "#bricks", "uv": [ 0.0, 0.0, 0.5, 0.5 ], "enabled": false }
			},
			"children": [
				{
					"name": "Core2",
					"from": [ -6.99, -7.0, -53.0 ], 
					"to": [ 1.01, 7.0, -52.0 ], 
					"rotationOrigin": [ -7.0, 7.0, -53.0 ],
					"rotationY": 89.9802127184967,
					"faces": {
						"north": { "texture": "#bricks", "uv": [ 1.0, 1.0, 9.0, 15.0 ], "enabled": false },
						"east": { "texture": "#bricks", "uv": [ 0.0, 0.5, 1.0, 14.5 ], "enabled": false },
						"south": { "texture": "#bricks", "uv": [ 0.0, 1.0, 8.0, 15.0 ] },
						"west": { "texture": "#bricks", "uv": [ 0.0, 0.0, 1.0, 14.0 ], "enabled": false },
						"up": { "texture": "#bricks", "uv": [ 0.0, 0.0, 8.0, 1.0 ], "enabled": false },
						"down": { "texture": "#bricks", "uv": [ 0.0, 0.0, 8.0, 1.0 ], "enabled": false }
					}
				},
				{
					"name": "Core1",
					"from": [ 6.0, -7.0, -53.0045 ], 
					"to": [ 14.0, 7.0, -52.0045 ], 
					"rotationOrigin": [ 6.0, 7.0, -53.0 ],
					"rotationY": 89.9802127184967,
					"faces": {
						"north": { "texture": "#bricks", "uv": [ 0.0, 1.0, 8.0, 15.0 ] },
						"east": { "texture": "#bricks", "uv": [ 0.0, 0.0, 1.0, 14.0 ], "enabled": false },
						"south": { "texture": "#bricks", "uv": [ 0.0, 0.0, 8.0, 14.0 ], "enabled": false },
						"west": { "texture": "#bricks", "uv": [ 0.0, 0.0, 1.0, 14.0 ], "enabled": false },
						"up": { "texture": "#bricks", "uv": [ 0.0, 0.0, 8.0, 1.0 ], "enabled": false },
						"down": { "texture": "#bricks", "uv": [ 0.0, 0.0, 8.0, 1.0 ], "enabled": false }
					}
				},
				{
					"name": "Core3",
					"from": [ -6.0, -7.0, -67.0 ], 
					"to": [ -4.0, 7.0, -61.0 ], 
					"rotationOrigin": [ -6.0, 7.0, -67.0 ],
					"faces": {
						"north": { "texture": "#bricks", "uv": [ 0.0, 1.0, 4.0, 14.5 ], "enabled": false, "autoUv": false },
						"east": { "texture": "#bricks", "uv": [ 9.0, 1.0, 15.0, 15.0 ] },
						"south": { "texture": "#bricks", "uv": [ 0.0, 1.0, 2.0, 15.0 ] },
						"west": { "texture": "#bricks", "uv": [ 8.0, 1.0, 15.0, 14.5 ], "enabled": false, "autoUv": false },
						"up": { "texture": "#bricks", "uv": [ 0.0, 0.0, 2.0, 6.0 ], "enabled": false },
						"down": { "texture": "#bricks", "uv": [ 0.0, 0.0, 2.0, 6.0 ], "enabled": false }
					}
				},
				{
					"name": "Core0",
					"from": [ 5.0, -7.0, -52.0 ], 
					"to": [ 15.0, 0.5, -51.0 ], 
					"rotationOrigin": [ 5.0, 7.0, -52.0 ],
					"rotationX": -179.9999678050798,
					"rotationY": -5.0089554488415E-6,
					"rotationZ": -179.9999678050798,
					"faces": {
						"north": { "texture": "#bricks", "uv": [ 3.0, 7.5, 13.0, 15.0 ] },
						"east": { "texture": "#bricks", "uv": [ 0.0, 0.0, 1.0, 7.5 ], "enabled": false },
						"south": { "texture": "#bricks", "uv": [ 3.0, 7.0, 13.0, 14.5 ], "enabled": false },
						"west": { "texture": "#bricks", "uv": [ 0.0, 0.0, 1.0, 7.5 ], "enabled": false },
						"up": { "texture": "#frame", "uv": [ 0.0, 0.0, 16.0, 3.0 ], "autoUv": false },
						"down": { "texture": "#bricks", "uv": [ 0.0, 12.5, 10.0, 13.5 ], "enabled": false }
					}
				},
				{
					"name": "Core4",
					"from": [ 4.0, -7.0, -67.0 ], 
					"to": [ 6.0, 7.0, -61.0 ], 
					"rotationOrigin": [ 4.0, 7.0, -67.0 ],
					"faces": {
						"north": { "texture": "#bricks", "uv": [ 0.0, 0.0, 2.0, 14.0 ], "enabled": false },
						"east": { "texture": "#bricks", "uv": [ 0.0, 0.0, 6.0, 14.0 ], "enabled": false },
						"south": { "texture": "#bricks", "uv": [ 0.0, 1.0, 2.0, 15.0 ] },
						"west": { "texture": "#bricks", "uv": [ 0.0, 1.0, 6.0, 15.0 ] },
						"up": { "texture": "#bricks", "uv": [ 0.0, 0.0, 2.0, 6.0 ], "enabled": false },
						"down": { "texture": "#bricks", "uv": [ 0.0, 0.0, 2.0, 6.0 ], "enabled": false }
					}
				},
				{
					"name": "Core8",
					"from": [ -8.0, -7.0, -68.0 ], 
					"to": [ 8.0, 7.0, -67.0 ], 
					"rotationOrigin": [ -8.0, 7.0, -68.0 ],
					"faces": {
						"north": { "texture": "#bricks", "uv": [ 0.0, 1.0, 16.0, 15.0 ] },
						"east": { "texture": "#bricks", "uv": [ 15.0, 1.0, 16.0, 15.0 ] },
						"south": { "texture": "#bricks", "uv": [ 0.0, 1.0, 16.0, 15.0 ] },
						"west": { "texture": "#bricks", "uv": [ 0.0, 1.0, 1.0, 15.0 ] },
						"up": { "texture": "#bricks", "uv": [ 0.0, 0.0, 16.0, 1.0 ] },
						"down": { "texture": "#bricks", "uv": [ 0.0, 0.0, 16.0, 1.0 ] }
					}
				},
				{
					"name": "Core10",
					"from": [ 8.0, -7.0, -52.0 ], 
					"to": [ 11.0, 5.5, -51.0 ], 
					"rotationOrigin": [ 8.0, 7.0, -52.0 ],
					"rotationX": -179.9999678050798,
					"rotationY": -5.0089554488415E-6,
					"rotationZ": -179.9999678050798,
					"faces": {
						"north": { "texture": "#bricks", "uv": [ 13.0, 2.5, 16.0, 15.0 ] },
						"east": { "texture": "#frame", "uv": [ 0.0, 0.0, 16.0, 3.0 ], "rotation": 90, "autoUv": false },
						"south": { "texture": "#bricks", "uv": [ 13.0, 1.5, 16.0, 14.0 ], "enabled": false },
						"west": { "texture": "#bricks", "uv": [ 0.0, 2.5, 1.0, 15.0 ] },
						"up": { "texture": "#bricks", "uv": [ 0.0, 0.0, 3.0, 1.0 ], "enabled": false },
						"down": { "texture": "#bricks", "uv": [ 0.0, 0.0, 3.0, 1.0 ], "enabled": false }
					}
				},
				{
					"name": "Core9",
					"from": [ 8.0, 5.5, -52.0 ], 
					"to": [ 24.0, 7.0, -51.0 ], 
					"rotationOrigin": [ 8.0, 20.0, -52.0 ],
					"rotationX": -179.9999678050798,
					"rotationY": -5.0089554488415E-6,
					"rotationZ": -179.9999678050798,
					"faces": {
						"north": { "texture": "#bricks", "uv": [ 0.0, 1.0, 16.0, 2.5 ] },
						"east": { "texture": "#bricks", "uv": [ 15.0, 1.5, 16.0, 3.0 ], "rotation": 180 },
						"south": { "texture": "#front", "uv": [ 0.0, 1.5, 16.0, 3.0 ], "enabled": false, "autoUv": false },
						"west": { "texture": "#bricks", "uv": [ 15.0, 1.5, 16.0, 3.0 ] },
						"up": { "texture": "#bricks", "uv": [ 0.0, 0.0, 16.0, 1.0 ], "enabled": false },
						"down": { "texture": "#frame", "uv": [ 0.0, 0.0, 16.0, 3.0 ], "autoUv": false }
					}
				},
				{
					"name": "Core11",
					"from": [ -5.0, -7.0, -52.0 ], 
					"to": [ -2.0, 5.5, -51.0 ], 
					"rotationOrigin": [ -5.0, 7.0, -52.0 ],
					"rotationX": -179.9999678050798,
					"rotationY": -5.0089554488415E-6,
					"rotationZ": -179.9999678050798,
					"faces": {
						"north": { "texture": "#bricks", "uv": [ 0.0, 2.5, 3.0, 15.0 ] },
						"east": { "texture": "#bricks", "uv": [ 15.0, 2.5, 16.0, 15.0 ] },
						"south": { "texture": "#bricks", "uv": [ 0.0, 1.5, 3.0, 14.0 ], "enabled": false },
						"west": { "texture": "#frame", "uv": [ 0.0, 0.0, 16.0, 3.0 ], "rotation": 270, "autoUv": false },
						"up": { "texture": "#bricks", "uv": [ 0.0, 0.0, 3.0, 1.0 ], "enabled": false },
						"down": { "texture": "#bricks", "uv": [ 0.0, 0.0, 3.0, 1.0 ], "enabled": false }
					}
				},
				{
					"name": "CoreT",
					"from": [ -8.0, 7.0, -68.0 ], 
					"to": [ 8.0, 8.0, -52.0 ], 
					"rotationOrigin": [ -8.0, 7.0, -68.0 ],
					"faces": {
						"north": { "texture": "#bricks", "uv": [ 0.0, 0.0, 16.0, 1.0 ], "autoUv": false },
						"east": { "texture": "#bricks", "uv": [ 0.0, 0.0, 16.0, 1.0 ], "autoUv": false },
						"south": { "texture": "#bricks", "uv": [ 0.0, 0.0, 16.0, 1.0 ] },
						"west": { "texture": "#bricks", "uv": [ 0.0, 0.0, 16.0, 1.0 ] },
						"up": { "texture": "#bricks", "uv": [ 0.0, 0.0, 16.0, 16.0 ], "rotation": 90 },
						"down": { "texture": "#bricks", "uv": [ 0.0, 0.0, 16.0, 16.0 ], "rotation": 270 }
					}
				},
				{
					"name": "Core B",
					"from": [ -8.0, -8.0, -57.0 ], 
					"to": [ 8.0, -7.0, -52.0 ], 
					"rotationOrigin": [ -8.0, -8.0, -57.0 ],
					"faces": {
						"north": { "texture": "#bricks", "uv": [ 0.0, 15.0, 16.0, 16.0 ] },
						"east": { "texture": "#bricks", "uv": [ 7.5, 15.0, 12.5, 16.0 ] },
						"south": { "texture": "#bricks", "uv": [ 0.0, 15.0, 16.0, 16.0 ], "autoUv": false },
						"west": { "texture": "#bricks", "uv": [ 7.5, 15.0, 12.5, 16.0 ] },
						"up": { "texture": "#bricks", "uv": [ 0.0, 11.0, 16.0, 16.0 ] },
						"down": { "texture": "#bricks", "uv": [ 0.0, 10.5, 16.0, 15.5 ] }
					}
				},
				{
					"name": "Core24",
					"from": [ -7.0, -7.0, -53.0 ], 
					"to": [ -6.0, 7.0, -39.0 ], 
					"rotationOrigin": [ -7.0, -7.0, -53.0 ],
					"rotationX": -179.99995414470382,
					"rotationY": -5.008955041730523E-6,
					"rotationZ": -179.99995414470382,
					"faces": {
						"north": { "texture": "#bricks", "uv": [ 0.0, 0.0, 1.0, 14.0 ], "enabled": false },
						"east": { "texture": "#bricks", "uv": [ 1.0, 1.0, 15.0, 15.0 ] },
						"south": { "texture": "#bricks", "uv": [ 0.0, 0.0, 1.0, 14.0 ], "enabled": false },
						"west": { "texture": "#bricks", "uv": [ 0.0, 0.0, 14.0, 14.0 ], "enabled": false },
						"up": { "texture": "#bricks", "uv": [ 0.0, 0.0, 1.0, 14.0 ], "enabled": false },
						"down": { "texture": "#bricks", "uv": [ 0.0, 0.0, 1.0, 14.0 ], "enabled": false }
					}
				},
				{
					"name": "Core25",
					"from": [ 8.0, -7.0, -53.0 ], 
					"to": [ 9.0, 7.0, -39.0 ], 
					"rotationOrigin": [ 8.0, -7.0, -53.0 ],
					"rotationX": -179.99995414470382,
					"rotationY": -5.008955041730523E-6,
					"rotationZ": -179.99995414470382,
					"faces": {
						"north": { "texture": "#bricks", "uv": [ 0.0, 0.0, 1.0, 14.0 ], "enabled": false },
						"east": { "texture": "#bricks", "uv": [ 1.0, 1.0, 15.0, 15.0 ], "enabled": false },
						"south": { "texture": "#bricks", "uv": [ 0.0, 0.0, 1.0, 14.0 ], "enabled": false },
						"west": { "texture": "#bricks", "uv": [ 1.0, 1.0, 15.0, 15.0 ] },
						"up": { "texture": "#bricks", "uv": [ 0.0, 0.0, 1.0, 14.0 ], "enabled": false },
						"down": { "texture": "#bricks", "uv": [ 0.0, 0.0, 1.0, 14.0 ], "enabled": false }
					}
				},
				{
					"name": "MasterDoor",
					"from": [ 0.0, 1.5, -52.0 ], 
					"to": [ 0.0, 1.5, -52.0 ], 
					"rotationOrigin": [ 0.0, 1.0, -52.0 ],
					"rotationX": 90.00001554900759,
					"rotationY": -3.256887814995224E-12,
					"rotationZ": 179.99995414470382,
					"faces": {
						"north": { "texture": "#null", "uv": [ 0.0, 0.0, 0.5, 0.5 ], "enabled": false },
						"east": { "texture": "#null", "uv": [ 0.0, 0.0, 0.5, 0.5 ], "enabled": false },
						"south": { "texture": "#null", "uv": [ 0.0, 0.0, 0.5, 0.5 ], "enabled": false },
						"west": { "texture": "#null", "uv": [ 0.0, 0.0, 0.5, 0.5 ], "enabled": false },
						"up": { "texture": "#null", "uv": [ 0.0, 0.0, 0.5, 0.5 ], "enabled": false },
						"down": { "texture": "#null", "uv": [ 0.0, 0.0, 0.5, 0.5 ], "enabled": false }
					},
					"children": [
						{
							"name": "Door",
							"from": [ -5.0, -0.5, -4.5 ], 
							"to": [ 5.0, 0.0, 0.5 ], 
							"rotationOrigin": [ -5.0, -0.5, -4.0 ],
							"rotationX": 9.663812809509168E-12,
							"rotationY": -1.1155898440676632E-5,
							"rotationZ": 9.408068559284419E-19,
							"faces": {
								"north": { "texture": "#lid", "uv": [ 2.0, 0.0, 14.5, 0.5 ], "autoUv": false },
								"east": { "texture": "#lid", "uv": [ 0.0, 1.0, 0.5, 6.0 ], "rotation": 90 },
								"south": { "texture": "#lid", "uv": [ 3.0, 0.0, 13.0, 0.5 ], "autoUv": false },
								"west": { "texture": "#lid", "uv": [ 0.0, 1.5, 0.5, 6.5 ], "rotation": 270, "autoUv": false },
								"up": { "texture": "#lid", "uv": [ 0.0, 0.0, 16.0, 8.0 ], "autoUv": false },
								"down": { "texture": "#lid", "uv": [ 0.0, 0.0, 16.0, 8.0 ], "autoUv": false }
							},
							"children": [
								{
									"name": "Handle1",
									"from": [ 7.5, -0.9, 1.0 ], 
									"to": [ 8.0, -0.4, 6.0 ], 
									"rotationOrigin": [ 7.5, -1.0, 1.0 ],
									"rotationY": -90.0,
									"faces": {
										"north": { "texture": "#frame", "uv": [ 0.0, 0.0, 2.0, 3.0 ], "autoUv": false },
										"east": { "texture": "#frame", "uv": [ 0.0, 0.0, 16.0, 3.0 ], "autoUv": false },
										"south": { "texture": "#frame", "uv": [ 0.0, 0.0, 2.0, 3.0 ], "autoUv": false },
										"west": { "texture": "#frame", "uv": [ 0.0, 0.0, 16.0, 3.0 ], "autoUv": false },
										"up": { "texture": "#frame", "uv": [ 0.0, 0.0, 16.0, 2.5 ], "rotation": 90, "autoUv": false },
										"down": { "texture": "#frame", "uv": [ 0.0, 0.0, 16.0, 3.0 ], "rotation": 90, "autoUv": false }
									},
									"children": [
										{
											"name": "Handle 3",
											"from": [ -0.05, -0.1, 0.1 ], 
											"to": [ 0.55, 0.9, 0.5 ], 
											"rotationOrigin": [ 0.0, -0.1, 0.5 ],
											"rotationX": 1.105209689764849E-12,
											"rotationY": -1.221332930623209E-12,
											"rotationZ": -6.106664653116045E-13,
											"faces": {
												"north": { "texture": "#lid", "uv": [ 4.5, 6.5, 5.0, 7.5 ] },
												"east": { "texture": "#lid", "uv": [ 4.0, 6.0, 4.5, 7.0 ] },
												"south": { "texture": "#lid", "uv": [ 4.0, 5.0, 4.5, 6.0 ] },
												"west": { "texture": "#lid", "uv": [ 4.5, 5.0, 5.0, 6.0 ] },
												"up": { "texture": "#lid", "uv": [ 0.0, 0.0, 0.5, 0.5 ], "enabled": false },
												"down": { "texture": "#lid", "uv": [ 6.0, 4.5, 6.5, 5.0 ] }
											}
										},
										{
											"name": "Handle2",
											"from": [ -0.05, -0.1, 4.5 ], 
											"to": [ 0.55, 0.9, 4.9 ], 
											"rotationOrigin": [ 0.0, -0.1, 4.5 ],
											"rotationX": 9.597158217568275E-13,
											"rotationY": -8.14221953748806E-13,
											"rotationZ": -3.0533323265580226E-13,
											"faces": {
												"north": { "texture": "#lid", "uv": [ 4.5, 4.0, 5.0, 5.0 ] },
												"east": { "texture": "#lid", "uv": [ 4.0, 4.0, 4.5, 5.0 ] },
												"south": { "texture": "#lid", "uv": [ 4.5, 4.5, 5.0, 5.5 ] },
												"west": { "texture": "#lid", "uv": [ 4.5, 5.0, 5.0, 6.0 ] },
												"up": { "texture": "#lid", "uv": [ 0.0, 0.0, 0.5, 0.5 ], "enabled": false },
												"down": { "texture": "#lid", "uv": [ 5.5, 5.5, 6.0, 6.0 ] }
											}
										}
									]
								}
							]
						}
					]
				},
				{
					"name": "Core B 0",
					"from": [ -8.0, -8.0, -68.0 ], 
					"to": [ -3.0, -7.0, -57.0 ], 
					"rotationOrigin": [ -8.0, -8.0, -68.0 ],
					"faces": {
						"north": { "texture": "#bricks", "uv": [ 11.0, 15.0, 16.0, 16.0 ] },
						"east": { "texture": "#bricks", "uv": [ 0.0, 15.0, 11.0, 16.0 ] },
						"south": { "texture": "#bricks", "uv": [ 11.0, 15.0, 16.0, 16.0 ], "enabled": false },
						"west": { "texture": "#bricks", "uv": [ 0.0, 15.0, 11.0, 16.0 ] },
						"up": { "texture": "#bricks", "uv": [ 11.0, 0.0, 16.0, 11.0 ] },
						"down": { "texture": "#bricks", "uv": [ 11.0, 0.0, 16.0, 11.0 ] }
					}
				},
				{
					"name": "Core B 1",
					"from": [ 3.0, -8.0, -68.0 ], 
					"to": [ 8.0, -7.0, -57.0 ], 
					"rotationOrigin": [ 3.0, -8.0, -68.0 ],
					"faces": {
						"north": { "texture": "#bricks", "uv": [ 11.0, 15.0, 16.0, 16.0 ] },
						"east": { "texture": "#bricks", "uv": [ 5.0, 15.0, 16.0, 16.0 ] },
						"south": { "texture": "#bricks", "uv": [ 11.0, 15.0, 16.0, 16.0 ] },
						"west": { "texture": "#bricks", "uv": [ 5.0, 14.5, 16.0, 15.5 ] },
						"up": { "texture": "#bricks", "uv": [ 0.0, 0.0, 5.0, 11.0 ] },
						"down": { "texture": "#bricks", "uv": [ 0.0, 0.0, 5.0, 11.0 ] }
					}
				},
				{
					"name": "Core B 2",
					"from": [ -3.0, -8.0, -68.0 ], 
					"to": [ 3.0, -7.0, -63.0 ], 
					"rotationOrigin": [ -3.0, -8.0, -68.0 ],
					"faces": {
						"north": { "texture": "#bricks", "uv": [ 4.5, 15.0, 10.5, 16.0 ] },
						"east": { "texture": "#bricks", "uv": [ 0.0, 0.0, 5.0, 1.0 ] },
						"south": { "texture": "#bricks", "uv": [ 4.5, 15.0, 10.5, 16.0 ] },
						"west": { "texture": "#bricks", "uv": [ 0.0, 0.0, 5.0, 1.0 ] },
						"up": { "texture": "#bricks", "uv": [ 5.0, 0.0, 11.0, 5.0 ] },
						"down": { "texture": "#bricks", "uv": [ 5.0, 0.0, 11.0, 5.0 ] }
					}
				},
				{
					"name": "Metal Frame 0",
					"from": [ 6.0, 6.5, -51.0 ], 
					"to": [ 7.0, 7.0, -45.0 ], 
					"rotationOrigin": [ 6.0, 6.0, -51.0 ],
					"rotationX": 90.00001554900759,
					"rotationY": -3.256887814995224E-12,
					"rotationZ": 179.9999404843295,
					"faces": {
						"north": { "texture": "#metalframe", "uv": [ 0.5, 0.0, 2.0, 1.5 ], "rotation": 180, "autoUv": false },
						"east": { "texture": "#metalframe", "uv": [ 0.0, 0.0, 16.0, 1.5 ], "rotation": 180, "autoUv": false },
						"south": { "texture": "#metalframe", "uv": [ 0.5, 0.0, 1.5, 1.5 ], "rotation": 180, "autoUv": false },
						"west": { "texture": "#metalframe", "uv": [ 0.0, 0.0, 16.0, 1.5 ], "rotation": 180, "autoUv": false },
						"up": { "texture": "#metalframe", "uv": [ 0.0, 0.0, 16.0, 3.0 ], "rotation": 90, "enabled": false, "autoUv": false },
						"down": { "texture": "#metalframe", "uv": [ 0.0, 0.0, 16.0, 4.0 ], "rotation": 90, "autoUv": false }
					},
					"children": [
						{
							"name": "Cube 2",
							"from": [ 1.0, 0.0, 5.5 ], 
							"to": [ 11.0, 0.5, 5.7 ], 
							"rotationOrigin": [ 1.0, 0.0, 5.0 ],
							"rotationX": -1.7988929315664267E-18,
							"rotationY": -1.9412564128608847E-19,
							"rotationZ": -3.0474296772830755E-39,
							"faces": {
								"north": { "texture": "#metalframe", "uv": [ 0.0, 0.0, 16.0, 1.0 ], "rotation": 180, "autoUv": false },
								"east": { "texture": "#metalframe", "uv": [ 0.0, 0.0, 15.5, 1.0 ], "enabled": false, "autoUv": false },
								"south": { "texture": "#metalframe", "uv": [ 0.0, 0.0, 16.0, 1.0 ], "rotation": 180, "autoUv": false },
								"west": { "texture": "#metalframe", "uv": [ 0.0, 0.0, 15.5, 1.0 ], "enabled": false, "autoUv": false },
								"up": { "texture": "#metalframe", "uv": [ 0.0, 0.0, 15.5, 1.0 ], "enabled": false, "autoUv": false },
								"down": { "texture": "#metalframe", "uv": [ 0.0, 0.0, 16.0, 0.5 ], "autoUv": false }
							}
						}
					]
				},
				{
					"name": "Metal Frame 1",
					"from": [ -5.0, 6.5, -51.0 ], 
					"to": [ -4.0, 7.0, -45.0 ], 
					"rotationOrigin": [ -5.0, 6.0, -51.0 ],
					"rotationX": 90.00001554900759,
					"rotationY": -3.256887814995224E-12,
					"rotationZ": 179.9999404843295,
					"faces": {
						"north": { "texture": "#metalframe", "uv": [ 0.5, 0.0, 2.0, 1.5 ], "rotation": 180, "autoUv": false },
						"east": { "texture": "#metalframe", "uv": [ 0.0, 0.0, 16.0, 1.5 ], "rotation": 180, "autoUv": false },
						"south": { "texture": "#metalframe", "uv": [ 0.5, 0.0, 2.0, 1.5 ], "rotation": 180, "autoUv": false },
						"west": { "texture": "#metalframe", "uv": [ 0.0, 0.0, 16.0, 1.5 ], "rotation": 180, "autoUv": false },
						"up": { "texture": "#metalframe", "uv": [ 0.0, 0.0, 16.0, 3.0 ], "rotation": 90, "enabled": false, "autoUv": false },
						"down": { "texture": "#metalframe", "uv": [ 0.0, 0.0, 16.0, 4.0 ], "rotation": 90, "autoUv": false }
					},
					"children": [
						{
							"name": "Cube1",
							"from": [ -10.0, 0.0, 0.3 ], 
							"to": [ 0.0, 0.5, 0.5 ], 
							"rotationOrigin": [ -10.0, 0.0, 0.0 ],
							"faces": {
								"north": { "texture": "#metalframe", "uv": [ 0.0, 0.0, 16.0, 1.0 ], "rotation": 180, "autoUv": false },
								"east": { "texture": "#metalframe", "uv": [ 0.0, 0.0, 15.5, 1.0 ], "enabled": false, "autoUv": false },
								"south": { "texture": "#metalframe", "uv": [ 0.0, 0.0, 16.0, 1.0 ], "rotation": 180, "autoUv": false },
								"west": { "texture": "#metalframe", "uv": [ 0.0, 0.0, 15.5, 1.0 ], "enabled": false, "autoUv": false },
								"up": { "texture": "#metalframe", "uv": [ 0.0, 0.0, 15.5, 1.0 ], "enabled": false, "autoUv": false },
								"down": { "texture": "#metalframe", "uv": [ 0.0, 0.0, 16.0, 0.5 ], "autoUv": false }
							}
						}
					]
				},
				{
					"name": "Metal Frame Inside 1",
					"from": [ -6.0, 6.5, -54.0 ], 
					"to": [ -5.0, 7.0, -48.0 ], 
					"rotationOrigin": [ -6.0, 6.0, -54.0 ],
					"rotationX": 90.0,
					"faces": {
						"north": { "texture": "#metalframe", "uv": [ 0.0, 0.0, 1.5, 2.5 ], "enabled": false, "autoUv": false },
						"east": { "texture": "#metalframe", "uv": [ 0.0, 0.0, 16.0, 1.5 ], "rotation": 180, "autoUv": false },
						"south": { "texture": "#metalframe", "uv": [ 0.0, 0.0, 1.0, 0.5 ], "enabled": false },
						"west": { "texture": "#metalframe", "uv": [ 0.0, 0.0, 16.0, 1.5 ], "rotation": 180, "autoUv": false },
						"up": { "texture": "#metalframe", "uv": [ 0.0, 0.0, 16.0, 3.0 ], "rotation": 90, "enabled": false, "autoUv": false },
						"down": { "texture": "#metalframe", "uv": [ 0.0, 0.0, 16.0, 4.0 ], "rotation": 90, "autoUv": false }
					},
					"children": [
						{
							"name": "Cube 29",
							"from": [ 1.0, 0.0, 5.5 ], 
							"to": [ 11.0, 0.5, 5.7 ], 
							"rotationOrigin": [ 1.0, 0.0, 5.0 ],
							"rotationX": -1.7988929315664267E-18,
							"rotationY": -1.9412564128608847E-19,
							"rotationZ": -3.0474296772830755E-39,
							"faces": {
								"north": { "texture": "#metalframe", "uv": [ 0.0, 0.0, 16.0, 1.0 ], "rotation": 180, "autoUv": false },
								"east": { "texture": "#metalframe", "uv": [ 0.0, 0.0, 15.5, 1.0 ], "enabled": false, "autoUv": false },
								"south": { "texture": "#metalframe", "uv": [ 0.0, 0.0, 16.0, 1.0 ], "rotation": 180, "enabled": false, "autoUv": false },
								"west": { "texture": "#metalframe", "uv": [ 0.0, 0.0, 15.5, 1.0 ], "enabled": false, "autoUv": false },
								"up": { "texture": "#metalframe", "uv": [ 0.0, 0.0, 15.5, 1.0 ], "enabled": false, "autoUv": false },
								"down": { "texture": "#metalframe", "uv": [ 0.0, 0.0, 15.5, 0.5 ], "enabled": false, "autoUv": false }
							}
						}
					]
				},
				{
					"name": "Metal Frame Inside 2",
					"from": [ 5.0, 6.5, -54.0 ], 
					"to": [ 6.0, 7.0, -48.0 ], 
					"rotationOrigin": [ 5.0, 6.0, -54.0 ],
					"rotationX": 90.00001554900759,
					"rotationY": -3.256887814995224E-12,
					"faces": {
						"north": { "texture": "#metalframe", "uv": [ 0.0, 0.0, 1.5, 2.5 ], "enabled": false, "autoUv": false },
						"east": { "texture": "#metalframe", "uv": [ 0.0, 0.0, 16.0, 1.5 ], "rotation": 180, "autoUv": false },
						"south": { "texture": "#metalframe", "uv": [ 0.0, 0.0, 1.0, 0.5 ], "enabled": false },
						"west": { "texture": "#metalframe", "uv": [ 0.0, 0.0, 16.0, 1.5 ], "rotation": 180, "autoUv": false },
						"up": { "texture": "#metalframe", "uv": [ 0.0, 0.0, 16.0, 3.0 ], "rotation": 90, "enabled": false, "autoUv": false },
						"down": { "texture": "#metalframe", "uv": [ 0.0, 0.0, 16.0, 4.0 ], "rotation": 90, "autoUv": false }
					},
					"children": [
						{
							"name": "Cube30",
							"from": [ -10.0, 0.0, 0.3 ], 
							"to": [ 0.0, 0.5, 0.5 ], 
							"rotationOrigin": [ -10.0, 0.0, 0.0 ],
							"faces": {
								"north": { "texture": "#metalframe", "uv": [ 0.0, 0.0, 15.5, 1.0 ], "rotation": 180, "enabled": false, "autoUv": false },
								"east": { "texture": "#metalframe", "uv": [ 0.0, 0.0, 15.5, 1.0 ], "enabled": false, "autoUv": false },
								"south": { "texture": "#metalframe", "uv": [ 0.0, 0.0, 16.0, 1.0 ], "rotation": 180, "autoUv": false },
								"west": { "texture": "#metalframe", "uv": [ 0.0, 0.0, 15.5, 1.0 ], "enabled": false, "autoUv": false },
								"up": { "texture": "#metalframe", "uv": [ 0.0, 0.0, 15.5, 1.0 ], "enabled": false, "autoUv": false },
								"down": { "texture": "#metalframe", "uv": [ 0.0, 0.0, 16.0, 0.5 ], "autoUv": false }
							}
						}
					]
				}
			]
		}
	],
	"animations": [
		{
			"name": "lidopen",
			"code": "lidopen",
			"quantityframes": 30,
			"onActivityStopped": "EaseOut",
			"onAnimationEnd": "Hold",
			"keyframes": [
				{
					"frame": 0,
					"elements": {
						"Core Master": {  },
						"MasterDoor": { "offsetX": 0.0, "offsetY": -0.3, "offsetZ": 0.0, "rotationX": 0.0, "rotationY": 0.0, "rotationZ": 0.0 }
					}
				},
				{
					"frame": 18,
					"elements": {
						"Core Master": {  },
						"MasterDoor": { "rotationX": 35.5, "rotationY": 0.0, "rotationZ": 0.0 }
					}
				},
				{
					"frame": 29,
					"elements": {
						"Core Master": {  },
						"MasterDoor": { "rotationX": 67.5, "rotationY": 0.0, "rotationZ": 0.0 }
					}
				}
			]
		}
	]
}