{
	"editor": {
		"allAngles": false,
		"entityTextureMode": false
	},
	"textureWidth": 16,
	"textureHeight": 16,
	"textureSizes": {
	},
	"textures": {
		"frontback": "block/cart/frontback",
		"sides": "block/cart/sides",
		"insides": "block/cart/insides"
	},
	"elements": [
		{
			"name": "Master",
			"from": [ 8.0, 2.0, 7.0 ], 
			"to": [ 8.0, 2.0, 7.0 ], 
			"rotationOrigin": [ 7.0, 2.0, 7.0 ],
			"faces": {
				"north": { "texture": "#sides", "uv": [ 0.0, 0.0, 0.5, 0.5 ] },
				"east": { "texture": "#sides", "uv": [ 0.0, 0.0, 0.5, 0.5 ] },
				"south": { "texture": "#sides", "uv": [ 0.0, 0.0, 0.5, 0.5 ] },
				"west": { "texture": "#sides", "uv": [ 0.0, 0.0, 0.5, 0.5 ] },
				"up": { "texture": "#sides", "uv": [ 0.0, 0.0, 0.5, 0.5 ] },
				"down": { "texture": "#sides", "uv": [ 0.0, 0.0, 0.5, 0.5 ] }
			},
			"children": [
				{
					"name": "Wood Frame Left",
					"from": [ -7.0, 4.0, -4.0 ], 
					"to": [ 7.0, 13.0, -3.5 ], 
					"rotationOrigin": [ -7.0, 3.0, -4.0 ],
					"faces": {
						"north": { "texture": "#sides", "uv": [ 0.0, 0.0, 14.0, 9.0 ] },
						"east": { "texture": "#sides", "uv": [ 0.0, 0.0, 0.5, 9.0 ] },
						"south": { "texture": "#sides", "uv": [ 0.0, 0.0, 14.0, 9.0 ] },
						"west": { "texture": "#sides", "uv": [ 0.0, 0.0, 0.5, 9.0 ] },
						"up": { "texture": "#sides", "uv": [ 0.0, 0.0, 14.0, 0.5 ], "enabled": false },
						"down": { "texture": "#sides", "uv": [ 0.0, 0.0, 14.0, 0.5 ] }
					},
					"children": [
						{
							"name": "Metal Bar Right",
							"from": [ 0.0, -3.0, 1.0 ], 
							"to": [ 14.0, -1.0, 2.0 ], 
							"rotationOrigin": [ 0.0, -3.0, 1.0 ],
							"faces": {
								"north": { "texture": "#sides", "uv": [ 0.0, 10.0, 14.0, 12.0 ] },
								"east": { "texture": "#sides", "uv": [ 4.0, 10.0, 5.0, 12.0 ] },
								"south": { "texture": "#sides", "uv": [ 0.0, 10.0, 14.0, 12.0 ] },
								"west": { "texture": "#sides", "uv": [ 3.0, 10.0, 4.0, 12.0 ] },
								"up": { "texture": "#sides", "uv": [ 0.0, 10.5, 14.0, 11.5 ] },
								"down": { "texture": "#sides", "uv": [ 0.0, 10.5, 14.0, 11.5 ] }
							},
							"children": [
								{
									"name": "Metal Right Support F",
									"from": [ 3.0, 2.0, 0.25 ], 
									"to": [ 4.0, 3.0, 0.75 ], 
									"rotationOrigin": [ 3.0, 2.0, 0.0 ],
									"faces": {
										"north": { "texture": "#sides", "uv": [ 2.5, 10.5, 3.5, 11.5 ] },
										"east": { "texture": "#sides", "uv": [ 3.5, 10.5, 4.0, 11.5 ] },
										"south": { "texture": "#sides", "uv": [ 5.5, 10.5, 6.5, 11.5 ] },
										"west": { "texture": "#sides", "uv": [ 8.0, 10.5, 8.5, 11.5 ] },
										"up": { "texture": "#sides", "uv": [ 6.5, 10.5, 7.5, 11.0 ] },
										"down": { "texture": "#sides", "uv": [ 8.0, 10.5, 9.0, 11.0 ] }
									}
								},
								{
									"name": "Metal Right Support B",
									"from": [ 10.0, 2.0, 0.25 ], 
									"to": [ 11.0, 3.0, 0.75 ], 
									"rotationOrigin": [ 10.0, 2.0, 0.0 ],
									"faces": {
										"north": { "texture": "#sides", "uv": [ 9.5, 10.5, 10.5, 11.5 ] },
										"east": { "texture": "#sides", "uv": [ 8.5, 10.5, 9.0, 11.5 ] },
										"south": { "texture": "#sides", "uv": [ 7.5, 10.5, 8.5, 11.5 ] },
										"west": { "texture": "#sides", "uv": [ 5.5, 10.5, 6.0, 11.5 ] },
										"up": { "texture": "#sides", "uv": [ 9.0, 11.0, 10.0, 11.5 ] },
										"down": { "texture": "#sides", "uv": [ 6.5, 11.0, 7.5, 11.5 ] }
									}
								},
								{
									"name": "Metal Left Support F",
									"from": [ 3.0, 2.0, 7.25 ], 
									"to": [ 4.0, 3.0, 7.75 ], 
									"rotationOrigin": [ 3.0, 2.0, 7.0 ],
									"faces": {
										"north": { "texture": "#sides", "uv": [ 6.5, 10.5, 7.5, 11.5 ] },
										"east": { "texture": "#sides", "uv": [ 8.5, 10.5, 9.0, 11.5 ] },
										"south": { "texture": "#sides", "uv": [ 8.0, 10.5, 9.0, 11.5 ] },
										"west": { "texture": "#sides", "uv": [ 8.5, 10.5, 9.0, 11.5 ] },
										"up": { "texture": "#sides", "uv": [ 7.5, 11.0, 8.5, 11.5 ] },
										"down": { "texture": "#sides", "uv": [ 5.5, 10.5, 6.5, 11.0 ] }
									}
								},
								{
									"name": "Metal Left Support B",
									"from": [ 10.0, 2.0, 7.25 ], 
									"to": [ 11.0, 3.0, 7.75 ], 
									"rotationOrigin": [ 10.0, 2.0, 7.0 ],
									"faces": {
										"north": { "texture": "#sides", "uv": [ 3.5, 10.5, 4.5, 11.5 ] },
										"east": { "texture": "#sides", "uv": [ 5.5, 10.5, 6.0, 11.5 ] },
										"south": { "texture": "#sides", "uv": [ 7.0, 10.5, 8.0, 11.5 ] },
										"west": { "texture": "#sides", "uv": [ 7.0, 10.5, 7.5, 11.5 ] },
										"up": { "texture": "#sides", "uv": [ 7.0, 11.0, 8.0, 11.5 ] },
										"down": { "texture": "#sides", "uv": [ 8.5, 10.5, 9.5, 11.0 ] }
									}
								},
								{
									"name": "Metal Front Support",
									"from": [ 13.0, 0.5, 1.0 ], 
									"to": [ 13.5, 1.5, 7.0 ], 
									"rotationOrigin": [ 13.0, 0.0, 1.0 ],
									"faces": {
										"north": { "texture": "#sides", "uv": [ 2.5, 10.5, 3.0, 11.5 ] },
										"east": { "texture": "#sides", "uv": [ 3.0, 10.5, 9.0, 11.5 ] },
										"south": { "texture": "#sides", "uv": [ 8.5, 10.5, 9.0, 11.5 ] },
										"west": { "texture": "#sides", "uv": [ 3.5, 10.5, 9.5, 11.5 ] },
										"up": { "texture": "#sides", "uv": [ 13.5, 2.0, 14.0, 8.0 ] },
										"down": { "texture": "#sides", "uv": [ 13.5, 2.0, 14.0, 8.0 ] }
									}
								},
								{
									"name": "Metal Front Support16",
									"from": [ 0.5, 0.5, 1.0 ], 
									"to": [ 1.0, 1.5, 7.0 ], 
									"rotationOrigin": [ 1.0, 0.0, 1.0 ],
									"faces": {
										"north": { "texture": "#sides", "uv": [ 4.0, 10.5, 4.5, 11.5 ] },
										"east": { "texture": "#sides", "uv": [ 3.0, 10.5, 9.0, 11.5 ] },
										"south": { "texture": "#sides", "uv": [ 4.0, 10.5, 4.5, 11.5 ] },
										"west": { "texture": "#sides", "uv": [ 4.5, 10.5, 10.5, 11.5 ] },
										"up": { "texture": "#sides", "uv": [ 13.5, 2.0, 14.0, 8.0 ] },
										"down": { "texture": "#sides", "uv": [ 13.5, 2.0, 14.0, 8.0 ] }
									}
								}
							]
						},
						{
							"name": "Metal Bar Left",
							"from": [ 0.0, -3.0, 8.0 ], 
							"to": [ 14.0, -1.0, 9.0 ], 
							"rotationOrigin": [ 0.0, -3.0, 8.0 ],
							"faces": {
								"north": { "texture": "#sides", "uv": [ 0.0, 10.0, 14.0, 12.0 ] },
								"east": { "texture": "#sides", "uv": [ 2.0, 10.0, 3.0, 12.0 ] },
								"south": { "texture": "#sides", "uv": [ 0.0, 10.0, 14.0, 12.0 ] },
								"west": { "texture": "#sides", "uv": [ 1.5, 10.0, 2.5, 12.0 ] },
								"up": { "texture": "#sides", "uv": [ 0.0, 10.5, 14.0, 11.5 ] },
								"down": { "texture": "#sides", "uv": [ 0.0, 10.5, 14.0, 11.5 ] }
							}
						},
						{
							"name": "Wheel Bar Front",
							"from": [ 3.0, -2.5, 0.0 ], 
							"to": [ 4.0, -1.5, 10.0 ], 
							"rotationOrigin": [ 3.0, -3.0, 1.0 ],
							"faces": {
								"north": { "texture": "#sides", "uv": [ 8.5, 2.0, 9.5, 3.0 ] },
								"east": { "texture": "#sides", "uv": [ 2.0, 4.0, 12.0, 5.0 ] },
								"south": { "texture": "#sides", "uv": [ 3.5, 4.0, 4.5, 5.0 ] },
								"west": { "texture": "#sides", "uv": [ 1.5, 4.0, 11.5, 5.0 ] },
								"up": { "texture": "#sides", "uv": [ 2.5, 4.0, 12.5, 5.0 ], "rotation": 90 },
								"down": { "texture": "#sides", "uv": [ 2.0, 4.0, 12.0, 5.0 ], "rotation": 90 }
							},
							"children": [
								{
									"name": "Wheel F Left",
									"from": [ -1.0, -1.0, 0.1 ], 
									"to": [ 2.0, 2.0, 0.7 ], 
									"rotationOrigin": [ -1.0, -1.0, 0.0 ],
									"faces": {
										"north": { "texture": "#sides", "uv": [ 0.0, 12.0, 3.5, 15.5 ], "autoUv": false },
										"east": { "texture": "#sides", "uv": [ 0.0, 2.5, 0.5, 5.5 ] },
										"south": { "texture": "#sides", "uv": [ 0.0, 12.0, 3.5, 15.5 ], "autoUv": false },
										"west": { "texture": "#sides", "uv": [ 0.0, 0.0, 0.5, 3.0 ] },
										"up": { "texture": "#sides", "uv": [ 0.0, 0.0, 3.0, 0.5 ] },
										"down": { "texture": "#sides", "uv": [ 0.0, 0.0, 3.0, 0.5 ] }
									}
								},
								{
									"name": "Wheel F Right",
									"from": [ -1.0, -1.0, 9.3 ], 
									"to": [ 2.0, 2.0, 9.9 ], 
									"rotationOrigin": [ -1.0, -1.0, 9.0 ],
									"faces": {
										"north": { "texture": "#sides", "uv": [ 3.5, 12.0, 7.0, 15.5 ], "autoUv": false },
										"east": { "texture": "#sides", "uv": [ 0.0, 0.0, 0.5, 3.0 ] },
										"south": { "texture": "#sides", "uv": [ 3.5, 12.0, 7.0, 15.5 ], "autoUv": false },
										"west": { "texture": "#sides", "uv": [ 0.0, 0.0, 0.5, 3.0 ] },
										"up": { "texture": "#sides", "uv": [ 0.0, 0.0, 3.0, 0.5 ] },
										"down": { "texture": "#sides", "uv": [ 0.0, 0.0, 3.0, 0.5 ] }
									}
								}
							]
						},
						{
							"name": "Wheel Bar Back",
							"from": [ 10.0, -2.5, 0.0 ], 
							"to": [ 11.0, -1.5, 10.0 ], 
							"rotationOrigin": [ 10.0, -3.0, 1.0 ],
							"faces": {
								"north": { "texture": "#sides", "uv": [ 8.5, 2.0, 9.5, 3.0 ] },
								"east": { "texture": "#sides", "uv": [ 1.5, 2.5, 11.5, 3.5 ] },
								"south": { "texture": "#sides", "uv": [ 3.5, 2.5, 4.5, 3.5 ] },
								"west": { "texture": "#sides", "uv": [ 1.5, 4.0, 11.5, 5.0 ] },
								"up": { "texture": "#sides", "uv": [ 1.5, 2.0, 11.5, 3.0 ], "rotation": 90 },
								"down": { "texture": "#sides", "uv": [ 2.0, 2.0, 12.0, 3.0 ], "rotation": 90 }
							},
							"children": [
								{
									"name": "Wheel B Left",
									"from": [ -1.0, -1.0, 0.1 ], 
									"to": [ 2.0, 2.0, 0.7 ], 
									"rotationOrigin": [ -1.0, -1.0, 0.0 ],
									"faces": {
										"north": { "texture": "#sides", "uv": [ 7.0, 12.0, 10.5, 15.5 ], "autoUv": false },
										"east": { "texture": "#sides", "uv": [ 0.0, 0.0, 0.5, 3.0 ] },
										"south": { "texture": "#sides", "uv": [ 7.0, 12.0, 10.5, 15.5 ], "autoUv": false },
										"west": { "texture": "#sides", "uv": [ 0.0, 0.0, 0.5, 3.0 ] },
										"up": { "texture": "#sides", "uv": [ 0.0, 0.0, 3.0, 0.5 ] },
										"down": { "texture": "#sides", "uv": [ 0.0, 0.0, 3.0, 0.5 ] }
									}
								},
								{
									"name": "Wheel B Right",
									"from": [ -1.0, -1.0, 9.3 ], 
									"to": [ 2.0, 2.0, 9.9 ], 
									"rotationOrigin": [ -1.0, -1.0, 9.0 ],
									"faces": {
										"north": { "texture": "#sides", "uv": [ 10.5, 12.0, 14.0, 15.5 ], "autoUv": false },
										"east": { "texture": "#sides", "uv": [ 0.0, 0.0, 0.5, 3.0 ] },
										"south": { "texture": "#sides", "uv": [ 10.5, 12.0, 14.0, 15.5 ], "autoUv": false },
										"west": { "texture": "#sides", "uv": [ 0.0, 0.0, 0.5, 3.0 ] },
										"up": { "texture": "#sides", "uv": [ 0.0, 0.0, 3.0, 0.5 ] },
										"down": { "texture": "#sides", "uv": [ 0.0, 0.0, 3.0, 0.5 ] }
									}
								}
							]
						},
						{
							"name": "Wood Frame Right",
							"from": [ 0.0, 0.0, 9.5 ], 
							"to": [ 14.0, 9.0, 10.0 ], 
							"rotationOrigin": [ 0.0, 0.0, 9.0 ],
							"faces": {
								"north": { "texture": "#sides", "uv": [ 0.0, 0.0, 14.0, 9.0 ] },
								"east": { "texture": "#sides", "uv": [ 0.0, 0.0, 0.5, 9.0 ] },
								"south": { "texture": "#sides", "uv": [ 0.0, 0.0, 14.0, 9.0 ] },
								"west": { "texture": "#sides", "uv": [ 0.0, 0.0, 0.5, 9.0 ] },
								"up": { "texture": "#sides", "uv": [ 0.0, 0.0, 14.0, 0.5 ], "enabled": false },
								"down": { "texture": "#sides", "uv": [ 0.0, 0.0, 14.0, 0.5 ] }
							},
							"children": [
								{
									"name": "Part 24",
									"from": [ -0.5, 9.0, 0.0 ], 
									"to": [ 14.5, 9.3, 0.9 ], 
									"rotationOrigin": [ -0.5, 9.0, 0.0 ],
									"faces": {
										"north": { "texture": "#sides", "uv": [ 0.0, 10.5, 14.0, 11.0 ], "autoUv": false },
										"east": { "texture": "#sides", "uv": [ 2.0, 10.5, 2.5, 11.0 ] },
										"south": { "texture": "#sides", "uv": [ 0.0, 11.0, 14.0, 11.5 ], "autoUv": false },
										"west": { "texture": "#sides", "uv": [ 3.5, 10.5, 4.0, 11.0 ] },
										"up": { "texture": "#sides", "uv": [ 0.0, 10.5, 13.5, 11.5 ], "autoUv": false },
										"down": { "texture": "#sides", "uv": [ 0.0, 10.5, 14.0, 11.5 ], "autoUv": false }
									}
								}
							]
						},
						{
							"name": "Wood Frame Bottom",
							"from": [ 0.5, 0.0, 0.5 ], 
							"to": [ 13.5, 0.5, 9.5 ], 
							"rotationOrigin": [ 0.0, 0.0, 1.0 ],
							"faces": {
								"north": { "texture": "#insides", "uv": [ 0.0, 0.0, 13.0, 0.5 ], "enabled": false },
								"east": { "texture": "#insides", "uv": [ 0.0, 0.0, 9.0, 0.5 ], "enabled": false },
								"south": { "texture": "#insides", "uv": [ 0.0, 0.0, 13.0, 0.5 ], "enabled": false },
								"west": { "texture": "#insides", "uv": [ 0.0, 0.0, 9.0, 0.5 ], "enabled": false },
								"up": { "texture": "#insides", "uv": [ 0.0, 0.0, 14.0, 9.0 ], "autoUv": false },
								"down": { "texture": "#insides", "uv": [ 0.0, 0.0, 14.0, 9.0 ], "autoUv": false }
							}
						},
						{
							"name": "Wood Frame Back",
							"from": [ 0.0, 0.0, 0.5 ], 
							"to": [ 0.5, 9.0, 9.5 ], 
							"rotationOrigin": [ 0.0, 0.0, 0.5 ],
							"faces": {
								"north": { "texture": "#frontback", "uv": [ 0.0, 0.0, 0.5, 9.0 ], "enabled": false },
								"east": { "texture": "#frontback", "uv": [ 0.0, 0.0, 9.0, 9.0 ] },
								"south": { "texture": "#frontback", "uv": [ 0.0, 0.0, 0.5, 9.0 ], "enabled": false },
								"west": { "texture": "#frontback", "uv": [ 0.0, 0.0, 9.0, 9.0 ] },
								"up": { "texture": "#frontback", "uv": [ 0.0, 0.0, 9.0, 0.5 ], "rotation": 90, "enabled": false },
								"down": { "texture": "#frontback", "uv": [ 0.0, 0.0, 9.0, 0.5 ], "rotation": 90 }
							},
							"children": [
								{
									"name": "Part 2",
									"from": [ -0.5, 9.0, 0.0 ], 
									"to": [ 0.5, 9.3, 9.0 ], 
									"rotationOrigin": [ -0.5, 9.0, 0.0 ],
									"faces": {
										"north": { "texture": "#sides", "uv": [ 2.0, 10.5, 3.0, 11.0 ] },
										"east": { "texture": "#sides", "uv": [ 2.0, 10.5, 11.0, 11.0 ] },
										"south": { "texture": "#sides", "uv": [ 3.5, 10.5, 4.5, 11.0 ] },
										"west": { "texture": "#sides", "uv": [ 3.5, 10.5, 12.5, 11.0 ] },
										"up": { "texture": "#sides", "uv": [ 4.0, 10.5, 13.0, 11.5 ], "rotation": 90 },
										"down": { "texture": "#sides", "uv": [ 3.0, 10.5, 12.0, 11.5 ], "rotation": 90 }
									}
								},
								{
									"name": "Metal Back Handle",
									"from": [ -0.8, 6.0, 2.0 ], 
									"to": [ -0.3, 6.5, 7.0 ], 
									"rotationOrigin": [ -1.0, 6.25, 4.5 ],
									"rotationZ": -22.5,
									"faces": {
										"north": { "texture": "#frontback", "uv": [ 0.0, 0.0, 0.5, 0.5 ] },
										"east": { "texture": "#frontback", "uv": [ 0.0, 0.0, 5.0, 0.5 ], "enabled": false },
										"south": { "texture": "#frontback", "uv": [ 0.0, 0.0, 0.5, 0.5 ] },
										"west": { "texture": "#frontback", "uv": [ 0.0, 0.0, 5.0, 0.5 ] },
										"up": { "texture": "#frontback", "uv": [ 0.0, 0.0, 5.0, 0.5 ], "rotation": 90 },
										"down": { "texture": "#frontback", "uv": [ 0.0, 0.0, 5.0, 0.5 ], "rotation": 90 }
									},
									"children": [
										{
											"name": "Cube 3",
											"from": [ -0.1, -0.1, 5.0 ], 
											"to": [ 1.0, 0.6, 5.5 ], 
											"rotationOrigin": [ 0.0, 0.0, 5.0 ],
											"faces": {
												"north": { "texture": "#frontback", "uv": [ 0.0, 0.0, 1.0, 0.5 ] },
												"east": { "texture": "#frontback", "uv": [ 0.0, 0.0, 0.5, 0.5 ], "enabled": false },
												"south": { "texture": "#frontback", "uv": [ 0.0, 0.0, 1.0, 0.5 ] },
												"west": { "texture": "#frontback", "uv": [ 0.0, 0.0, 0.5, 0.5 ] },
												"up": { "texture": "#frontback", "uv": [ 0.0, 0.0, 1.0, 0.5 ] },
												"down": { "texture": "#frontback", "uv": [ 0.0, 0.0, 1.0, 0.5 ] }
											}
										},
										{
											"name": "Cube 4",
											"from": [ -0.1, -0.1, -0.5 ], 
											"to": [ 1.0, 0.6, 0.0 ], 
											"faces": {
												"north": { "texture": "#frontback", "uv": [ 0.0, 0.0, 1.0, 0.5 ] },
												"east": { "texture": "#frontback", "uv": [ 0.0, 0.0, 0.5, 0.5 ], "enabled": false },
												"south": { "texture": "#frontback", "uv": [ 0.0, 0.0, 1.0, 0.5 ] },
												"west": { "texture": "#frontback", "uv": [ 0.0, 0.0, 0.5, 0.5 ] },
												"up": { "texture": "#frontback", "uv": [ 0.0, 0.0, 1.0, 0.5 ] },
												"down": { "texture": "#frontback", "uv": [ 0.0, 0.0, 1.0, 0.5 ] }
											}
										}
									]
								}
							]
						},
						{
							"name": "Wood Frame Front",
							"from": [ 13.5, 0.0, 0.5 ], 
							"to": [ 14.0, 9.0, 9.5 ], 
							"rotationOrigin": [ 13.0, 0.0, 0.5 ],
							"faces": {
								"north": { "texture": "#frontback", "uv": [ 0.0, 0.0, 0.5, 9.0 ], "enabled": false },
								"east": { "texture": "#frontback", "uv": [ 0.0, 0.0, 9.0, 9.0 ] },
								"south": { "texture": "#frontback", "uv": [ 0.0, 0.0, 0.5, 9.0 ], "enabled": false },
								"west": { "texture": "#frontback", "uv": [ 0.0, 0.0, 9.0, 9.0 ] },
								"up": { "texture": "#frontback", "uv": [ 0.0, 0.0, 9.0, 0.5 ], "rotation": 90, "enabled": false },
								"down": { "texture": "#frontback", "uv": [ 0.0, 0.0, 9.0, 0.5 ], "rotation": 90 }
							},
							"children": [
								{
									"name": "Part 1",
									"from": [ 0.0, 9.0, 0.0 ], 
									"to": [ 1.0, 9.3, 9.0 ], 
									"rotationOrigin": [ 0.0, 9.0, 0.0 ],
									"faces": {
										"north": { "texture": "#sides", "uv": [ 2.0, 10.5, 3.0, 11.0 ] },
										"east": { "texture": "#sides", "uv": [ 2.0, 10.5, 11.0, 11.0 ] },
										"south": { "texture": "#sides", "uv": [ 3.5, 10.5, 4.5, 11.0 ] },
										"west": { "texture": "#sides", "uv": [ 3.5, 10.5, 12.5, 11.0 ] },
										"up": { "texture": "#sides", "uv": [ 4.0, 10.5, 13.0, 11.5 ], "rotation": 90 },
										"down": { "texture": "#sides", "uv": [ 3.0, 10.5, 12.0, 11.5 ], "rotation": 90 }
									}
								},
								{
									"name": "Metal Front Handle",
									"from": [ -0.35, 6.0, 2.0 ], 
									"to": [ 0.15, 6.5, 7.0 ], 
									"rotationOrigin": [ 0.5, 6.05, 4.5 ],
									"rotationZ": -157.5,
									"faces": {
										"north": { "texture": "#frontback", "uv": [ 0.0, 0.0, 0.5, 0.5 ] },
										"east": { "texture": "#frontback", "uv": [ 0.0, 0.0, 5.0, 0.5 ], "enabled": false },
										"south": { "texture": "#frontback", "uv": [ 0.0, 0.0, 0.5, 0.5 ] },
										"west": { "texture": "#frontback", "uv": [ 0.0, 0.0, 5.0, 0.5 ] },
										"up": { "texture": "#frontback", "uv": [ 0.0, 0.0, 5.0, 0.5 ], "rotation": 90 },
										"down": { "texture": "#frontback", "uv": [ 0.0, 0.0, 5.0, 0.5 ], "rotation": 90 }
									},
									"children": [
										{
											"name": "Cube 1",
											"from": [ -0.1, -0.1, 5.0 ], 
											"to": [ 1.0, 0.6, 5.5 ], 
											"rotationOrigin": [ 0.0, 0.0, 5.0 ],
											"faces": {
												"north": { "texture": "#frontback", "uv": [ 0.0, 0.0, 1.0, 0.5 ] },
												"east": { "texture": "#frontback", "uv": [ 0.0, 0.0, 0.5, 0.5 ], "enabled": false },
												"south": { "texture": "#frontback", "uv": [ 0.0, 0.0, 1.0, 0.5 ] },
												"west": { "texture": "#frontback", "uv": [ 0.0, 0.0, 0.5, 0.5 ] },
												"up": { "texture": "#frontback", "uv": [ 0.0, 0.0, 1.0, 0.5 ] },
												"down": { "texture": "#frontback", "uv": [ 0.0, 0.0, 1.0, 0.5 ] }
											}
										},
										{
											"name": "Cube 2",
											"from": [ -0.1, -0.1, -0.5 ], 
											"to": [ 1.0, 0.6, 0.0 ], 
											"faces": {
												"north": { "texture": "#frontback", "uv": [ 0.0, 0.0, 1.0, 0.5 ] },
												"east": { "texture": "#frontback", "uv": [ 0.0, 0.0, 0.5, 0.5 ], "enabled": false },
												"south": { "texture": "#frontback", "uv": [ 0.0, 0.0, 1.0, 0.5 ] },
												"west": { "texture": "#frontback", "uv": [ 0.0, 0.0, 0.5, 0.5 ] },
												"up": { "texture": "#frontback", "uv": [ 0.0, 0.0, 1.0, 0.5 ] },
												"down": { "texture": "#frontback", "uv": [ 0.0, 0.0, 1.0, 0.5 ] }
											}
										}
									]
								}
							]
						},
						{
							"name": "Part 3",
							"from": [ -0.5, 9.0, -0.4 ], 
							"to": [ 14.5, 9.3, 0.5 ], 
							"rotationOrigin": [ -0.5, 9.0, -0.5 ],
							"faces": {
								"north": { "texture": "#sides", "uv": [ 0.0, 10.5, 14.0, 11.0 ], "autoUv": false },
								"east": { "texture": "#sides", "uv": [ 2.0, 10.5, 2.5, 11.0 ] },
								"south": { "texture": "#sides", "uv": [ 0.0, 11.0, 14.0, 11.5 ], "autoUv": false },
								"west": { "texture": "#sides", "uv": [ 3.5, 10.5, 4.0, 11.0 ] },
								"up": { "texture": "#sides", "uv": [ 0.0, 10.5, 13.5, 11.5 ], "autoUv": false },
								"down": { "texture": "#sides", "uv": [ 0.0, 10.5, 14.0, 11.5 ], "autoUv": false }
							}
						}
					]
				}
			]
		}
	]}