{
	"editor": {
		"allAngles": false,
		"entityTextureMode": false
	},
	"textureWidth": 16,
	"textureHeight": 16,
	"textureSizes": {
	},
	"textures": {
	},
	"elements": [
		{
			"name": "Base1",
			"from": [ 0.0, 8.1, 1.0 ], 
			"to": [ 16.0, 9.1, 3.0 ], 
			"rotationOrigin": [ 8.0, 10.0, 8.0 ],
			"rotationX": 45.0,
			"faces": {
				"north": { "texture": "#wood", "uv": [ 0.0, 0.0, 16.0, 1.0 ] },
				"east": { "texture": "#wood", "uv": [ 0.0, 0.0, 2.0, 1.0 ] },
				"south": { "texture": "#wood", "uv": [ 0.0, 0.0, 16.0, 1.0 ] },
				"west": { "texture": "#wood", "uv": [ 0.0, 0.0, 2.0, 1.0 ] },
				"up": { "texture": "#wood", "uv": [ 0.0, 0.0, 16.0, 2.0 ] },
				"down": { "texture": "#wood", "uv": [ 0.0, 0.0, 16.0, 2.0 ] }
			}
		},
		{
			"name": "Base2",
			"from": [ 0.0, 6.1, 13.0 ], 
			"to": [ 16.0, 7.1, 15.0 ], 
			"rotationOrigin": [ 8.0, 8.0, 10.0 ],
			"rotationX": 45.0,
			"faces": {
				"north": { "texture": "#wood", "uv": [ 0.0, 0.0, 16.0, 1.0 ] },
				"east": { "texture": "#wood", "uv": [ 0.0, 0.0, 2.0, 1.0 ] },
				"south": { "texture": "#wood", "uv": [ 0.0, 0.0, 16.0, 1.0 ] },
				"west": { "texture": "#wood", "uv": [ 0.0, 0.0, 2.0, 1.0 ] },
				"up": { "texture": "#wood", "uv": [ 0.0, 0.0, 16.0, 2.0 ] },
				"down": { "texture": "#wood", "uv": [ 0.0, 0.0, 16.0, 2.0 ] }
			}
		},
		{
			"name": "Rail1",
			"from": [ 2.0, 6.5, -8.7 ], 
			"to": [ 4.0, 8.0, 13.3 ], 
			"rotationOrigin": [ 8.0, 1.0, 8.0 ],
			"rotationX": 45.0,
			"faces": {
				"north": { "texture": "#wood", "uv": [ 0.0, 0.0, 2.0, 1.5 ] },
				"east": { "texture": "#wood", "uv": [ 0.0, 0.0, 22.0, 1.5 ] },
				"south": { "texture": "#wood", "uv": [ 0.0, 0.0, 2.0, 1.5 ] },
				"west": { "texture": "#wood", "uv": [ 0.0, 0.0, 22.0, 1.5 ] },
				"up": { "texture": "#wood", "uv": [ 0.0, 0.0, 2.0, 22.0 ] },
				"down": { "texture": "#wood", "uv": [ 0.0, 0.0, 2.0, 22.0 ] }
			}
		},
		{
			"name": "Rail2",
			"from": [ 12.0, 6.5, -8.7 ], 
			"to": [ 14.0, 8.0, 13.3 ], 
			"rotationOrigin": [ 18.0, 1.0, 8.0 ],
			"rotationX": 45.0,
			"faces": {
				"north": { "texture": "#wood", "uv": [ 0.0, 0.0, 2.0, 1.5 ] },
				"east": { "texture": "#wood", "uv": [ 0.0, 0.0, 22.0, 1.5 ] },
				"south": { "texture": "#wood", "uv": [ 0.0, 0.0, 2.0, 1.5 ] },
				"west": { "texture": "#wood", "uv": [ 0.0, 0.0, 22.0, 1.5 ] },
				"up": { "texture": "#wood", "uv": [ 0.0, 0.0, 2.0, 22.0 ] },
				"down": { "texture": "#wood", "uv": [ 0.0, 0.0, 2.0, 22.0 ] }
			}
		},
		{
			"name": "Cube1",
			"from": [ 2.0, 13.0, 1.5 ], 
			"to": [ 4.0, 14.0, 15.0 ], 
			"rotationOrigin": [ 2.0, 13.0, 1.9996 ],
			"rotationX": 90.0,
			"faces": {
				"north": { "texture": "#wood", "uv": [ 0.0, 0.0, 2.0, 1.0 ] },
				"east": { "texture": "#wood", "uv": [ 0.0, 0.0, 13.5, 1.0 ] },
				"south": { "texture": "#wood", "uv": [ 0.0, 0.0, 2.0, 1.0 ] },
				"west": { "texture": "#wood", "uv": [ 0.0, 0.0, 13.5, 1.0 ] },
				"up": { "texture": "#wood", "uv": [ 0.0, 0.0, 2.0, 13.5 ] },
				"down": { "texture": "#wood", "uv": [ 0.0, 0.0, 2.0, 13.5 ] }
			}
		},
		{
			"name": "Cube6",
			"from": [ 12.0, 13.0, 1.5 ], 
			"to": [ 14.0, 14.0, 15.0 ], 
			"rotationOrigin": [ 12.0, 13.0, 1.9996 ],
			"rotationX": 90.0,
			"faces": {
				"north": { "texture": "#wood", "uv": [ 0.0, 0.0, 2.0, 1.0 ] },
				"east": { "texture": "#wood", "uv": [ 0.0, 0.0, 13.5, 1.0 ] },
				"south": { "texture": "#wood", "uv": [ 0.0, 0.0, 2.0, 1.0 ] },
				"west": { "texture": "#wood", "uv": [ 0.0, 0.0, 13.5, 1.0 ] },
				"up": { "texture": "#wood", "uv": [ 0.0, 0.0, 2.0, 13.5 ] },
				"down": { "texture": "#wood", "uv": [ 0.0, 0.0, 2.0, 13.5 ] }
			}
		},
		{
			"name": "Cube7",
			"from": [ 12.0, 4.0, 10.5 ], 
			"to": [ 14.0, 5.0, 15.0 ], 
			"rotationOrigin": [ 12.0, 4.0, 10.9996 ],
			"rotationX": 90.0,
			"faces": {
				"north": { "texture": "#wood", "uv": [ 0.0, 0.0, 2.0, 1.0 ] },
				"east": { "texture": "#wood", "uv": [ 0.0, 0.0, 4.5, 1.0 ] },
				"south": { "texture": "#wood", "uv": [ 0.0, 0.0, 2.0, 1.0 ] },
				"west": { "texture": "#wood", "uv": [ 0.0, 0.0, 4.5, 1.0 ] },
				"up": { "texture": "#wood", "uv": [ 0.0, 0.0, 2.0, 4.5 ] },
				"down": { "texture": "#wood", "uv": [ 0.0, 0.0, 2.0, 4.5 ] }
			}
		},
		{
			"name": "Cube8",
			"from": [ 2.0, 4.0, 10.5 ], 
			"to": [ 4.0, 5.0, 15.0 ], 
			"rotationOrigin": [ 2.0, 4.0, 10.9996 ],
			"rotationX": 90.0,
			"faces": {
				"north": { "texture": "#wood", "uv": [ 0.0, 0.0, 2.0, 1.0 ] },
				"east": { "texture": "#wood", "uv": [ 0.0, 0.0, 4.5, 1.0 ] },
				"south": { "texture": "#wood", "uv": [ 0.0, 0.0, 2.0, 1.0 ] },
				"west": { "texture": "#wood", "uv": [ 0.0, 0.0, 4.5, 1.0 ] },
				"up": { "texture": "#wood", "uv": [ 0.0, 0.0, 2.0, 4.5 ] },
				"down": { "texture": "#wood", "uv": [ 0.0, 0.0, 2.0, 4.5 ] }
			}
		}
	]}