{
	"editor": {
		"allAngles": false,
		"entityTextureMode": false
	},
	"textureWidth": 16,
	"textureHeight": 16,
	"textureSizes": {
	},
	"textures": {
	},
	"elements": [
		{
			"name": "Main",
			"from": [ 8.0, 8.0, 8.0 ], 
			"to": [ 8.0, 8.0, 8.0 ], 
			"rotationOrigin": [ 8.0, 8.0, 8.0 ],
			"rotationX": -1.7075471987482165E-6,
			"rotationY": -1.6077456539057808E-9,
			"rotationZ": -4.0222566999999226E-10,
			"faces": {
				"north": { "texture": "#stone", "uv": [ 0.0, 0.0, 0.5, 0.5 ] },
				"east": { "texture": "#stone", "uv": [ 0.0, 0.0, 0.5, 0.5 ] },
				"south": { "texture": "#stone", "uv": [ 0.0, 0.0, 0.5, 0.5 ] },
				"west": { "texture": "#stone", "uv": [ 0.0, 0.0, 0.5, 0.5 ] },
				"up": { "texture": "#stone", "uv": [ 0.0, 0.0, 0.5, 0.5 ] },
				"down": { "texture": "#stone", "uv": [ 0.0, 0.0, 0.5, 0.5 ] }
			},
			"children": [
				{
					"name": "Wood Main",
					"from": [ -9.0, -8.0, 7.0 ], 
					"to": [ -9.0, -8.0, 7.0 ], 
					"rotationOrigin": [ -9.0, -8.0, 7.0 ],
					"rotationX": -89.99996432258855,
					"rotationY": -4.022251481902685E-10,
					"rotationZ": 1.6077453557287958E-9,
					"faces": {
						"north": { "texture": "#log", "uv": [ 0.0, 0.0, 0.5, 0.5 ] },
						"east": { "texture": "#log", "uv": [ 0.0, 0.0, 0.5, 0.5 ] },
						"south": { "texture": "#log", "uv": [ 0.0, 0.0, 0.5, 0.5 ] },
						"west": { "texture": "#log", "uv": [ 0.0, 0.0, 0.5, 0.5 ] },
						"up": { "texture": "#log", "uv": [ 0.0, 0.0, 0.5, 0.5 ] },
						"down": { "texture": "#log", "uv": [ 0.0, 0.0, 0.5, 0.5 ] }
					},
					"children": [
						{
							"name": "Wood 1",
							"from": [ 0.0, 0.0, 0.0 ], 
							"to": [ 1.0, 14.0, 1.2 ], 
							"rotationOrigin": [ 0.0, 0.0, 0.0 ],
							"rotationX": -1.3660377589985859E-5,
							"faces": {
								"north": { "texture": "#log", "uv": [ 1.0, 9.0, 15.0, 10.0 ], "rotation": 90 },
								"east": { "texture": "#log", "uv": [ 0.0, 6.0, 14.0, 7.0 ], "rotation": 90 },
								"south": { "texture": "#log", "uv": [ 0.0, 5.0, 14.0, 6.0 ], "rotation": 90 },
								"west": { "texture": "#log", "uv": [ 0.0, 3.0, 14.0, 4.0 ], "rotation": 90 },
								"up": { "texture": "#log", "uv": [ 14.5, 14.5, 15.5, 15.5 ] },
								"down": { "texture": "#log", "uv": [ 14.0, 15.0, 15.0, 16.0 ] }
							}
						},
						{
							"name": "Wood 2",
							"from": [ -1.0, 15.5, 0.5 ], 
							"to": [ 14.0, 16.5, 1.5 ], 
							"rotationOrigin": [ -1.0, 15.5, 0.0 ],
							"rotationX": 89.9999847740217,
							"rotationY": 4.999999393906452,
							"faces": {
								"north": { "texture": "#log", "uv": [ 0.0, 9.0, 15.0, 10.0 ] },
								"east": { "texture": "#log", "uv": [ 14.5, 14.5, 15.5, 15.5 ] },
								"south": { "texture": "#log", "uv": [ 0.0, 5.0, 15.0, 6.0 ] },
								"west": { "texture": "#log", "uv": [ 14.5, 14.5, 15.5, 15.5 ] },
								"up": { "texture": "#log", "uv": [ 0.0, 3.0, 15.0, 4.0 ] },
								"down": { "texture": "#log", "uv": [ 0.0, 7.0, 15.0, 8.0 ] }
							}
						},
						{
							"name": "Wood 3",
							"from": [ -1.0, 1.0, 0.0 ], 
							"to": [ 0.0, 15.0, 1.2 ], 
							"rotationOrigin": [ -1.0, 1.0, 0.0 ],
							"rotationX": 4.499987948124433,
							"faces": {
								"north": { "texture": "#log", "uv": [ 1.0, 9.0, 15.0, 10.0 ], "rotation": 90 },
								"east": { "texture": "#log", "uv": [ 0.0, 6.0, 14.0, 7.0 ], "rotation": 90 },
								"south": { "texture": "#log", "uv": [ 0.0, 5.0, 14.0, 6.0 ], "rotation": 90 },
								"west": { "texture": "#log", "uv": [ 0.0, 3.0, 14.0, 4.0 ], "rotation": 90 },
								"up": { "texture": "#log", "uv": [ 14.5, 14.5, 15.5, 15.5 ] },
								"down": { "texture": "#log", "uv": [ 14.0, 15.0, 15.0, 16.0 ] }
							}
						}
					]
				},
				{
					"name": "Stone Main",
					"from": [ 0.0, -3.5, 0.0 ], 
					"to": [ 0.0, -3.5, 0.0 ], 
					"rotationOrigin": [ 0.0, -3.5, 0.0 ],
					"rotationX": 2.7354282858016374E-13,
					"rotationY": -29.99998652258001,
					"rotationZ": 1.7372164363650782E-17,
					"faces": {
						"north": { "texture": "#stone", "uv": [ 0.0, 0.0, 0.5, 0.5 ] },
						"east": { "texture": "#stone", "uv": [ 0.0, 0.0, 0.5, 0.5 ] },
						"south": { "texture": "#stone", "uv": [ 0.0, 0.0, 0.5, 0.5 ] },
						"west": { "texture": "#stone", "uv": [ 0.0, 0.0, 0.5, 0.5 ] },
						"up": { "texture": "#stone", "uv": [ 0.0, 0.0, 0.5, 0.5 ] },
						"down": { "texture": "#stone", "uv": [ 0.0, 0.0, 0.5, 0.5 ] }
					},
					"children": [
						{
							"name": "Stone13",
							"from": [ -0.9605, -4.5, 5.3951 ], 
							"to": [ 2.1395, -2.5, 10.3951 ], 
							"rotationOrigin": [ -0.4641, -4.5, 7.1962 ],
							"rotationY": 89.9802127184967,
							"faces": {
								"north": { "texture": "#stone", "uv": [ 0.0, 8.0, 3.0, 10.0 ] },
								"east": { "texture": "#stone", "uv": [ 10.0, 13.0, 15.0, 15.0 ] },
								"south": { "texture": "#stone", "uv": [ 2.0, 10.0, 5.0, 12.0 ] },
								"west": { "texture": "#stone", "uv": [ 7.0, 5.0, 12.0, 7.0 ] },
								"up": { "texture": "#stone", "uv": [ 5.0, 7.0, 8.0, 12.0 ] },
								"down": { "texture": "#stone", "uv": [ 7.0, 2.0, 10.0, 7.0 ] }
							}
						},
						{
							"name": "Stone213",
							"from": [ 2.4953, -4.5, -7.6717 ], 
							"to": [ 5.5953, -2.5, -2.6717 ], 
							"rotationOrigin": [ 2.4962, -4.5, -7.6765 ],
							"rotationY": -89.9802127184967,
							"faces": {
								"north": { "texture": "#stone", "uv": [ 0.0, 8.0, 3.0, 10.0 ] },
								"east": { "texture": "#stone", "uv": [ 10.0, 13.0, 15.0, 15.0 ] },
								"south": { "texture": "#stone", "uv": [ 2.0, 10.0, 5.0, 12.0 ] },
								"west": { "texture": "#stone", "uv": [ 7.0, 5.0, 12.0, 7.0 ] },
								"up": { "texture": "#stone", "uv": [ 5.0, 7.0, 8.0, 12.0 ] },
								"down": { "texture": "#stone", "uv": [ 7.0, 2.0, 10.0, 7.0 ] }
							}
						},
						{
							"name": "Stone2",
							"from": [ -7.4952, -4.5, 0.4179 ], 
							"to": [ -4.5952, -2.5, 3.2179 ], 
							"rotationOrigin": [ -7.4952, -4.5, 2.0179 ],
							"rotationY": 29.999998352813325,
							"faces": {
								"north": { "texture": "#stone", "uv": [ 0.0, 8.0, 2.5, 10.0 ] },
								"east": { "texture": "#stone", "uv": [ 10.0, 13.0, 12.5, 15.0 ] },
								"south": { "texture": "#stone", "uv": [ 2.0, 10.0, 4.5, 12.0 ] },
								"west": { "texture": "#stone", "uv": [ 7.0, 5.0, 9.5, 7.0 ] },
								"up": { "texture": "#stone", "uv": [ 5.0, 7.0, 7.5, 9.5 ] },
								"down": { "texture": "#stone", "uv": [ 7.0, 2.0, 9.5, 4.5 ] }
							}
						},
						{
							"name": "Stone1",
							"from": [ 2.8971, -4.5, -5.4821 ], 
							"to": [ 5.8971, -2.5, -2.6821 ], 
							"rotationOrigin": [ 2.8971, -4.5, -3.9821 ],
							"rotationY": 29.999998352813325,
							"faces": {
								"north": { "texture": "#stone", "uv": [ 0.0, 8.0, 3.0, 10.0 ] },
								"east": { "texture": "#stone", "uv": [ 10.0, 13.0, 12.5, 15.0 ] },
								"south": { "texture": "#stone", "uv": [ 2.0, 10.0, 5.0, 12.0 ] },
								"west": { "texture": "#stone", "uv": [ 7.0, 5.0, 9.5, 7.0 ] },
								"up": { "texture": "#stone", "uv": [ 5.0, 7.0, 8.0, 9.5 ] },
								"down": { "texture": "#stone", "uv": [ 7.0, 2.0, 10.0, 4.5 ] }
							}
						},
						{
							"name": "Stone28",
							"from": [ 5.3, -4.5, -1.818 ], 
							"to": [ 8.3, -2.5, 0.982 ], 
							"rotationOrigin": [ 5.8971, -4.5, -0.5179 ],
							"rotationX": -1.943210308598575E-6,
							"rotationY": -3.415094397496434E-6,
							"rotationZ": -1.1772231719036336E-8,
							"faces": {
								"north": { "texture": "#stone", "uv": [ 0.0, 8.0, 3.0, 10.0 ] },
								"east": { "texture": "#stone", "uv": [ 10.0, 13.0, 12.5, 15.0 ] },
								"south": { "texture": "#stone", "uv": [ 2.0, 10.0, 5.0, 12.0 ] },
								"west": { "texture": "#stone", "uv": [ 7.0, 5.0, 9.5, 7.0 ] },
								"up": { "texture": "#stone", "uv": [ 5.0, 7.0, 8.0, 9.5 ] },
								"down": { "texture": "#stone", "uv": [ 7.0, 2.0, 10.0, 4.5 ] }
							}
						},
						{
							"name": "Stone5",
							"from": [ 2.4953, -4.5, -7.6717 ], 
							"to": [ 5.5953, -2.5, -2.6717 ], 
							"rotationOrigin": [ 2.4962, -4.5, -7.6765 ],
							"rotationX": -0.002468860916223596,
							"rotationY": -89.9802127184967,
							"rotationZ": -0.0024703397004106546,
							"faces": {
								"north": { "texture": "#stone", "uv": [ 0.0, 8.0, 3.0, 10.0 ] },
								"east": { "texture": "#stone", "uv": [ 10.0, 13.0, 15.0, 15.0 ] },
								"south": { "texture": "#stone", "uv": [ 2.0, 10.0, 5.0, 12.0 ] },
								"west": { "texture": "#stone", "uv": [ 7.0, 5.0, 12.0, 7.0 ] },
								"up": { "texture": "#stone", "uv": [ 5.0, 7.0, 8.0, 12.0 ] },
								"down": { "texture": "#stone", "uv": [ 7.0, 2.0, 10.0, 7.0 ] }
							}
						},
						{
							"name": "Stone3",
							"from": [ -10.96, -4.5, 5.2 ], 
							"to": [ -7.86, -2.5, 10.2 ], 
							"rotationOrigin": [ -10.4641, -4.5, 7.7 ],
							"rotationX": 1.876937780990841E-6,
							"rotationY": 24.99999349224333,
							"rotationZ": -9.416496000316054E-7,
							"faces": {
								"north": { "texture": "#stone", "uv": [ 0.0, 8.0, 3.0, 10.0 ] },
								"east": { "texture": "#stone", "uv": [ 10.0, 13.0, 15.0, 15.0 ] },
								"south": { "texture": "#stone", "uv": [ 2.0, 10.0, 5.0, 12.0 ] },
								"west": { "texture": "#stone", "uv": [ 7.0, 5.0, 12.0, 7.0 ] },
								"up": { "texture": "#stone", "uv": [ 5.0, 7.0, 8.0, 12.0 ] },
								"down": { "texture": "#stone", "uv": [ 7.0, 2.0, 10.0, 7.0 ] }
							}
						},
						{
							"name": "Stone20",
							"from": [ 9.0, -4.5, 3.3 ], 
							"to": [ 12.0, -2.5, 8.3 ], 
							"rotationOrigin": [ 9.0, -4.5, 5.0 ],
							"rotationX": -2.4335964262663233E-5,
							"rotationY": -60.00000858483831,
							"rotationZ": -1.9392597327458587E-5,
							"faces": {
								"north": { "texture": "#stone", "uv": [ 0.0, 8.0, 3.0, 10.0 ] },
								"east": { "texture": "#stone", "uv": [ 10.0, 13.0, 15.0, 15.0 ] },
								"south": { "texture": "#stone", "uv": [ 2.0, 10.0, 5.0, 12.0 ] },
								"west": { "texture": "#stone", "uv": [ 7.0, 5.0, 12.0, 7.0 ] },
								"up": { "texture": "#stone", "uv": [ 5.0, 7.0, 8.0, 12.0 ] },
								"down": { "texture": "#stone", "uv": [ 7.0, 2.0, 10.0, 7.0 ] }
							}
						},
						{
							"name": "Stone29",
							"from": [ -5.5, -5.0, 4.1821 ], 
							"to": [ -2.6, -3.0, 6.9821 ], 
							"rotationOrigin": [ 7.5, -4.5, 5.4821 ],
							"rotationX": 1.97170447775634E-6,
							"rotationY": 29.99999046599096,
							"rotationZ": -9.854496644992193E-7,
							"faces": {
								"north": { "texture": "#stone", "uv": [ 0.0, 8.0, 2.5, 10.0 ] },
								"east": { "texture": "#stone", "uv": [ 10.0, 13.0, 12.5, 15.0 ] },
								"south": { "texture": "#stone", "uv": [ 2.0, 10.0, 4.5, 12.0 ] },
								"west": { "texture": "#stone", "uv": [ 7.0, 5.0, 9.5, 7.0 ] },
								"up": { "texture": "#stone", "uv": [ 5.0, 7.0, 7.5, 9.5 ] },
								"down": { "texture": "#stone", "uv": [ 7.0, 2.0, 9.5, 4.5 ] }
							}
						},
						{
							"name": "Stone22",
							"from": [ 7.99, -2.5, -5.57 ], 
							"to": [ 10.69, -0.4, -0.57 ], 
							"rotationOrigin": [ 8.1911, -2.5, -3.867 ],
							"rotationX": 7.936761305157316E-6,
							"rotationY": 59.49998639352145,
							"rotationZ": 3.4290677535233835E-5,
							"faces": {
								"north": { "texture": "#stone", "uv": [ 0.0, 8.0, 2.5, 10.0 ] },
								"east": { "texture": "#stone", "uv": [ 10.0, 13.0, 15.0, 15.0 ] },
								"south": { "texture": "#stone", "uv": [ 2.0, 10.0, 4.5, 12.0 ] },
								"west": { "texture": "#stone", "uv": [ 7.0, 5.0, 12.0, 7.0 ] },
								"up": { "texture": "#stone", "uv": [ 5.0, 7.0, 7.5, 12.0 ] },
								"down": { "texture": "#stone", "uv": [ 7.0, 2.0, 9.5, 7.0 ] }
							}
						},
						{
							"name": "Stone6",
							"from": [ -4.5688, -4.5, -3.6429 ], 
							"to": [ -1.8688, -2.5, 1.3571 ], 
							"rotationOrigin": [ -4.3688, -4.5, -1.9429 ],
							"rotationX": -179.99997723772478,
							"rotationY": 29.980206372829347,
							"rotationZ": 179.99998667037,
							"faces": {
								"north": { "texture": "#stone", "uv": [ 0.0, 8.0, 2.5, 10.0 ] },
								"east": { "texture": "#stone", "uv": [ 10.0, 13.0, 15.0, 15.0 ] },
								"south": { "texture": "#stone", "uv": [ 2.0, 10.0, 4.5, 12.0 ] },
								"west": { "texture": "#stone", "uv": [ 7.0, 5.0, 12.0, 7.0 ] },
								"up": { "texture": "#stone", "uv": [ 5.0, 7.0, 7.5, 12.0 ] },
								"down": { "texture": "#stone", "uv": [ 7.0, 2.0, 9.5, 7.0 ] }
							}
						},
						{
							"name": "Stone21",
							"from": [ 12.0, -4.5, -5.4 ], 
							"to": [ 15.1, -2.7, -0.4 ], 
							"rotationOrigin": [ 12.0, -4.5, -5.4 ],
							"rotationX": -179.99995118756223,
							"rotationY": -59.999974433899695,
							"rotationZ": -179.99995243786427,
							"faces": {
								"north": { "texture": "#stone", "uv": [ 0.0, 8.0, 3.0, 9.5 ] },
								"east": { "texture": "#stone", "uv": [ 10.0, 13.0, 15.0, 14.5 ] },
								"south": { "texture": "#stone", "uv": [ 2.0, 10.0, 5.0, 11.5 ] },
								"west": { "texture": "#stone", "uv": [ 7.0, 5.0, 12.0, 6.5 ] },
								"up": { "texture": "#stone", "uv": [ 5.0, 7.0, 8.0, 12.0 ] },
								"down": { "texture": "#stone", "uv": [ 7.0, 2.0, 10.0, 7.0 ] }
							}
						},
						{
							"name": "Stone19",
							"from": [ 8.5, -2.5, -1.9 ], 
							"to": [ 11.6, -0.3, 3.1 ], 
							"rotationOrigin": [ 9.0, -2.5, 0.0 ],
							"rotationX": 1.7963808494570985E-6,
							"rotationY": -3.415094397496434E-6,
							"rotationZ": -2.2057818255764213E-6,
							"faces": {
								"north": { "texture": "#stone", "uv": [ 0.0, 8.0, 3.0, 10.0 ] },
								"east": { "texture": "#stone", "uv": [ 10.0, 13.0, 15.0, 15.0 ] },
								"south": { "texture": "#stone", "uv": [ 2.0, 10.0, 5.0, 12.0 ] },
								"west": { "texture": "#stone", "uv": [ 7.0, 5.0, 12.0, 7.0 ] },
								"up": { "texture": "#stone", "uv": [ 5.0, 7.0, 8.0, 12.0 ] },
								"down": { "texture": "#stone", "uv": [ 7.0, 2.0, 10.0, 7.0 ] }
							}
						},
						{
							"name": "Stone18",
							"from": [ 8.8, -0.3, -5.0 ], 
							"to": [ 11.7, 1.7, 0.5 ], 
							"rotationOrigin": [ 8.5, -0.5, -3.0 ],
							"rotationX": -2.999998279572571,
							"rotationY": -8.775171257673805E-6,
							"rotationZ": -1.7071659393183935E-6,
							"faces": {
								"north": { "texture": "#stone", "uv": [ 0.0, 8.0, 2.5, 10.0 ] },
								"east": { "texture": "#stone", "uv": [ 10.0, 13.0, 15.5, 15.0 ] },
								"south": { "texture": "#stone", "uv": [ 2.0, 10.0, 4.5, 12.0 ] },
								"west": { "texture": "#stone", "uv": [ 7.0, 5.0, 12.5, 7.0 ] },
								"up": { "texture": "#stone", "uv": [ 5.0, 7.0, 7.5, 12.5 ] },
								"down": { "texture": "#stone", "uv": [ 7.0, 2.0, 9.5, 7.5 ] }
							}
						},
						{
							"name": "Stone17",
							"from": [ 8.5, -4.5, -2.5 ], 
							"to": [ 11.5, -2.4, 3.0 ], 
							"rotationOrigin": [ 8.5, -4.5, -1.0 ],
							"rotationX": 6.252049580733901E-7,
							"rotationY": -8.824516364958798E-6,
							"rotationZ": -1.5296034689771785E-6,
							"faces": {
								"north": { "texture": "#stone", "uv": [ 0.0, 8.0, 3.0, 10.0 ] },
								"east": { "texture": "#stone", "uv": [ 10.0, 13.0, 15.5, 15.0 ] },
								"south": { "texture": "#stone", "uv": [ 2.0, 10.0, 5.0, 12.0 ] },
								"west": { "texture": "#stone", "uv": [ 7.0, 5.0, 12.5, 7.0 ] },
								"up": { "texture": "#stone", "uv": [ 5.0, 7.0, 8.0, 12.5 ] },
								"down": { "texture": "#stone", "uv": [ 7.0, 2.0, 10.0, 7.5 ] }
							}
						}
					]
				}
			]
		}
	],
	"animations": [
		{
			"name": "Rota",
			"code": "Rota",
			"quantityframes": 61,
			"onActivityStopped": "EaseOut",
			"onAnimationEnd": "Repeat",
			"keyframes": [
				{
					"frame": 0,
					"elements": {
						"Main": { "rotationX": 0.0, "rotationY": -180.0, "rotationZ": 0.0 }
					}
				},
				{
					"frame": 30,
					"elements": {
						"Main": { "rotationX": 0.0, "rotationY": 0.0, "rotationZ": 0.0 }
					}
				},
				{
					"frame": 60,
					"elements": {
						"Main": { "rotationX": 0.0, "rotationY": 179.0, "rotationZ": 0.0 }
					}
				}
			]
		}
	]
}