{
	"editor": {
		"allAngles": false,
		"entityTextureMode": false
	},
	"textureWidth": 16,
	"textureHeight": 16,
	"textureSizes": {
	},
	"textures": {
	},
	"elements": [
		{
			"name": "Main",
			"from": [ 8.0, 8.0, 8.0 ], 
			"to": [ 8.0, 8.0, 8.0 ], 
			"rotationOrigin": [ 8.0, 8.0, 8.0 ],
			"rotationX": -1.7075471987482165E-6,
			"rotationY": -1.6077456539057808E-9,
			"rotationZ": -4.0222566999999226E-10,
			"faces": {
				"north": { "texture": "#stone", "uv": [ 0.0, 0.0, 0.5, 0.5 ] },
				"east": { "texture": "#stone", "uv": [ 0.0, 0.0, 0.5, 0.5 ] },
				"south": { "texture": "#stone", "uv": [ 0.0, 0.0, 0.5, 0.5 ] },
				"west": { "texture": "#stone", "uv": [ 0.0, 0.0, 0.5, 0.5 ] },
				"up": { "texture": "#stone", "uv": [ 0.0, 0.0, 0.5, 0.5 ] },
				"down": { "texture": "#stone", "uv": [ 0.0, 0.0, 0.5, 0.5 ] }
			},
			"children": [
				{
					"name": "Wood Main",
					"from": [ -9.0, -8.0, 7.0 ], 
					"to": [ -9.0, -8.0, 7.0 ], 
					"rotationOrigin": [ -9.0, -8.0, 7.0 ],
					"rotationX": -89.99996432258855,
					"rotationY": -4.022251481902685E-10,
					"rotationZ": 1.6077453557287958E-9,
					"faces": {
						"north": { "texture": "#log", "uv": [ 0.0, 0.0, 0.5, 0.5 ] },
						"east": { "texture": "#log", "uv": [ 0.0, 0.0, 0.5, 0.5 ] },
						"south": { "texture": "#log", "uv": [ 0.0, 0.0, 0.5, 0.5 ] },
						"west": { "texture": "#log", "uv": [ 0.0, 0.0, 0.5, 0.5 ] },
						"up": { "texture": "#log", "uv": [ 0.0, 0.0, 0.5, 0.5 ] },
						"down": { "texture": "#log", "uv": [ 0.0, 0.0, 0.5, 0.5 ] }
					},
					"children": [
						{
							"name": "Wood 1",
							"from": [ 0.0, 0.0, 0.0 ], 
							"to": [ 1.0, 14.0, 1.2 ], 
							"rotationOrigin": [ 0.0, 0.0, 0.0 ],
							"rotationX": -1.3660377589985859E-5,
							"faces": {
								"north": { "texture": "#log", "uv": [ 1.0, 9.0, 15.0, 10.0 ], "rotation": 90 },
								"east": { "texture": "#log", "uv": [ 0.0, 6.0, 14.0, 7.0 ], "rotation": 90 },
								"south": { "texture": "#log", "uv": [ 0.0, 5.0, 14.0, 6.0 ], "rotation": 90 },
								"west": { "texture": "#log", "uv": [ 0.0, 3.0, 14.0, 4.0 ], "rotation": 90 },
								"up": { "texture": "#log", "uv": [ 14.5, 14.5, 15.5, 15.5 ] },
								"down": { "texture": "#log", "uv": [ 14.0, 15.0, 15.0, 16.0 ] }
							}
						},
						{
							"name": "Wood 2",
							"from": [ -1.0, 15.5, 0.5 ], 
							"to": [ 14.0, 16.5, 1.5 ], 
							"rotationOrigin": [ -1.0, 15.5, 0.0 ],
							"rotationX": 89.9999847740217,
							"rotationY": 4.999999393906452,
							"faces": {
								"north": { "texture": "#log", "uv": [ 0.0, 9.0, 15.0, 10.0 ] },
								"east": { "texture": "#log", "uv": [ 14.5, 14.5, 15.5, 15.5 ] },
								"south": { "texture": "#log", "uv": [ 0.0, 5.0, 15.0, 6.0 ] },
								"west": { "texture": "#log", "uv": [ 14.5, 14.5, 15.5, 15.5 ] },
								"up": { "texture": "#log", "uv": [ 0.0, 3.0, 15.0, 4.0 ] },
								"down": { "texture": "#log", "uv": [ 0.0, 7.0, 15.0, 8.0 ] }
							}
						},
						{
							"name": "Wood 3",
							"from": [ -1.0, 1.0, 0.0 ], 
							"to": [ 0.0, 15.0, 1.2 ], 
							"rotationOrigin": [ -1.0, 1.0, 0.0 ],
							"rotationX": 4.499987948124433,
							"faces": {
								"north": { "texture": "#log", "uv": [ 1.0, 9.0, 15.0, 10.0 ], "rotation": 90 },
								"east": { "texture": "#log", "uv": [ 0.0, 6.0, 14.0, 7.0 ], "rotation": 90 },
								"south": { "texture": "#log", "uv": [ 0.0, 5.0, 14.0, 6.0 ], "rotation": 90 },
								"west": { "texture": "#log", "uv": [ 0.0, 3.0, 14.0, 4.0 ], "rotation": 90 },
								"up": { "texture": "#log", "uv": [ 14.5, 14.5, 15.5, 15.5 ] },
								"down": { "texture": "#log", "uv": [ 14.0, 15.0, 15.0, 16.0 ] }
							}
						}
					]
				},
				{
					"name": "Stone Main",
					"from": [ 0.0, -3.5, 0.0 ], 
					"to": [ 0.0, -3.5, 0.0 ], 
					"rotationOrigin": [ 0.0, -3.5, 0.0 ],
					"rotationX": 1.707778806822166E-6,
					"rotationY": -29.99999046599096,
					"rotationZ": 4.64332614577343E-10,
					"faces": {
						"north": { "texture": "#stone", "uv": [ 0.0, 0.0, 0.5, 0.5 ] },
						"east": { "texture": "#stone", "uv": [ 0.0, 0.0, 0.5, 0.5 ] },
						"south": { "texture": "#stone", "uv": [ 0.0, 0.0, 0.5, 0.5 ] },
						"west": { "texture": "#stone", "uv": [ 0.0, 0.0, 0.5, 0.5 ] },
						"up": { "texture": "#stone", "uv": [ 0.0, 0.0, 0.5, 0.5 ] },
						"down": { "texture": "#stone", "uv": [ 0.0, 0.0, 0.5, 0.5 ] }
					},
					"children": [
						{
							"name": "Stone18",
							"from": [ -7.2, -2.5, -3.0 ], 
							"to": [ -4.3, -0.5, 2.5 ], 
							"rotationOrigin": [ -7.5, -2.5, -1.0 ],
							"rotationX": -8.537746171515542E-7,
							"rotationY": -5.409422374573315E-6,
							"rotationZ": -6.761788145991086E-7,
							"faces": {
								"north": { "texture": "#stone", "uv": [ 0.0, 8.0, 2.5, 10.0 ] },
								"east": { "texture": "#stone", "uv": [ 10.0, 13.0, 15.5, 15.0 ] },
								"south": { "texture": "#stone", "uv": [ 2.0, 10.0, 4.5, 12.0 ] },
								"west": { "texture": "#stone", "uv": [ 7.0, 5.0, 12.5, 7.0 ] },
								"up": { "texture": "#stone", "uv": [ 5.0, 7.0, 7.5, 12.5 ] },
								"down": { "texture": "#stone", "uv": [ 7.0, 2.0, 9.5, 7.5 ] }
							}
						},
						{
							"name": "Stone17",
							"from": [ 4.5, -2.5, -2.5 ], 
							"to": [ 7.5, -0.4, 3.0 ], 
							"rotationOrigin": [ 4.5, -2.5, -1.0 ],
							"rotationX": -8.537746171515542E-7,
							"rotationY": -5.409422374573315E-6,
							"rotationZ": -6.761788145991086E-7,
							"faces": {
								"north": { "texture": "#stone", "uv": [ 0.0, 8.0, 3.0, 10.0 ] },
								"east": { "texture": "#stone", "uv": [ 10.0, 13.0, 15.5, 15.0 ] },
								"south": { "texture": "#stone", "uv": [ 2.0, 10.0, 5.0, 12.0 ] },
								"west": { "texture": "#stone", "uv": [ 7.0, 5.0, 12.5, 7.0 ] },
								"up": { "texture": "#stone", "uv": [ 5.0, 7.0, 8.0, 12.5 ] },
								"down": { "texture": "#stone", "uv": [ 7.0, 2.0, 10.0, 7.5 ] }
							}
						},
						{
							"name": "Stone19",
							"from": [ -4.5, -2.5, 4.2 ], 
							"to": [ -1.4, -0.3, 9.2 ], 
							"rotationOrigin": [ -4.0, -2.5, 6.0 ],
							"rotationX": 3.174010967800996E-7,
							"rotationY": 59.99998809427091,
							"rotationZ": -1.3523572049933834E-6,
							"faces": {
								"north": { "texture": "#stone", "uv": [ 0.0, 8.0, 3.0, 10.0 ] },
								"east": { "texture": "#stone", "uv": [ 10.0, 13.0, 15.0, 15.0 ] },
								"south": { "texture": "#stone", "uv": [ 2.0, 10.0, 5.0, 12.0 ] },
								"west": { "texture": "#stone", "uv": [ 7.0, 5.0, 12.0, 7.0 ] },
								"up": { "texture": "#stone", "uv": [ 5.0, 7.0, 8.0, 12.0 ] },
								"down": { "texture": "#stone", "uv": [ 7.0, 2.0, 10.0, 7.0 ] }
							}
						},
						{
							"name": "Stone21",
							"from": [ 6.0, -2.5, -5.4 ], 
							"to": [ 9.1, -0.7, -0.4 ], 
							"rotationOrigin": [ 6.0, -2.5, -5.4 ],
							"rotationX": -179.99996748767705,
							"rotationY": -59.999981264084596,
							"rotationZ": -179.99996645271978,
							"faces": {
								"north": { "texture": "#stone", "uv": [ 0.0, 8.0, 3.0, 9.5 ] },
								"east": { "texture": "#stone", "uv": [ 10.0, 13.0, 15.0, 14.5 ] },
								"south": { "texture": "#stone", "uv": [ 2.0, 10.0, 5.0, 11.5 ] },
								"west": { "texture": "#stone", "uv": [ 7.0, 5.0, 12.0, 6.5 ] },
								"up": { "texture": "#stone", "uv": [ 5.0, 7.0, 8.0, 12.0 ] },
								"down": { "texture": "#stone", "uv": [ 7.0, 2.0, 10.0, 7.0 ] }
							}
						},
						{
							"name": "Stone22",
							"from": [ -3.0089, -2.5, -5.567 ], 
							"to": [ -0.3089, -0.4, -0.567 ], 
							"rotationOrigin": [ -2.8089, -2.5, -3.867 ],
							"rotationX": 179.9999860952012,
							"rotationY": 60.000029075418404,
							"rotationZ": -179.99997047806076,
							"faces": {
								"north": { "texture": "#stone", "uv": [ 0.0, 8.0, 2.5, 10.0 ] },
								"east": { "texture": "#stone", "uv": [ 10.0, 13.0, 15.0, 15.0 ] },
								"south": { "texture": "#stone", "uv": [ 2.0, 10.0, 4.5, 12.0 ] },
								"west": { "texture": "#stone", "uv": [ 7.0, 5.0, 12.0, 7.0 ] },
								"up": { "texture": "#stone", "uv": [ 5.0, 7.0, 7.5, 12.0 ] },
								"down": { "texture": "#stone", "uv": [ 7.0, 2.0, 9.5, 7.0 ] }
							}
						},
						{
							"name": "Stone20",
							"from": [ 2.8, -2.5, 2.3 ], 
							"to": [ 5.8, -0.5, 7.3 ], 
							"rotationOrigin": [ 3.0, -2.5, 4.0 ],
							"rotationX": -2.4336763829003074E-5,
							"rotationY": -60.00000858483831,
							"rotationZ": -1.7685743031923594E-5,
							"faces": {
								"north": { "texture": "#stone", "uv": [ 0.0, 8.0, 3.0, 10.0 ] },
								"east": { "texture": "#stone", "uv": [ 10.0, 13.0, 15.0, 15.0 ] },
								"south": { "texture": "#stone", "uv": [ 2.0, 10.0, 5.0, 12.0 ] },
								"west": { "texture": "#stone", "uv": [ 7.0, 5.0, 12.0, 7.0 ] },
								"up": { "texture": "#stone", "uv": [ 5.0, 7.0, 8.0, 12.0 ] },
								"down": { "texture": "#stone", "uv": [ 7.0, 2.0, 10.0, 7.0 ] }
							}
						},
						{
							"name": "Stone29",
							"from": [ -5.4952, -4.5, 4.1821 ], 
							"to": [ -2.5952, -2.5, 6.9821 ], 
							"rotationOrigin": [ -5.4952, -4.5, 5.4821 ],
							"rotationY": 29.999998352813325,
							"faces": {
								"north": { "texture": "#stone", "uv": [ 0.0, 8.0, 2.5, 10.0 ] },
								"east": { "texture": "#stone", "uv": [ 10.0, 13.0, 12.5, 15.0 ] },
								"south": { "texture": "#stone", "uv": [ 2.0, 10.0, 4.5, 12.0 ] },
								"west": { "texture": "#stone", "uv": [ 7.0, 5.0, 9.5, 7.0 ] },
								"up": { "texture": "#stone", "uv": [ 5.0, 7.0, 7.5, 9.5 ] },
								"down": { "texture": "#stone", "uv": [ 7.0, 2.0, 9.5, 4.5 ] }
							}
						},
						{
							"name": "Stone3",
							"from": [ -0.9605, -4.5, 5.3951 ], 
							"to": [ 2.1395, -2.5, 10.3951 ], 
							"rotationOrigin": [ -0.4641, -4.5, 7.1962 ],
							"rotationY": 89.9802127184967,
							"faces": {
								"north": { "texture": "#stone", "uv": [ 0.0, 8.0, 3.0, 10.0 ] },
								"east": { "texture": "#stone", "uv": [ 10.0, 13.0, 15.0, 15.0 ] },
								"south": { "texture": "#stone", "uv": [ 2.0, 10.0, 5.0, 12.0 ] },
								"west": { "texture": "#stone", "uv": [ 7.0, 5.0, 12.0, 7.0 ] },
								"up": { "texture": "#stone", "uv": [ 5.0, 7.0, 8.0, 12.0 ] },
								"down": { "texture": "#stone", "uv": [ 7.0, 2.0, 10.0, 7.0 ] }
							},
							"children": [
								{
									"name": "Stone4",
									"from": [ 5.5321, 0.0, 5.1622 ], 
									"to": [ 8.5321, 2.0, 10.1622 ], 
									"rotationOrigin": [ 5.7321, 0.0, 6.8622 ],
									"rotationX": -179.99999011687993,
									"rotationY": -59.99999492445864,
									"rotationZ": -179.99999011687993,
									"faces": {
										"north": { "texture": "#stone", "uv": [ 0.0, 8.0, 3.0, 10.0 ] },
										"east": { "texture": "#stone", "uv": [ 10.0, 13.0, 15.0, 15.0 ] },
										"south": { "texture": "#stone", "uv": [ 2.0, 10.0, 5.0, 12.0 ] },
										"west": { "texture": "#stone", "uv": [ 7.0, 5.0, 12.0, 7.0 ] },
										"up": { "texture": "#stone", "uv": [ 5.0, 7.0, 8.0, 12.0 ] },
										"down": { "texture": "#stone", "uv": [ 7.0, 2.0, 10.0, 7.0 ] }
									}
								}
							]
						},
						{
							"name": "Stone5",
							"from": [ 2.4953, -4.5, -7.6717 ], 
							"to": [ 5.5953, -2.5, -2.6717 ], 
							"rotationOrigin": [ 2.4962, -4.5, -7.6765 ],
							"rotationY": -89.9802127184967,
							"faces": {
								"north": { "texture": "#stone", "uv": [ 0.0, 8.0, 3.0, 10.0 ] },
								"east": { "texture": "#stone", "uv": [ 10.0, 13.0, 15.0, 15.0 ] },
								"south": { "texture": "#stone", "uv": [ 2.0, 10.0, 5.0, 12.0 ] },
								"west": { "texture": "#stone", "uv": [ 7.0, 5.0, 12.0, 7.0 ] },
								"up": { "texture": "#stone", "uv": [ 5.0, 7.0, 8.0, 12.0 ] },
								"down": { "texture": "#stone", "uv": [ 7.0, 2.0, 10.0, 7.0 ] }
							},
							"children": [
								{
									"name": "Stone6",
									"from": [ 5.5321, 0.0, 5.1622 ], 
									"to": [ 8.2321, 2.0, 10.1622 ], 
									"rotationOrigin": [ 5.7321, 0.0, 6.8622 ],
									"rotationX": -179.99999011687993,
									"rotationY": -59.99999492445864,
									"rotationZ": -179.99999011687993,
									"faces": {
										"north": { "texture": "#stone", "uv": [ 0.0, 8.0, 2.5, 10.0 ] },
										"east": { "texture": "#stone", "uv": [ 10.0, 13.0, 15.0, 15.0 ] },
										"south": { "texture": "#stone", "uv": [ 2.0, 10.0, 4.5, 12.0 ] },
										"west": { "texture": "#stone", "uv": [ 7.0, 5.0, 12.0, 7.0 ] },
										"up": { "texture": "#stone", "uv": [ 5.0, 7.0, 7.5, 12.0 ] },
										"down": { "texture": "#stone", "uv": [ 7.0, 2.0, 9.5, 7.0 ] }
									}
								}
							]
						},
						{
							"name": "Stone28",
							"from": [ 4.8971, -4.5, -1.818 ], 
							"to": [ 7.8971, -2.5, 0.982 ], 
							"rotationOrigin": [ 4.8971, -4.5, -0.5179 ],
							"rotationX": -3.4221903668614194E-6,
							"rotationY": 30.000006239636317,
							"rotationZ": 8.416525156393528E-7,
							"faces": {
								"north": { "texture": "#stone", "uv": [ 0.0, 8.0, 3.0, 10.0 ] },
								"east": { "texture": "#stone", "uv": [ 10.0, 13.0, 12.5, 15.0 ] },
								"south": { "texture": "#stone", "uv": [ 2.0, 10.0, 5.0, 12.0 ] },
								"west": { "texture": "#stone", "uv": [ 7.0, 5.0, 9.5, 7.0 ] },
								"up": { "texture": "#stone", "uv": [ 5.0, 7.0, 8.0, 9.5 ] },
								"down": { "texture": "#stone", "uv": [ 7.0, 2.0, 10.0, 4.5 ] }
							}
						},
						{
							"name": "Stone2",
							"from": [ -7.4952, -4.5, 0.4179 ], 
							"to": [ -4.5952, -2.5, 3.2179 ], 
							"rotationOrigin": [ -7.4952, -4.5, 2.0179 ],
							"rotationY": 29.999998352813325,
							"faces": {
								"north": { "texture": "#stone", "uv": [ 0.0, 8.0, 2.5, 10.0 ] },
								"east": { "texture": "#stone", "uv": [ 10.0, 13.0, 12.5, 15.0 ] },
								"south": { "texture": "#stone", "uv": [ 2.0, 10.0, 4.5, 12.0 ] },
								"west": { "texture": "#stone", "uv": [ 7.0, 5.0, 9.5, 7.0 ] },
								"up": { "texture": "#stone", "uv": [ 5.0, 7.0, 7.5, 9.5 ] },
								"down": { "texture": "#stone", "uv": [ 7.0, 2.0, 9.5, 4.5 ] }
							}
						},
						{
							"name": "Stone1",
							"from": [ 2.8971, -4.5, -5.4821 ], 
							"to": [ 5.8971, -2.5, -2.6821 ], 
							"rotationOrigin": [ 2.8971, -4.5, -3.9821 ],
							"rotationY": 29.999998352813325,
							"faces": {
								"north": { "texture": "#stone", "uv": [ 0.0, 8.0, 3.0, 10.0 ] },
								"east": { "texture": "#stone", "uv": [ 10.0, 13.0, 12.5, 15.0 ] },
								"south": { "texture": "#stone", "uv": [ 2.0, 10.0, 5.0, 12.0 ] },
								"west": { "texture": "#stone", "uv": [ 7.0, 5.0, 9.5, 7.0 ] },
								"up": { "texture": "#stone", "uv": [ 5.0, 7.0, 8.0, 9.5 ] },
								"down": { "texture": "#stone", "uv": [ 7.0, 2.0, 10.0, 4.5 ] }
							}
						}
					]
				},
				{
					"name": "Fuel",
					"from": [ -2.5567, -8.0, -2.3151 ], 
					"to": [ -2.5567, -8.0, -2.3151 ], 
					"rotationOrigin": [ -2.5567, -8.0, -2.3151 ],
					"rotationX": 1.7085184773813008E-6,
					"rotationY": -67.49999205560236,
					"rotationZ": 1.0510660344885352E-9,
					"faces": {
						"north": { "texture": "#ground", "uv": [ 0.0, 0.0, 0.5, 0.5 ] },
						"east": { "texture": "#ground", "uv": [ 0.0, 0.0, 0.5, 0.5 ] },
						"south": { "texture": "#ground", "uv": [ 0.0, 0.0, 0.5, 0.5 ] },
						"west": { "texture": "#ground", "uv": [ 0.0, 0.0, 0.5, 0.5 ] },
						"up": { "texture": "#ground", "uv": [ 0.0, 0.0, 0.5, 0.5 ] },
						"down": { "texture": "#ground", "uv": [ 0.0, 0.0, 0.5, 0.5 ] }
					},
					"children": [
						{
							"name": "Log-W",
							"from": [ 0.0, 0.0, 0.0 ], 
							"to": [ 6.0, 1.0, 2.0 ], 
							"rotationOrigin": [ 3.5, 8.0, -2.4 ],
							"rotationY": -1.3660377589985859E-5,
							"faces": {
								"north": { "texture": "#ground", "uv": [ 7.0, 7.0, 13.0, 8.0 ], "glow": 20 },
								"east": { "texture": "#ground", "uv": [ 7.0, 9.0, 9.0, 10.0 ], "glow": 20 },
								"south": { "texture": "#ground", "uv": [ 6.0, 8.0, 12.0, 9.0 ], "glow": 20 },
								"west": { "texture": "#ground", "uv": [ 7.0, 8.0, 9.0, 9.0 ], "glow": 20 },
								"up": { "texture": "#ground", "uv": [ 8.0, 7.0, 14.0, 9.0 ], "glow": 20 },
								"down": { "texture": "#ground", "uv": [ 7.0, 7.0, 13.0, 9.0 ], "glow": 20 }
							}
						},
						{
							"name": "Ashes",
							"from": [ -3.8827, 1.0, -9.4661 ], 
							"to": [ 10.1173, 15.0, -9.4161 ], 
							"renderPass": 2,
							"rotationOrigin": [ 3.1173, 8.0, -1.4761 ],
							"rotationX": -90.00000188862877,
							"rotationY": -1.7075471987482165E-6,
							"rotationZ": 67.4999849596104,
							"faces": {
								"north": { "texture": "#ground", "uv": [ 0.0, 0.0, 14.0, 14.0 ], "enabled": false },
								"east": { "texture": "#null", "uv": [ 0.0, 0.0, 0.5, 14.0 ], "enabled": false },
								"south": { "texture": "#ground", "uv": [ 1.0, 1.0, 15.0, 15.0 ], "glow": 10 },
								"west": { "texture": "#null", "uv": [ 0.0, 0.0, 0.5, 14.0 ], "enabled": false },
								"up": { "texture": "#null", "uv": [ 0.0, 0.0, 14.0, 0.5 ], "enabled": false },
								"down": { "texture": "#null", "uv": [ 0.0, 0.0, 14.0, 0.5 ], "enabled": false }
							}
						},
						{
							"name": "Ember 1",
							"from": [ -0.3352, 0.0, 9.8534 ], 
							"to": [ 1.6648, 2.0, 11.8534 ], 
							"rotationOrigin": [ -7.3352, 0.0, 2.8534 ],
							"rotationY": 67.49999205560236,
							"faces": {
								"north": { "texture": "#ground", "uv": [ 6.0, 5.0, 8.0, 7.0 ], "glow": 120 },
								"east": { "texture": "#ground", "uv": [ 7.0, 7.0, 9.0, 9.0 ], "glow": 120 },
								"south": { "texture": "#ground", "uv": [ 7.0, 4.0, 9.0, 6.0 ], "glow": 120 },
								"west": { "texture": "#ground", "uv": [ 6.0, 4.0, 8.0, 6.0 ], "glow": 120 },
								"up": { "texture": "#ground", "uv": [ 7.0, 5.0, 9.0, 7.0 ], "glow": 120 },
								"down": { "texture": "#ground", "uv": [ 0.0, 0.0, 2.0, 2.0 ], "enabled": false }
							}
						},
						{
							"name": "Ember 3",
							"from": [ 1.6648, 0.0, 10.8534 ], 
							"to": [ 2.6648, 1.0, 11.8534 ], 
							"rotationOrigin": [ -7.3352, 0.0, 2.8534 ],
							"rotationY": 67.49999205560236,
							"faces": {
								"north": { "texture": "#ground", "uv": [ 8.0, 4.0, 9.0, 5.0 ], "glow": 120 },
								"east": { "texture": "#ground", "uv": [ 7.0, 5.0, 8.0, 6.0 ], "glow": 120 },
								"south": { "texture": "#ground", "uv": [ 8.0, 4.0, 9.0, 5.0 ], "glow": 120 },
								"west": { "texture": "#ground", "uv": [ 6.0, 5.0, 7.0, 6.0 ], "glow": 120 },
								"up": { "texture": "#ground", "uv": [ 6.0, 6.0, 7.0, 7.0 ], "glow": 120 },
								"down": { "texture": "#ground", "uv": [ 0.0, 0.0, 1.0, 1.0 ], "enabled": false }
							}
						},
						{
							"name": "Ember 2",
							"from": [ -0.3352, 0.0, 8.8534 ], 
							"to": [ 0.6648, 1.0, 9.8534 ], 
							"rotationOrigin": [ -7.3352, 0.0, 2.8534 ],
							"rotationY": 67.49999205560236,
							"faces": {
								"north": { "texture": "#ground", "uv": [ 7.0, 4.0, 8.0, 5.0 ], "glow": 120 },
								"east": { "texture": "#ground", "uv": [ 6.0, 5.0, 7.0, 6.0 ], "glow": 120 },
								"south": { "texture": "#ground", "uv": [ 8.0, 6.0, 9.0, 7.0 ], "glow": 120 },
								"west": { "texture": "#ground", "uv": [ 7.0, 5.0, 8.0, 6.0 ], "glow": 120 },
								"up": { "texture": "#ground", "uv": [ 7.0, 5.0, 8.0, 6.0 ], "glow": 120 },
								"down": { "texture": "#ground", "uv": [ 0.0, 0.0, 1.0, 1.0 ], "enabled": false }
							}
						},
						{
							"name": "Ember 4",
							"from": [ -0.3352, 0.0, 11.8534 ], 
							"to": [ 0.6648, 1.0, 12.8534 ], 
							"rotationOrigin": [ -7.3352, 0.0, 2.8534 ],
							"rotationY": 67.49999205560236,
							"faces": {
								"north": { "texture": "#ground", "uv": [ 7.0, 4.0, 8.0, 5.0 ], "glow": 120 },
								"east": { "texture": "#ground", "uv": [ 7.0, 4.0, 8.0, 5.0 ], "glow": 120 },
								"south": { "texture": "#ground", "uv": [ 8.0, 5.0, 9.0, 6.0 ], "glow": 120 },
								"west": { "texture": "#ground", "uv": [ 8.0, 4.0, 9.0, 5.0 ], "glow": 120 },
								"up": { "texture": "#ground", "uv": [ 8.0, 5.0, 9.0, 6.0 ], "glow": 120 },
								"down": { "texture": "#ground", "uv": [ 0.0, 0.0, 1.0, 1.0 ], "enabled": false }
							}
						}
					]
				}
			]
		}
	],
	"animations": [
		{
			"name": "Rota",
			"code": "Rota",
			"quantityframes": 61,
			"onActivityStopped": "EaseOut",
			"onAnimationEnd": "Repeat",
			"keyframes": [
				{
					"frame": 0,
					"elements": {
						"Main": { "rotationX": 0.0, "rotationY": -180.0, "rotationZ": 0.0 }
					}
				},
				{
					"frame": 30,
					"elements": {
						"Main": { "rotationX": 0.0, "rotationY": 0.0, "rotationZ": 0.0 }
					}
				},
				{
					"frame": 60,
					"elements": {
						"Main": { "rotationX": 0.0, "rotationY": 179.0, "rotationZ": 0.0 }
					}
				}
			]
		}
	]
}