{
	"editor": {
		"allAngles": false,
		"entityTextureMode": false
	},
	"textureWidth": 16,
	"textureHeight": 16,
	"textureSizes": {
	},
	"textures": {
		"log": "C:/Users/andy-/Documents/GitHub/qptech/mods/qptechfurniture/assets/furniture/textures/block/wood/stonefirepit/log"
	},
	"elements": [
		{
			"name": "Logs",
			"from": [ 6.8, -0.3, 5.0 ], 
			"to": [ 6.8, -0.3, 5.0 ], 
			"rotationOrigin": [ 6.8, -0.3, 5.0 ],
			"rotationX": -2.945105146539455E-10,
			"rotationY": -89.9802127184967,
			"rotationZ": -2.9445964334183344E-10,
			"faces": {
				"north": { "texture": "#log", "uv": [ 0.0, 0.0, 0.5, 0.5 ] },
				"east": { "texture": "#log", "uv": [ 0.0, 0.0, 0.5, 0.5 ] },
				"south": { "texture": "#log", "uv": [ 0.0, 0.0, 0.5, 0.5 ] },
				"west": { "texture": "#log", "uv": [ 0.0, 0.0, 0.5, 0.5 ] },
				"up": { "texture": "#log", "uv": [ 0.0, 0.0, 0.5, 0.5 ] },
				"down": { "texture": "#log", "uv": [ 0.0, 0.0, 0.5, 0.5 ] }
			},
			"children": [
				{
					"name": "Log-S",
					"from": [ 4.9997, 1.3, 0.8017 ], 
					"to": [ 10.9997, 3.3, 2.8017 ], 
					"rotationOrigin": [ 4.9997, 1.3, 0.8017 ],
					"rotationX": -179.99998770120885,
					"rotationY": 45.019782304818136,
					"rotationZ": -157.49999358035953,
					"faces": {
						"north": { "texture": "#log", "uv": [ 7.0, 14.0, 13.0, 16.0 ] },
						"east": { "texture": "#log", "uv": [ 14.0, 14.0, 16.0, 16.0 ] },
						"south": { "texture": "#log", "uv": [ 7.0, 14.0, 13.0, 16.0 ] },
						"west": { "texture": "#log", "uv": [ 14.0, 14.0, 16.0, 16.0 ] },
						"up": { "texture": "#log", "uv": [ 6.0, 7.0, 12.0, 9.0 ] },
						"down": { "texture": "#log", "uv": [ 6.5, 13.5, 12.5, 15.5 ] }
					}
				},
				{
					"name": "Log-N",
					"from": [ -1.4994, 0.3, -1.9003 ], 
					"to": [ 4.5006, 2.3, 0.0997 ], 
					"rotationOrigin": [ -0.9994, 0.3, -1.7003 ],
					"rotationY": 44.98020796664902,
					"faces": {
						"north": { "texture": "#log", "uv": [ 6.0, 7.0, 12.0, 9.0 ] },
						"east": { "texture": "#log", "uv": [ 14.0, 14.0, 16.0, 16.0 ] },
						"south": { "texture": "#log", "uv": [ 8.0, 5.0, 14.0, 7.0 ] },
						"west": { "texture": "#log", "uv": [ 14.0, 14.0, 16.0, 16.0 ] },
						"up": { "texture": "#log", "uv": [ 7.0, 7.0, 13.0, 9.0 ] },
						"down": { "texture": "#log", "uv": [ 8.0, 7.0, 14.0, 9.0 ] }
					}
				},
				{
					"name": "Log-E",
					"from": [ 0.0, 0.0, 0.0 ], 
					"to": [ 5.0, 2.0, 2.0 ], 
					"rotationOrigin": [ 0.0, 0.0, 0.0 ],
					"rotationY": -0.019793887521617794,
					"faces": {
						"north": { "texture": "#log", "uv": [ 6.0, 7.0, 11.0, 9.0 ] },
						"east": { "texture": "#log", "uv": [ 14.0, 14.0, 16.0, 16.0 ] },
						"south": { "texture": "#log", "uv": [ 8.0, 5.0, 13.0, 7.0 ] },
						"west": { "texture": "#log", "uv": [ 14.0, 14.0, 16.0, 16.0 ] },
						"up": { "texture": "#log", "uv": [ 7.0, 7.0, 12.0, 9.0 ] },
						"down": { "texture": "#log", "uv": [ 8.0, 7.0, 13.0, 9.0 ] }
					}
				}
			]
		}
	],
	"animations": [
		{
			"name": "Rota",
			"code": "Rota",
			"quantityframes": 61,
			"onActivityStopped": "EaseOut",
			"onAnimationEnd": "Repeat",
			"keyframes": [

			]
		},

		{
			"name": "Rota",
			"code": "Rota",
			"quantityframes": 61,
			"onActivityStopped": "EaseOut",
			"onAnimationEnd": "Repeat",
			"keyframes": [

			]
		},

		{
			"name": "Rota",
			"code": "Rota",
			"quantityframes": 61,
			"onActivityStopped": "EaseOut",
			"onAnimationEnd": "Repeat",
			"keyframes": [

			]
		}
	]
}