{
	"editor": {
		"allAngles": false,
		"entityTextureMode": false
	},
	"textureWidth": 16,
	"textureHeight": 16,
	"textureSizes": {
	},
	"textures": {
		"shinybrass": "block/shinybrass",
		"oak1": "block/oak1"
	},
	"elements": [
		{
			"name": "Cube1",
			"from": [ 0.0, 3.0, 0.0 ], 
			"to": [ 16.0, 15.0, 2.0 ], 
			"rotationOrigin": [ 0.0, 3.0, 0.0 ],
			"faces": {
				"north": { "texture": "#oak1", "uv": [ 0.0, 0.0, 16.0, 12.0 ] },
				"east": { "texture": "#oak1", "uv": [ 0.0, 0.0, 2.0, 12.0 ] },
				"south": { "texture": "#oak1", "uv": [ 0.0, 0.0, 16.0, 12.0 ] },
				"west": { "texture": "#oak1", "uv": [ 0.0, 0.0, 2.0, 12.0 ] },
				"up": { "texture": "#oak1", "uv": [ 0.0, 0.0, 16.0, 2.0 ] },
				"down": { "texture": "#oak1", "uv": [ 0.0, 0.0, 16.0, 2.0 ] }
			}
		},
		{
			"name": "Cube2",
			"from": [ 0.0, 3.0, 14.0 ], 
			"to": [ 16.0, 15.0, 16.0 ], 
			"rotationOrigin": [ 0.0, 3.0, 14.0 ],
			"faces": {
				"north": { "texture": "#oak1", "uv": [ 0.0, 0.0, 16.0, 12.0 ] },
				"east": { "texture": "#oak1", "uv": [ 0.0, 0.0, 2.0, 12.0 ] },
				"south": { "texture": "#oak1", "uv": [ 0.0, 0.0, 16.0, 12.0 ] },
				"west": { "texture": "#oak1", "uv": [ 0.0, 0.0, 2.0, 12.0 ] },
				"up": { "texture": "#oak1", "uv": [ 0.0, 0.0, 16.0, 2.0 ] },
				"down": { "texture": "#oak1", "uv": [ 0.0, 0.0, 16.0, 2.0 ] }
			}
		},
		{
			"name": "Cube3",
			"from": [ 0.0, 3.0, 2.0 ], 
			"to": [ 2.0, 15.0, 14.0 ], 
			"rotationOrigin": [ 0.0, 3.0, 2.0 ],
			"faces": {
				"north": { "texture": "#oak1", "uv": [ 0.0, 0.0, 2.0, 12.0 ] },
				"east": { "texture": "#oak1", "uv": [ 0.0, 0.0, 12.0, 12.0 ] },
				"south": { "texture": "#oak1", "uv": [ 0.0, 0.0, 2.0, 12.0 ] },
				"west": { "texture": "#oak1", "uv": [ 0.0, 0.0, 12.0, 12.0 ] },
				"up": { "texture": "#oak1", "uv": [ 0.0, 0.0, 2.0, 12.0 ] },
				"down": { "texture": "#oak1", "uv": [ 0.0, 0.0, 2.0, 12.0 ] }
			}
		},
		{
			"name": "Cube4",
			"from": [ 14.0, 3.0, 2.0 ], 
			"to": [ 16.0, 15.0, 14.0 ], 
			"rotationOrigin": [ 14.0, 3.0, 2.0 ],
			"faces": {
				"north": { "texture": "#oak1", "uv": [ 0.0, 0.0, 2.0, 12.0 ] },
				"east": { "texture": "#oak1", "uv": [ 0.0, 0.0, 12.0, 12.0 ] },
				"south": { "texture": "#oak1", "uv": [ 0.0, 0.0, 2.0, 12.0 ] },
				"west": { "texture": "#oak1", "uv": [ 0.0, 0.0, 12.0, 12.0 ] },
				"up": { "texture": "#oak1", "uv": [ 0.0, 0.0, 2.0, 12.0 ] },
				"down": { "texture": "#oak1", "uv": [ 0.0, 0.0, 2.0, 12.0 ] }
			}
		},
		{
			"name": "Bottom Frame",
			"from": [ 2.0, 1.0, 2.0 ], 
			"to": [ 14.0, 3.0, 14.0 ], 
			"rotationOrigin": [ 2.0, 1.0, 2.0 ],
			"faces": {
				"north": { "texture": "#shinybrass", "uv": [ 0.0, 0.0, 12.0, 2.0 ] },
				"east": { "texture": "#shinybrass", "uv": [ 0.0, 0.0, 12.0, 2.0 ] },
				"south": { "texture": "#shinybrass", "uv": [ 0.0, 0.0, 12.0, 2.0 ] },
				"west": { "texture": "#shinybrass", "uv": [ 0.0, 0.0, 12.0, 2.0 ] },
				"up": { "texture": "#shinybrass", "uv": [ 0.0, 0.0, 12.0, 12.0 ] },
				"down": { "texture": "#shinybrass", "uv": [ 0.0, 0.0, 12.0, 12.0 ] }
			}
		},
		{
			"name": "Spout",
			"from": [ 4.0, 0.0, 8.0 ], 
			"to": [ 10.0, 2.0, 14.0 ], 
			"rotationOrigin": [ 4.0, 0.0, 8.0 ],
			"rotationY": 45.0,
			"faces": {
				"north": { "texture": "#shinybrass", "uv": [ 0.0, 0.0, 6.0, 2.0 ] },
				"east": { "texture": "#shinybrass", "uv": [ 0.0, 0.0, 6.0, 2.0 ] },
				"south": { "texture": "#shinybrass", "uv": [ 0.0, 0.0, 6.0, 2.0 ] },
				"west": { "texture": "#shinybrass", "uv": [ 0.0, 0.0, 6.0, 2.0 ] },
				"up": { "texture": "#shinybrass", "uv": [ 0.0, 0.0, 6.0, 6.0 ] },
				"down": { "texture": "#shinybrass", "uv": [ 0.0, 0.0, 6.0, 6.0 ] }
			}
		},
		{
			"name": "leg",
			"from": [ 1.0, 0.0, 1.0 ], 
			"to": [ 2.0, 3.0, 2.0 ], 
			"rotationOrigin": [ 1.0, 0.0, 1.0 ],
			"faces": {
				"north": { "texture": "#shinybrass", "uv": [ 0.0, 0.0, 1.0, 3.0 ] },
				"east": { "texture": "#shinybrass", "uv": [ 0.0, 0.0, 1.0, 3.0 ] },
				"south": { "texture": "#shinybrass", "uv": [ 0.0, 0.0, 1.0, 3.0 ] },
				"west": { "texture": "#shinybrass", "uv": [ 0.0, 0.0, 1.0, 3.0 ] },
				"up": { "texture": "#shinybrass", "uv": [ 0.0, 0.0, 1.0, 1.0 ] },
				"down": { "texture": "#shinybrass", "uv": [ 0.0, 0.0, 1.0, 1.0 ] }
			},
			"children": [
				{
					"name": "Cube8",
					"from": [ -1.0, -1.0, -1.0 ], 
					"to": [ 2.0, 0.0, 2.0 ], 
					"rotationOrigin": [ -1.0, -1.0, -1.0 ],
					"faces": {
						"north": { "texture": "#shinybrass", "uv": [ 0.0, 0.0, 3.0, 1.0 ] },
						"east": { "texture": "#shinybrass", "uv": [ 0.0, 0.0, 3.0, 1.0 ] },
						"south": { "texture": "#shinybrass", "uv": [ 0.0, 0.0, 3.0, 1.0 ] },
						"west": { "texture": "#shinybrass", "uv": [ 0.0, 0.0, 3.0, 1.0 ] },
						"up": { "texture": "#shinybrass", "uv": [ 0.0, 0.0, 3.0, 3.0 ] },
						"down": { "texture": "#shinybrass", "uv": [ 0.0, 0.0, 3.0, 3.0 ] }
					}
				}
			]
		},
		{
			"name": "leg9",
			"from": [ 1.0, 0.0, 14.0 ], 
			"to": [ 2.0, 3.0, 15.0 ], 
			"rotationOrigin": [ 1.0, 0.0, 14.0 ],
			"faces": {
				"north": { "texture": "#shinybrass", "uv": [ 0.0, 0.0, 1.0, 3.0 ] },
				"east": { "texture": "#shinybrass", "uv": [ 0.0, 0.0, 1.0, 3.0 ] },
				"south": { "texture": "#shinybrass", "uv": [ 0.0, 0.0, 1.0, 3.0 ] },
				"west": { "texture": "#shinybrass", "uv": [ 0.0, 0.0, 1.0, 3.0 ] },
				"up": { "texture": "#shinybrass", "uv": [ 0.0, 0.0, 1.0, 1.0 ] },
				"down": { "texture": "#shinybrass", "uv": [ 0.0, 0.0, 1.0, 1.0 ] }
			},
			"children": [
				{
					"name": "Cube10",
					"from": [ -1.0, -1.0, -1.0 ], 
					"to": [ 2.0, 0.0, 2.0 ], 
					"rotationOrigin": [ -1.0, -1.0, -1.0 ],
					"faces": {
						"north": { "texture": "#shinybrass", "uv": [ 0.0, 0.0, 3.0, 1.0 ] },
						"east": { "texture": "#shinybrass", "uv": [ 0.0, 0.0, 3.0, 1.0 ] },
						"south": { "texture": "#shinybrass", "uv": [ 0.0, 0.0, 3.0, 1.0 ] },
						"west": { "texture": "#shinybrass", "uv": [ 0.0, 0.0, 3.0, 1.0 ] },
						"up": { "texture": "#shinybrass", "uv": [ 0.0, 0.0, 3.0, 3.0 ] },
						"down": { "texture": "#shinybrass", "uv": [ 0.0, 0.0, 3.0, 3.0 ] }
					}
				}
			]
		},
		{
			"name": "leg11",
			"from": [ 14.0, 0.0, 14.0 ], 
			"to": [ 15.0, 3.0, 15.0 ], 
			"rotationOrigin": [ 14.0, 0.0, 14.0 ],
			"faces": {
				"north": { "texture": "#shinybrass", "uv": [ 0.0, 0.0, 1.0, 3.0 ] },
				"east": { "texture": "#shinybrass", "uv": [ 0.0, 0.0, 1.0, 3.0 ] },
				"south": { "texture": "#shinybrass", "uv": [ 0.0, 0.0, 1.0, 3.0 ] },
				"west": { "texture": "#shinybrass", "uv": [ 0.0, 0.0, 1.0, 3.0 ] },
				"up": { "texture": "#shinybrass", "uv": [ 0.0, 0.0, 1.0, 1.0 ] },
				"down": { "texture": "#shinybrass", "uv": [ 0.0, 0.0, 1.0, 1.0 ] }
			},
			"children": [
				{
					"name": "Cube12",
					"from": [ -1.0, -1.0, -1.0 ], 
					"to": [ 2.0, 0.0, 2.0 ], 
					"rotationOrigin": [ -1.0, -1.0, -1.0 ],
					"faces": {
						"north": { "texture": "#shinybrass", "uv": [ 0.0, 0.0, 3.0, 1.0 ] },
						"east": { "texture": "#shinybrass", "uv": [ 0.0, 0.0, 3.0, 1.0 ] },
						"south": { "texture": "#shinybrass", "uv": [ 0.0, 0.0, 3.0, 1.0 ] },
						"west": { "texture": "#shinybrass", "uv": [ 0.0, 0.0, 3.0, 1.0 ] },
						"up": { "texture": "#shinybrass", "uv": [ 0.0, 0.0, 3.0, 3.0 ] },
						"down": { "texture": "#shinybrass", "uv": [ 0.0, 0.0, 3.0, 3.0 ] }
					}
				}
			]
		},
		{
			"name": "leg13",
			"from": [ 14.0, 0.0, 1.0 ], 
			"to": [ 15.0, 3.0, 2.0 ], 
			"rotationOrigin": [ 14.0, 0.0, 1.0 ],
			"faces": {
				"north": { "texture": "#shinybrass", "uv": [ 0.0, 0.0, 1.0, 3.0 ] },
				"east": { "texture": "#shinybrass", "uv": [ 0.0, 0.0, 1.0, 3.0 ] },
				"south": { "texture": "#shinybrass", "uv": [ 0.0, 0.0, 1.0, 3.0 ] },
				"west": { "texture": "#shinybrass", "uv": [ 0.0, 0.0, 1.0, 3.0 ] },
				"up": { "texture": "#shinybrass", "uv": [ 0.0, 0.0, 1.0, 1.0 ] },
				"down": { "texture": "#shinybrass", "uv": [ 0.0, 0.0, 1.0, 1.0 ] }
			},
			"children": [
				{
					"name": "Cube14",
					"from": [ -1.0, -1.0, -1.0 ], 
					"to": [ 2.0, 0.0, 2.0 ], 
					"rotationOrigin": [ -1.0, -1.0, -1.0 ],
					"faces": {
						"north": { "texture": "#shinybrass", "uv": [ 0.0, 0.0, 3.0, 1.0 ] },
						"east": { "texture": "#shinybrass", "uv": [ 0.0, 0.0, 3.0, 1.0 ] },
						"south": { "texture": "#shinybrass", "uv": [ 0.0, 0.0, 3.0, 1.0 ] },
						"west": { "texture": "#shinybrass", "uv": [ 0.0, 0.0, 3.0, 1.0 ] },
						"up": { "texture": "#shinybrass", "uv": [ 0.0, 0.0, 3.0, 3.0 ] },
						"down": { "texture": "#shinybrass", "uv": [ 0.0, 0.0, 3.0, 3.0 ] }
					}
				}
			]
		},
		{
			"name": "Cube15",
			"from": [ 0.0, 15.0, 0.0 ], 
			"to": [ 16.0, 16.0, 2.0 ], 
			"rotationOrigin": [ 0.0, 15.0, 0.0 ],
			"faces": {
				"north": { "texture": "#shinybrass", "uv": [ 0.0, 0.0, 16.0, 1.0 ] },
				"east": { "texture": "#shinybrass", "uv": [ 0.0, 0.0, 2.0, 1.0 ] },
				"south": { "texture": "#shinybrass", "uv": [ 0.0, 0.0, 16.0, 1.0 ] },
				"west": { "texture": "#shinybrass", "uv": [ 0.0, 0.0, 2.0, 1.0 ] },
				"up": { "texture": "#shinybrass", "uv": [ 0.0, 0.0, 16.0, 2.0 ] },
				"down": { "texture": "#shinybrass", "uv": [ 0.0, 0.0, 16.0, 2.0 ] }
			}
		},
		{
			"name": "Cube16",
			"from": [ 0.0, 15.0, 14.0 ], 
			"to": [ 16.0, 16.0, 16.0 ], 
			"rotationOrigin": [ 0.0, 15.0, 14.0 ],
			"faces": {
				"north": { "texture": "#shinybrass", "uv": [ 0.0, 0.0, 16.0, 1.0 ] },
				"east": { "texture": "#shinybrass", "uv": [ 0.0, 0.0, 2.0, 1.0 ] },
				"south": { "texture": "#shinybrass", "uv": [ 0.0, 0.0, 16.0, 1.0 ] },
				"west": { "texture": "#shinybrass", "uv": [ 0.0, 0.0, 2.0, 1.0 ] },
				"up": { "texture": "#shinybrass", "uv": [ 0.0, 0.0, 16.0, 2.0 ] },
				"down": { "texture": "#shinybrass", "uv": [ 0.0, 0.0, 16.0, 2.0 ] }
			}
		},
		{
			"name": "Cube17",
			"from": [ 0.0, 15.0, 2.0 ], 
			"to": [ 2.0, 16.0, 14.0 ], 
			"rotationOrigin": [ 0.0, 15.0, 2.0 ],
			"faces": {
				"north": { "texture": "#shinybrass", "uv": [ 0.0, 0.0, 2.0, 1.0 ] },
				"east": { "texture": "#shinybrass", "uv": [ 0.0, 0.0, 12.0, 1.0 ] },
				"south": { "texture": "#shinybrass", "uv": [ 0.0, 0.0, 2.0, 1.0 ] },
				"west": { "texture": "#shinybrass", "uv": [ 0.0, 0.0, 12.0, 1.0 ] },
				"up": { "texture": "#shinybrass", "uv": [ 0.0, 0.0, 2.0, 12.0 ] },
				"down": { "texture": "#shinybrass", "uv": [ 0.0, 0.0, 2.0, 12.0 ] }
			}
		},
		{
			"name": "Cube18",
			"from": [ 14.0, 15.0, 2.0 ], 
			"to": [ 16.0, 16.0, 14.0 ], 
			"rotationOrigin": [ 14.0, 15.0, 2.0 ],
			"faces": {
				"north": { "texture": "#shinybrass", "uv": [ 0.0, 0.0, 2.0, 1.0 ] },
				"east": { "texture": "#shinybrass", "uv": [ 0.0, 0.0, 12.0, 1.0 ] },
				"south": { "texture": "#shinybrass", "uv": [ 0.0, 0.0, 2.0, 1.0 ] },
				"west": { "texture": "#shinybrass", "uv": [ 0.0, 0.0, 12.0, 1.0 ] },
				"up": { "texture": "#shinybrass", "uv": [ 0.0, 0.0, 2.0, 12.0 ] },
				"down": { "texture": "#shinybrass", "uv": [ 0.0, 0.0, 2.0, 12.0 ] }
			}
		}
	]}