{
	"editor": {
		"allAngles": false,
		"entityTextureMode": false
	},
	"textureWidth": 16,
	"textureHeight": 16,
	"textureSizes": {
	},
	"textures": {
		"log": "C:/Users/andy-/AppData/Roaming/Vintagestory/assets/survival/textures/block/wood/firepit/log"
	},
	"elements": [
		{
			"name": "wood support  left",
			"from": [ 7.0, 1.0, 16.0 ], 
			"to": [ 8.0, 10.3, 18.0 ], 
			"rotationOrigin": [ 7.0, 1.0, 16.0 ],
			"rotationY": 90.0,
			"rotationZ": -90.0,
			"faces": {
				"north": { "texture": "#log", "uv": [ 0.0, 1.0, 9.0, 2.0 ], "rotation": 90 },
				"east": { "texture": "#log", "uv": [ 0.0, 1.0, 9.0, 3.0 ], "rotation": 90 },
				"south": { "texture": "#log", "uv": [ 0.0, 3.0, 9.0, 4.0 ], "rotation": 90 },
				"west": { "texture": "#log", "uv": [ 0.0, 1.5, 9.0, 3.5 ], "rotation": 90 },
				"up": { "texture": "#log", "uv": [ 14.0, 14.0, 16.0, 16.0 ], "autoUv": false },
				"down": { "texture": "#log", "uv": [ 14.0, 14.0, 16.0, 16.0 ], "autoUv": false }
			}
		}
	]}