{
	"code": "electriccrucible",
	"class": "BlockElectricCrucible",
	"entityclass": "BEElectricCrucible",
	"creativeinventory": {
		"general": [ "" ],
		"qptech": [ "" ]
	},

	"attributes": {


		"maxFlux": 128,

		"capacitance": 256,

		"distributionFaces": [],

		"mboffset": [ 0, 0, 0 ],
		"multiblockStructure": {
			"blockNumbers": {
				"machines:structureblock-iron": 1,
				"machines:electriccrucible": 2,
				"machines:inputhatch-north": 3,
				"machines:heaterblock": 4,
				"machines:powerhatch-lv": 5
			},
			"offsets": [
				{
					"x": 0,
					"y": 0,
					"z": -1,
					"w": 1
				},
				{
					"x": 0,
					"y": 0,
					"z": 0,
					"w": 2
				},
				{
					"x": 0,
					"y": 0,
					"z": -2,
					"w": 1
				},
				{
					"x": 0,
					"y": 1,
					"z": -1,
					"w": 1
				},
				{
					"x": 0,
					"y": 1,
					"z": 0,
					"w": 3
				},
				{
					"x": 0,
					"y": 1,
					"z": -2,
					"w": 3
				},
				{
					"x": 0,
					"y": -1,
					"z": -1,
					"w": 1
				},
				{
					"x": 0,
					"y": -1,
					"z": 0,
					"w": 4
				},
				{
					"x": 0,
					"y": -1,
					"z": -2,
					"w": 4
				},
				{
					"x": 1,
					"y": 0,
					"z": -1,
					"w": 5
				},
				{
					"x": 1,
					"y": 0,
					"z": 0,
					"w": 1
				},
				{
					"x": 1,
					"y": 0,
					"z": -2,
					"w": 1
				},
				{
					"x": 1,
					"y": 1,
					"z": -1,
					"w": 4
				},
				{
					"x": 1,
					"y": 1,
					"z": 0,
					"w": 1
				},
				{
					"x": 1,
					"y": 1,
					"z": -2,
					"w": 1
				},
				{
					"x": 1,
					"y": -1,
					"z": -1,
					"w": 4
				},
				{
					"x": 1,
					"y": -1,
					"z": 0,
					"w": 1
				},
				{
					"x": 1,
					"y": -1,
					"z": -2,
					"w": 1
				},
				{
					"x": -1,
					"y": 0,
					"z": -1,
					"w": 5
				},
				{
					"x": -1,
					"y": 0,
					"z": 0,
					"w": 1
				},
				{
					"x": -1,
					"y": 0,
					"z": -2,
					"w": 1
				},
				{
					"x": -1,
					"y": 1,
					"z": -1,
					"w": 4
				},
				{
					"x": -1,
					"y": 1,
					"z": 0,
					"w": 1
				},
				{
					"x": -1,
					"y": 1,
					"z": -2,
					"w": 1
				},
				{
					"x": -1,
					"y": -1,
					"z": -1,
					"w": 4
				},
				{
					"x": -1,
					"y": -1,
					"z": 0,
					"w": 1
				},
				{
					"x": -1,
					"y": -1,
					"z": -2,
					"w": 1
				}
			]
		}

	},
	"blockmaterial": "Metal",
	"drawtype": "json",
	"shape": { "base": "block/metal/electric/interfacehatch" },


	"resistance": 1,
	"sideAo": { "all": false },
	"sidesolid": {
		"all": false
	},
	"sideopaque": {
		"all": false
	},
	"sounds": {
		"place": "game:block/anvil",
		"walk": "game:walk/stone"
	},
	"fpHandTransform": {
		"translation": {
			"x": 0,
			"y": 0,
			"z": 0.5
		},
		"rotation": {
			"x": -35,
			"y": -72,
			"z": 0
		}
	},
	"guiTransform": {
		"rotation": {
			"x": -10,
			"y": -160,
			"z": 0
		},
		"scale": 1.4
	}
}