{
	"code": "powerhatch",
	"class": "ElectricalBlock",
	"entityclass": "BEEPowerHatch",


	"variantgroups": [
		{
			"code": "type",
			"states": [ "lv" ]
		}

	],
	"creativeinventory": {
		"general": [ "" ],
		"qptech": [ "" ]
	},
	"attributes": {

		"maxFlux": 500,
		"capacitance": 1000
	},
		"blockmaterial": "Metal",
		"shape": { "base": "block/metal/electric/powerhatch-lv" },

		"drawtype": "json",

		"resistance": 1,
		"sideopaque": {
			"all": false
		},
		"sounds": {
			"place": "game:block/anvil",
			"walk": "game:walk/stone"
		}


	}