{
	code: "cabinets-accessories",
	creativeinventory: { "general": ["*"], "decorative": ["*"],"kitchen": ["*"] },
	variantgroups: [
		{ code:"state", states: 
			[
			"oak-block", 
			"pine-block",
			"maple-block",
			"acacia-block",
			
			"oak-corner", 
			"oak-shale-corner",
			"oak-whitemarble-corner",
			"oak-greenmarble-corner",
			"oak-granite-corner",
			"oak-phyllite-corner",	
			
			"oak-table", 
			"oak-whitemarble-table",
			"oak-shale-table",
			"oak-greenmarble-table",
			"oak-granite-table",
			"oak-phyllite-table",
			
			"pine-corner",
			"pine-shale-corner",
			"pine-whitemarble-corner",
			"pine-greenmarble-corner",
			"pine-granite-corner",
			"pine-phyllite-corner",	
			
			"pine-table", 
			"pine-whitemarble-table",
			"pine-shale-table",
			"pine-greenmarble-table",
			"pine-granite-table",
			"pine-phyllite-table",
			
			"maple-corner",
			"maple-shale-corner",
			"maple-whitemarble-corner",
			"maple-greenmarble-corner",
			"maple-granite-corner",
			"maple-phyllite-corner",
			
			"maple-table", 
			"maple-whitemarble-table",
			"maple-shale-table",
			"maple-greenmarble-table",
			"maple-granite-table",
			"maple-phyllite-table",
			
			"acacia-corner",
			"acacia-shale-corner",
			"acacia-whitemarble-corner",
			"acacia-greenmarble-corner",
			"acacia-granite-corner",
			"acacia-phyllite-corner",
			
			"acacia-table", 
			"acacia-whitemarble-table",
			"acacia-shale-table",
			"acacia-greenmarble-table",
			"acacia-granite-table",
			"acacia-phyllite-table"

			] 
		}
	],
	shapeByType: { 
	"*-oak-block": { base: "block/wood/cabinet/lower/cabinet-block" },
	"*-pine-block": { base: "block/wood/cabinet/lower/cabinet-block" },
	"*-maple-block": { base: "block/wood/cabinet/lower/cabinet-block" },
	"*-acacia-block": { base: "block/wood/cabinet/lower/cabinet-block" },
	
	"*-oak-corner": { base: "block/wood/cabinet/lower/cabinet-corner" },
	"*-oak-whitemarble-corner": { base: "block/wood/cabinet/lower/cabinet-corner" },
	"*-oak-shale-corner": { base: "block/wood/cabinet/lower/cabinet-corner" },
	"*-oak-greenmarble-corner": { base: "block/wood/cabinet/lower/cabinet-corner" },
	"*-oak-phyllite-corner": { base: "block/wood/cabinet/lower/cabinet-corner" },
	"*-oak-granite-corner": { base: "block/wood/cabinet/lower/cabinet-corner" },
	
	"*-oak-table": { base: "block/wood/cabinet/lower/cabinet-table" },
	"*-oak-whitemarble-table": { base: "block/wood/cabinet/lower/cabinet-table" },
	"*-oak-shale-table": { base: "block/wood/cabinet/lower/cabinet-table" },
	"*-oak-greenmarble-table": { base: "block/wood/cabinet/lower/cabinet-table" },
	"*-oak-phyllite-table": { base: "block/wood/cabinet/lower/cabinet-table" },
	"*-oak-granite-table": { base: "block/wood/cabinet/lower/cabinet-table" },

	"*-pine-corner": { base: "block/wood/cabinet/lower/cabinet-corner" },
	"*-pine-whitemarble-corner": { base: "block/wood/cabinet/lower/cabinet-corner" },
	"*-pine-shale-corner": { base: "block/wood/cabinet/lower/cabinet-corner" },
	"*-pine-greenmarble-corner": { base: "block/wood/cabinet/lower/cabinet-corner" },
	"*-pine-phyllite-corner": { base: "block/wood/cabinet/lower/cabinet-corner" },
	"*-pine-granite-corner": { base: "block/wood/cabinet/lower/cabinet-corner" },
	
	"*-pine-table": { base: "block/wood/cabinet/lower/cabinet-table" },
	"*-pine-whitemarble-table": { base: "block/wood/cabinet/lower/cabinet-table" },
	"*-pine-shale-table": { base: "block/wood/cabinet/lower/cabinet-table" },
	"*-pine-greenmarble-table": { base: "block/wood/cabinet/lower/cabinet-table" },
	"*-pine-phyllite-table": { base: "block/wood/cabinet/lower/cabinet-table" },
	"*-pine-granite-table": { base: "block/wood/cabinet/lower/cabinet-table" },
	
	"*-maple-corner": { base: "block/wood/cabinet/lower/cabinet-corner" },
	"*-maple-whitemarble-corner": { base: "block/wood/cabinet/lower/cabinet-corner" },
	"*-maple-shale-corner": { base: "block/wood/cabinet/lower/cabinet-corner" },
	"*-maple-greenmarble-corner": { base: "block/wood/cabinet/lower/cabinet-corner" },
	"*-maple-phyllite-corner": { base: "block/wood/cabinet/lower/cabinet-corner" },
	"*-maple-granite-corner": { base: "block/wood/cabinet/lower/cabinet-corner" },
	
	"*-maple-table": { base: "block/wood/cabinet/lower/cabinet-table" },
	"*-maple-whitemarble-table": { base: "block/wood/cabinet/lower/cabinet-table" },
	"*-maple-shale-table": { base: "block/wood/cabinet/lower/cabinet-table" },
	"*-maple-greenmarble-table": { base: "block/wood/cabinet/lower/cabinet-table" },
	"*-maple-phyllite-table": { base: "block/wood/cabinet/lower/cabinet-table" },
	"*-maple-granite-table": { base: "block/wood/cabinet/lower/cabinet-table" },
	
	"*-acacia-corner": { base: "block/wood/cabinet/lower/cabinet-corner" },
	"*-acacia-whitemarble-corner": { base: "block/wood/cabinet/lower/cabinet-corner" },
	"*-acacia-shale-corner": { base: "block/wood/cabinet/lower/cabinet-corner" },
	"*-acacia-greenmarble-corner": { base: "block/wood/cabinet/lower/cabinet-corner" },
	"*-acacia-phyllite-corner": { base: "block/wood/cabinet/lower/cabinet-corner" },
	"*-acacia-granite-corner": { base: "block/wood/cabinet/lower/cabinet-corner" },

	"*-acacia-table": { base: "block/wood/cabinet/lower/cabinet-table" },
	"*-acacia-whitemarble-table": { base: "block/wood/cabinet/lower/cabinet-table" },
	"*-acacia-shale-table": { base: "block/wood/cabinet/lower/cabinet-table" },
	"*-acacia-greenmarble-table": { base: "block/wood/cabinet/lower/cabinet-table" },
	"*-acacia-phyllite-table": { base: "block/wood/cabinet/lower/cabinet-table" },
	"*-acacia-granite-table": { base: "block/wood/cabinet/lower/cabinet-table" }
	},
		texturesByType: {
		"*-oak-block": {
			"sides2": { "base": "block/wood/cabinets/oak/cabinet" }
		},
		"*-pine-block": {
			"sides2": { "base": "block/wood/cabinets/pine/cabinet" }
		},
		"*-maple-block": {
			"sides2": { "base": "block/wood/cabinets/maple/cabinet" }
		},
		"*-acacia-block": {
			"sides2": { "base": "block/wood/cabinets/acacia/cabinet" }
		},
		
		"*-oak-corner": {
			"accessories": { "base": "block/wood/cabinets/oak/countertop" },
			"lid": { "base": "block/wood/cabinets/oak/detail" },
			"sides2": { "base": "block/wood/cabinets/oak/cabinet" }
		},
		"*-oak-whitemarble-corner": {
			"accessories": { "base": "block/stone/rock/whitemarble/countertop" },
			"lid": { "base": "block/stone/rock/whitemarble/oak" },
			"sides2": { "base": "block/wood/cabinets/oak/cabinet" }
		},
		"*-oak-greenmarble-corner": {
			"accessories": { "base": "block/stone/rock/greenmarble/countertop" },
			"lid": { "base": "block/stone/rock/greenmarble/oak" },
			"sides2": { "base": "block/wood/cabinets/oak/cabinet" }
		},
		"*-oak-shale-corner": {
			"accessories": { "base": "block/stone/rock/shale/countertop" },
			"lid": { "base": "block/stone/rock/shale/oak" },
			"sides2": { "base": "block/wood/cabinets/oak/cabinet" }
		},
		"*-oak-phyllite-corner": {
			"accessories": { "base": "block/stone/rock/phyllite/countertop" },
			"lid": { "base": "block/stone/rock/phyllite/oak" },
			"sides2": { "base": "block/wood/cabinets/oak/cabinet" }
		},
		"*-oak-granite-corner": {
			"accessories": { "base": "block/stone/rock/granite/countertop" },
			"lid": { "base": "block/stone/rock/granite/oak" },
			"sides2": { "base": "block/wood/cabinets/oak/cabinet" }
		},
		
		"*-oak-table": {
			"accessories": { "base": "block/wood/cabinets/oak/countertop" },
			"lid": { "base": "block/wood/cabinets/oak/detail" },
			"sides2": { "base": "block/wood/cabinets/oak/cabinet" }
		},
		"*-oak-whitemarble-table": {
			"accessories": { "base": "block/stone/rock/whitemarble/countertop" },
			"lid": { "base": "block/stone/rock/whitemarble/oak" },
			"sides2": { "base": "block/wood/cabinets/oak/cabinet" }
		},
		"*-oak-greenmarble-table": {
			"accessories": { "base": "block/stone/rock/greenmarble/countertop" },
			"lid": { "base": "block/stone/rock/greenmarble/oak" },
			"sides2": { "base": "block/wood/cabinets/oak/cabinet" }
		},
		"*-oak-shale-table": {
			"accessories": { "base": "block/stone/rock/shale/countertop" },
			"lid": { "base": "block/stone/rock/shale/oak" },
			"sides2": { "base": "block/wood/cabinets/oak/cabinet" }
		},
		"*-oak-phyllite-table": {
			"accessories": { "base": "block/stone/rock/phyllite/countertop" },
			"lid": { "base": "block/stone/rock/phyllite/oak" },
			"sides2": { "base": "block/wood/cabinets/oak/cabinet" }
		},
		"*-oak-granite-table": {
			"accessories": { "base": "block/stone/rock/granite/countertop" },
			"lid": { "base": "block/stone/rock/granite/oak" },
			"sides2": { "base": "block/wood/cabinets/oak/cabinet" }
		},
		
		
		"*-pine-corner": {
			"accessories": { "base": "block/wood/cabinets/pine/countertop" },
			"lid": { "base": "block/wood/cabinets/pine/detail" },
			"sides2": { "base": "block/wood/cabinets/pine/cabinet" }
		},
		"*-pine-whitemarble-corner": {
			"accessories": { "base": "block/stone/rock/whitemarble/countertop" },
			"lid": { "base": "block/stone/rock/whitemarble/pine" },
			"sides2": { "base": "block/wood/cabinets/pine/cabinet" }
		},
		"*-pine-greenmarble-corner": {
			"accessories": { "base": "block/stone/rock/greenmarble/countertop" },
			"lid": { "base": "block/stone/rock/greenmarble/pine" },
			"sides2": { "base": "block/wood/cabinets/pine/cabinet" }
		},
		"*-pine-shale-corner": {
			"accessories": { "base": "block/stone/rock/shale/countertop" },
			"lid": { "base": "block/stone/rock/shale/pine" },
			"sides2": { "base": "block/wood/cabinets/pine/cabinet" }
		},
		"*-pine-phyllite-corner": {
			"accessories": { "base": "block/stone/rock/phyllite/countertop" },
			"lid": { "base": "block/stone/rock/phyllite/pine" },
			"sides2": { "base": "block/wood/cabinets/pine/cabinet" }
		},
		"*-pine-granite-corner": {
			"accessories": { "base": "block/stone/rock/granite/countertop" },
			"lid": { "base": "block/stone/rock/granite/pine" },
			"sides2": { "base": "block/wood/cabinets/pine/cabinet" }
		},
		
			
		"*-pine-table": {
			"accessories": { "base": "block/wood/cabinets/pine/countertop" },
			"lid": { "base": "block/wood/cabinets/pine/detail" },
			"sides2": { "base": "block/wood/cabinets/pine/cabinet" }
		},
		"*-pine-whitemarble-table": {
			"accessories": { "base": "block/stone/rock/whitemarble/countertop" },
			"lid": { "base": "block/stone/rock/whitemarble/pine" },
			"sides2": { "base": "block/wood/cabinets/pine/cabinet" }
		},
		"*-pine-greenmarble-table": {
			"accessories": { "base": "block/stone/rock/greenmarble/countertop" },
			"lid": { "base": "block/stone/rock/greenmarble/pine" },
			"sides2": { "base": "block/wood/cabinets/pine/cabinet" }
		},
		"*-pine-shale-table": {
			"accessories": { "base": "block/stone/rock/shale/countertop" },
			"lid": { "base": "block/stone/rock/shale/pine" },
			"sides2": { "base": "block/wood/cabinets/pine/cabinet" }
		},
		"*-pine-phyllite-table": {
			"accessories": { "base": "block/stone/rock/phyllite/countertop" },
			"lid": { "base": "block/stone/rock/phyllite/pine" },
			"sides2": { "base": "block/wood/cabinets/pine/cabinet" }
		},
		"*-pine-granite-table": {
			"accessories": { "base": "block/stone/rock/granite/countertop" },
			"lid": { "base": "block/stone/rock/granite/pine" },
			"sides2": { "base": "block/wood/cabinets/pine/cabinet" }
		},
		
		"*-maple-corner": {
			"accessories": { "base": "block/wood/cabinets/maple/countertop" },
			"lid": { "base": "block/wood/cabinets/maple/detail" },
			"sides2": { "base": "block/wood/cabinets/maple/cabinet" }
		},
		"*-maple-whitemarble-corner": {
			"accessories": { "base": "block/stone/rock/whitemarble/countertop" },
			"lid": { "base": "block/stone/rock/whitemarble/maple" },
			"sides2": { "base": "block/wood/cabinets/maple/cabinet" }
		},
		"*-maple-greenmarble-corner": {
			"accessories": { "base": "block/stone/rock/greenmarble/countertop" },
			"lid": { "base": "block/stone/rock/greenmarble/maple" },
			"sides2": { "base": "block/wood/cabinets/maple/cabinet" }
		},
		"*-maple-shale-corner": {
			"accessories": { "base": "block/stone/rock/shale/countertop" },
			"lid": { "base": "block/stone/rock/shale/maple" },
			"sides2": { "base": "block/wood/cabinets/maple/cabinet" }
		},
		"*-maple-phyllite-corner": {
			"accessories": { "base": "block/stone/rock/phyllite/countertop" },
			"lid": { "base": "block/stone/rock/phyllite/maple" },
			"sides2": { "base": "block/wood/cabinets/maple/cabinet" }
		},
		"*-maple-granite-corner": {
			"accessories": { "base": "block/stone/rock/granite/countertop" },
			"lid": { "base": "block/stone/rock/granite/maple" },
			"sides2": { "base": "block/wood/cabinets/maple/cabinet" }
		},
		
		"*-maple-table": {
			"accessories": { "base": "block/wood/cabinets/maple/countertop" },
			"lid": { "base": "block/wood/cabinets/maple/detail" },
			"sides2": { "base": "block/wood/cabinets/maple/cabinet" }
		},
		"*-maple-whitemarble-table": {
			"accessories": { "base": "block/stone/rock/whitemarble/countertop" },
			"lid": { "base": "block/stone/rock/whitemarble/maple" },
			"sides2": { "base": "block/wood/cabinets/maple/cabinet" }
		},
		"*-maple-greenmarble-table": {
			"accessories": { "base": "block/stone/rock/greenmarble/countertop" },
			"lid": { "base": "block/stone/rock/greenmarble/maple" },
			"sides2": { "base": "block/wood/cabinets/maple/cabinet" }
		},
		"*-maple-shale-table": {
			"accessories": { "base": "block/stone/rock/shale/countertop" },
			"lid": { "base": "block/stone/rock/shale/maple" },
			"sides2": { "base": "block/wood/cabinets/maple/cabinet" }
		},
		"*-maple-phyllite-table": {
			"accessories": { "base": "block/stone/rock/phyllite/countertop" },
			"lid": { "base": "block/stone/rock/phyllite/maple" },
			"sides2": { "base": "block/wood/cabinets/maple/cabinet" }
		},
		"*-maple-granite-table": {
			"accessories": { "base": "block/stone/rock/granite/countertop" },
			"lid": { "base": "block/stone/rock/granite/maple" },
			"sides2": { "base": "block/wood/cabinets/maple/cabinet" }
		},

		"*-acacia-corner": {
			"accessories": { "base": "block/wood/cabinets/acacia/countertop" },
			"lid": { "base": "block/wood/cabinets/acacia/detail" },
			"sides2": { "base": "block/wood/cabinets/acacia/cabinet" }
		},
		"*-acacia-whitemarble-corner": {
			"accessories": { "base": "block/stone/rock/whitemarble/countertop" },
			"lid": { "base": "block/stone/rock/whitemarble/acacia" },
			"sides2": { "base": "block/wood/cabinets/acacia/cabinet" }
		},
		"*-acacia-greenmarble-corner": {
			"accessories": { "base": "block/stone/rock/greenmarble/countertop" },
			"lid": { "base": "block/stone/rock/greenmarble/acacia" },
			"sides2": { "base": "block/wood/cabinets/acacia/cabinet" }
		},
		"*-acacia-shale-corner": {
			"accessories": { "base": "block/stone/rock/shale/countertop" },
			"lid": { "base": "block/stone/rock/shale/acacia" },
			"sides2": { "base": "block/wood/cabinets/acacia/cabinet" }
		},
		"*-acacia-phyllite-corner": {
			"accessories": { "base": "block/stone/rock/phyllite/countertop" },
			"lid": { "base": "block/stone/rock/phyllite/acacia" },
			"sides2": { "base": "block/wood/cabinets/acacia/cabinet" }
		},
		"*-acacia-granite-corner": {
			"accessories": { "base": "block/stone/rock/granite/countertop" },
			"lid": { "base": "block/stone/rock/granite/acacia" },
			"sides2": { "base": "block/wood/cabinets/acacia/cabinet" }
		},
		
		"*-acacia-table": {
			"accessories": { "base": "block/wood/cabinets/acacia/countertop" },
			"lid": { "base": "block/wood/cabinets/acacia/detail" },
			"sides2": { "base": "block/wood/cabinets/acacia/cabinet" }
		},
		"*-acacia-whitemarble-table": {
			"accessories": { "base": "block/stone/rock/whitemarble/countertop" },
			"lid": { "base": "block/stone/rock/whitemarble/acacia" },
			"sides2": { "base": "block/wood/cabinets/acacia/cabinet" }
		},
		"*-acacia-greenmarble-table": {
			"accessories": { "base": "block/stone/rock/greenmarble/countertop" },
			"lid": { "base": "block/stone/rock/greenmarble/acacia" },
			"sides2": { "base": "block/wood/cabinets/acacia/cabinet" }
		},
		"*-acacia-shale-table": {
			"accessories": { "base": "block/stone/rock/shale/countertop" },
			"lid": { "base": "block/stone/rock/shale/acacia" },
			"sides2": { "base": "block/wood/cabinets/acacia/cabinet" }
		},
		"*-acacia-phyllite-table": {
			"accessories": { "base": "block/stone/rock/phyllite/countertop" },
			"lid": { "base": "block/stone/rock/phyllite/acacia" },
			"sides2": { "base": "block/wood/cabinets/acacia/cabinet" }
		},
		"*-acacia-granite-table": {
			"accessories": { "base": "block/stone/rock/granite/countertop" },
			"lid": { "base": "block/stone/rock/granite/acacia" },
			"sides2": { "base": "block/wood/cabinets/acacia/cabinet" }
		}
	},
	blockmaterial: "Wood",
	replaceable: 900,
	resistance: 1.5,
	lightAbsorption: 1,
	"sideAo": { 	
		"all": false,
		"up": true 
	},
	"sidesolid": {
		"all": false,
		"up": true
	},
	"sideopaque": {
		"all": false,
		"up": true
	},
	collisionboxesByType: {
		"*-oak-whitemarble-table": [ 
		 { x1: 0, y1: 0.875, z1: 0, x2: 1, y2: 1, z2: 1 },
		 { x1: 0, y1: 0, z1: 0, x2: 1, y2: 0.125, z2: 1 }
		]
	},
	selectionboxesByType: {
		"*-oak-whitemarble-table": [ 
		 { x1: 0, y1: 0.875, z1: 0, x2: 1, y2: 1, z2: 1 },
		 { x1: 0, y1: 0, z1: 0, x2: 1, y2: 0.125, z2: 1 }
		]
	},
	combustibleProps: {
		burnTemperature: 600,
		burnDuration: 30
	},
	sounds: {
		"place": "game:block/planks",
		"hit": "game:block/planks",
		"break": "game:block/planks",
		"walk": "game:walk/wood"
	},
	materialDensity: 600,
	heldTpIdleAnimation: "holdbothhandslarge", heldTpUseAnimation: "twohandplaceblock",
	tpHandTransform: {
		translation: { x: -1.2, y: -1.1, z: -0.8 },
		rotation: { x: -2, y: 25, z: -78 },
		scale: 0.37
	}
}