{
	"code": "upper",
	"class": "BlockGenericTypedContainer",
	"entityclass": "GenericTypedContainer",
	"maxStackSize": 4,
	"attributes": {
		"partialAttachable": true,
		"inventoryClassName": "upper",
		"defaultType": "acacia-cabinet",
		"types": [
			"oak-cabinet",
			"oak-cabinet-halfplane-1",
			"acacia-cabinet",
			"acacia-cabinet-halfplane-1",
			"maple-cabinet",
			"maple-cabinet-halfplane-1"
		],
		"rotatatableInterval": {
			"oak-cabinet": "22.5degnot45deg",
			"oak-cabinet-halfplane-1": "22.5degnot45deg",
			"acacia-cabinet": "22.5degnot45deg",
			"acacia-cabinet-halfplane-1": "22.5degnot45deg",
			"maple-cabinet": "22.5degnot45deg",
			"maple-cabinet-halfplane-1": "22.5degnot45deg"
		},
		"drop": {
			"oak-cabinet": true,
			"oak-cabinet-halfplane-1": true,
			"acacia-cabinet": true,
			"acacia-cabinet-halfplane-1": true,
			"maple-cabinet": true,
			"maple-cabinet-halfplane-1": true
		},
		"quantitySlots": {
			"oak-cabinet": 10,
			"oak-cabinet-halfplain-1": 10,
			"acacia-cabinet": 10,
			"acacia-cabinet-halfplain-1": 10,
			"maple-cabinet": 10,
			"maple-cabinet-halfplain-1": 10
		},
		"dialogTitleLangCode": {
			"oak-cabinet": "Upper Kitchen Cabinet",
			"oak-cabinet-halfplain-1": "Upper Kitchen Cabinet",
			"acacia-cabinet": "Upper Kitchen Cabinet",
			"acacia-cabinet-halfplain-1": "Middle Kitchen Cabinet",
			"maple-cabinet": "Upper Kitchen Cabinet",
			"maple-cabinet-halfplain-1": "Upper Kitchen Cabinet"
		},
		"storageType": {
			"oak-cabinet": 189,
			"oak-cabinet-halfplain-1": 189,
			"acacia-cabinet": 189,
			"acacia-cabinet-halfplain-1": 189,
			"maple-cabinet": 189,
			"maple-cabinet-halfplain-1": 189
		},
		"retrieveOnly": {
			"oak-cabinet": false,
			"oak-cabinet-halfplain-1": false,
			"acacia-cabinet": false,
			"acacia-cabinet-halfplain-1": false,
			"maple-cabinet": false,
			"maple-cabinet-halfplain-1": false
		},
		"shape": {
			"oak-cabinet": "block/wood/cabinet/upper/oak/cabinet-normal",
			"oak-cabinet-halfplain-1": "block/wood/cabinet/upper/oak/glass/halfplain/cabinet-normal",
			"acacia-cabinet": "block/wood/cabinet/upper/acacia/cabinet-normal",
			"acacia-cabinet-halfplain-1": "block/wood/cabinet/upper/acacia/glass/halfplain/cabinet-normal",
			"maple-cabinet": "block/wood/cabinet/upper/maple/cabinet-normal",
			"maple-cabinet-halfplain-1": "block/wood/cabinet/upper/maple/glass/halfplain/cabinet-normal"
		},
		"typedOpenSound": {
			"oak-cabinet": "game:sounds/block/largechestopen",
			"oak-cabinet-halfplain-1": "game:sounds/block/largechestopen",
			"acacia-cabinet": "game:sounds/block/largechestopen",
			"acacia-cabinet-halfplain-1": "game:sounds/block/largechestopen",
			"maple-cabinet": "game:sounds/block/largechestopen",
			"maple-cabinet-halfplain-1": "game:sounds/block/largechestopen"
		},
		"typedCloseSound": {

			"oak-cabinet": "game:sounds/block/largechestclose",
			"oak-cabinet-halfplain-1": "game:sounds/block/largechestclose",
			"acacia-cabinet": "game:sounds/block/largechestclose",
			"acacia-cabinet-halfplain-1": "game:sounds/block/largechestclose",
			"maple-cabinet": "game:sounds/block/largechestclose",
			"maple-cabinet-halfplain-1": "game:sounds/block/largechestclose"
		},
		"variantByGroup": "side",
		"variantByGroupInventory": null
	},
	"behaviors": [
		{ "name": "Lockable" },
		{ "name": "Container" }
	],
	"entityBehaviors": [ { "name": "Animatable" } ],
	"variantgroups": [
		{
			"code": "side",
			"loadFromProperties": "abstract/horizontalorientation"
		}
	],
	"creativeinventory": {},
	"creativeinventoryStacksByType": {
		"*-east": [
			{
				"tabs": [ "general", "decorative", "kitchen" ],
				"stacks": [
					{
						"type": "block",
						"code": "Upper-east",
						"attributes": { "type": "oak-cabinet" }
					},
					{
						"type": "block",
						"code": "Upper-east",
						"attributes": { "type": "oak-cabinet-halfplain-1" }
					},
					{
						"type": "block",
						"code": "Upper-east",
						"attributes": { "type": "acacia-cabinet" }
					},
					{
						"type": "block",
						"code": "Upper-east",
						"attributes": { "type": "acacia-cabinet-halfplain-1" }
					},
					{
						"type": "block",
						"code": "Upper-east",
						"attributes": { "type": "maple-cabinet" }
					},
					{
						"type": "block",
						"code": "Upper-east",
						"attributes": { "type": "maple-cabinet-halfplain-1" }
					}
				]
			}
		]
	},
	"heldTpIdleAnimation": "holdunderarm",
	"shapeInventory": {
		"base": "block/wood/cabinet/upper/cabinet-normal",
		"rotateY": 270
	},
	"shapeByType": {
		"*-north": {
			"base": "block/wood/cabinet/upper/cabinet-normal",
			"rotateY": 0
		},
		"*-east": {
			"base": "block/wood/cabinet/upper/cabinet-normal",
			"rotateY": 270
		},
		"*-west": {
			"base": "block/wood/cabinet/upper/cabinet-normal",
			"rotateY": 90
		},
		"*-south": {
			"base": "block/wood/cabinet/upper/cabinet-normal",
			"rotateY": 180
		}
	},
	"_comment": "Must declare textures so they get added to the block texture atlas",
	"textures": {

		"oak-cabinet-accessories": { "base": "block/wood/cabinets/oak/countertop" },
		"oak-cabinet-lid": { "base": "block/wood/cabinets/oak/detail" },
		"oak-cabinet-sides2": { "base": "block/wood/cabinets/oak/cabinet" },
		"oak-cabinet-cabinet-detail": { "base": "block/wood/cabinets/oak/cabinet-detail" },

		"oak-cabinet-halfplain-1-accessories": { "base": "block/wood/cabinets/oak/countertop" },
		"oak-cabinet-halfplain-1-lid": { "base": "block/wood/cabinets/oak/detail" },
		"oak-cabinet-halfplain-1-sides2": { "base": "block/wood/cabinets/oak/cabinet" },
		"oak-cabinet-halfplain-1-cabinet-detail": { "base": "block/wood/cabinets/oak/cabinet-detail" },
		"oak-cabinet-halfplain-1-leadedhaft": { "base": "block/glass/leadedhaft" },

		"acacia-cabinet-accessories": { "base": "block/wood/cabinets/acacia/countertop" },
		"acacia-cabinet-lid": { "base": "block/wood/cabinets/acacia/detail" },
		"acacia-cabinet-sides2": { "base": "block/wood/cabinets/acacia/cabinet" },
		"acacia-cabinet-cabinet-detail": { "base": "block/wood/acacia/cabinet-detail" },

		"acacia-cabinet-halfplain-1-accessories": { "base": "block/wood/cabinets/acacia/countertop" },
		"acacia-cabinet-halfplain-1-lid": { "base": "block/wood/cabinets/acacia/detail" },
		"acacia-cabinet-halfplain-1-sides2": { "base": "block/wood/cabinets/acacia/cabinet" },
		"acacia-cabinet-halfplain-1-cabinet-detail": { "base": "block/wood/cabinets/acacia/cabinet-detail" },
		"acacia-cabinet-halfplain-1-leadedhaft": { "base": "block/glass/leadedhaft" },

		"maple-cabinet-accessories": { "base": "block/wood/cabinets/maple/countertop" },
		"maple-cabinet-lid": { "base": "block/wood/cabinets/maple/detail" },
		"maple-cabinet-sides2": { "base": "block/wood/cabinets/maple/cabinet" },
		"maple-cabinet-cabinet-detail": { "base": "block/wood/cabinets/maple/cabinet-detail" },

		"maple-cabinet-halfplain-1-accessories": { "base": "block/wood/cabinets/maple/countertop" },
		"maple-cabinet-halfplain-1-lid": { "base": "block/wood/cabinets/maple/detail" },
		"maple-cabinet-halfplain-1-sides2": { "base": "block/wood/cabinets/maple/cabinet" },
		"maple-cabinet-halfplain-1-cabinet-detail": { "base": "block/wood/cabinets/maple/cabinet-detail" },
		"maple-cabinet-halfplain-1-leadedhaft": { "base": "block/glass/leadedhaft" }

	},
	"blockmaterial": "Wood",
	"replaceable": 900,
	"resistance": 3,
	"lightAbsorption": 0,
	"sideAo": { "all": false },
	"sidesolid": {
		"all": false,
		"up": true
	},
	"sideopaque": {
		"all": false
	},
	"combustibleProps": {
		"burnTemperature": 600,
		"burnDuration": 35
	},
	"sounds": {
		"place": "game:block/planks",
		"hit": "game:block/planks",
		"break": "game:block/planks",
		"walk": "game:walk/wood"
	},
	"materialDensity": 600,
	"tpHandTransform": {
		"translation": {
			"x": -2,
			"y": -0.5,
			"z": -1
		},
		"rotation": {
			"x": 0,
			"y": 180,
			"z": 0
		},
		"origin": {
			"x": 0.7,
			"y": 0.4,
			"z": 0.6
		},
		"scale": 0.31
	},
	"guiTransform": {
		"translation": {
			"x": 0,
			"y": 3,
			"z": 0
		},
		"rotation": {
			"x": -22.6,
			"y": -55,
			"z": 0
		},
		"origin": {
			"x": 0.5,
			"y": 0.4,
			"z": 0.5
		},
		"scale": 1.03
	}
}