{
	"code": "acacia-cabinet-single-sink-whitemarble",
	"class": "BlockSingleSink",
	"entityClass": "SingleSink",
	"behaviors": [
		{ "name": "Container" },
		{ "name": "HorizontalOrientable" }
	],
	"entityBehaviors": [ { "name": "Animatable" } ],
	"variantgroups": [
		{ "loadFromProperties": "abstract/horizontalorientation" }
	],
	"blockmaterial": "Wood",
	"shapebytype": {
		"*-north": {
			"base": "block/wood/sink/single/empty",
			"rotateY": 0
		},
		"*-east": {
			"base": "block/wood/sink/single/empty",
			"rotateY": 270
		},
		"*-south": {
			"base": "block/wood/sink/single/empty",
			"rotateY": 180
		},
		"*-west": {
			"base": "block/wood/sink/single/empty",
			"rotateY": 90
		}
	},
	"creativeinventory": {
		"general": [ "*-north" ],
		"decorative": [ "*-north" ],
		"kitchen": [ "*-north" ]
	},
	"replaceable": 900,
	"resistance": 1.5,
	"maxStackSize": 1,
	"lightAbsorption": 1,
	"textures": {
		"copper": { "base": "block/metal/copper" },
		"accessories": { "base": "block/stone/rock/whitemarble/countertop" },
		"lid": { "base": "block/stone/rock/whitemarble/acacia" },
		"sides2": { "base": "block/wood/cabinets/acacia/cabinet" },
		"cabinet-detail": { "base": "block/wood/cabinets/acacia/cabinet-detail" }
	},
	"attributes": {
		"partialAttachable": true,
		"capacityLitres": 30
	},
	"sideao": {
		"all": false
	},
	"sidesolid": {
		"all": false
	},
	"emitsideao": {
		"all": false
	},
	"sideopaque": {
		"all": false
	},
	"combustibleProps": {
		"burnTemperature": 600,
		"burnDuration": 20
	},
	"sounds": {
		"place": "block/planks",
		"hit": "block/planks",
		"break": "block/planks",
		"walk": "walk/wood"
	},
	"materialDensity": 600,
	"heldTpIdleAnimation": "holdbothhandslarge",
	"heldTpUseAnimation": "twohandplaceblock",
	"tpHandTransform": {
		"translation": {
			"x": -1.4,
			"y": -0.878,
			"z": -0.5
		},
		"rotation": {
			"x": -82,
			"y": 10,
			"z": -105
		},
		"scale": 0.39
	}
}