{
	"editor": {
		"allAngles": false,
		"entityTextureMode": false
	},
	"textureWidth": 16,
	"textureHeight": 16,
	"textureSizes": {
	},
	"textures": {
		"bricks": "C:/Users/andy-/AppData/Roaming/Vintagestory/assets/survival/textures/block/stone/brick/granite1",
		"log": "C:/Users/andy-/AppData/Roaming/Vintagestory/assets/survival/textures/block/wood/firepit/log",
		"shingles": "C:/Users/andy-/AppData/Roaming/Vintagestory/assets/survival/textures/block/clay/shingles/red"
	},
	"elements": [
		{
			"name": "Left Side Roof",
			"from": [ 0.0, 0.0, 3.0 ], 
			"to": [ 0.0, 0.0, 3.0 ], 
			"rotationOrigin": [ 0.0, 0.0, 3.0 ],
			"faces": {
				"north": { "texture": "#log", "uv": [ 0.0, 0.0, 0.5, 0.5 ], "enabled": false },
				"east": { "texture": "#log", "uv": [ 0.0, 0.0, 0.5, 0.5 ], "enabled": false },
				"south": { "texture": "#log", "uv": [ 0.0, 0.0, 0.5, 0.5 ], "enabled": false },
				"west": { "texture": "#log", "uv": [ 0.0, 0.0, 0.5, 0.5 ], "enabled": false },
				"up": { "texture": "#log", "uv": [ 0.0, 0.0, 0.5, 0.5 ], "enabled": false },
				"down": { "texture": "#log", "uv": [ 0.0, 0.0, 0.5, 0.5 ], "enabled": false }
			},
			"children": [
				{
					"name": "Roof2",
					"from": [ 0.0, 12.0, 0.0 ], 
					"to": [ 2.5, 14.0, 1.0 ], 
					"rotationOrigin": [ 0.0, 12.0, 0.0 ],
					"rotationX": -45.0,
					"faces": {
						"north": { "texture": "#shingles", "uv": [ 0.0, 0.0, 2.0, 2.0 ], "enabled": false, "autoUv": false },
						"east": { "texture": "#shingles", "uv": [ 0.0, 0.0, 1.0, 2.0 ], "enabled": false },
						"south": { "texture": "#shingles", "uv": [ 0.0, 0.0, 2.0, 2.0 ], "autoUv": false },
						"west": { "texture": "#shingles", "uv": [ 0.0, 0.0, 1.0, 2.0 ] },
						"up": { "texture": "#shingles", "uv": [ 0.0, 0.0, 2.5, 1.0 ], "enabled": false },
						"down": { "texture": "#shingles", "uv": [ 0.0, 0.0, 2.5, 1.0 ], "enabled": false }
					},
					"children": [
						{
							"name": "Cube10",
							"from": [ 0.0, -2.0, 1.0 ], 
							"to": [ 2.5, -1.0, 1.5 ], 
							"rotationOrigin": [ 0.0, -1.0, 0.0 ],
							"rotationX": -45.0,
							"faces": {
								"north": { "texture": "#shingles", "uv": [ 0.0, 0.0, 2.5, 1.0 ] },
								"east": { "texture": "#shingles", "uv": [ 0.0, 0.0, 0.5, 1.0 ] },
								"south": { "texture": "#shingles", "uv": [ 0.0, 2.5, 2.0, 3.5 ], "autoUv": false },
								"west": { "texture": "#shingles", "uv": [ 0.0, 0.0, 0.5, 1.0 ] },
								"up": { "texture": "#shingles", "uv": [ 0.0, 0.0, 2.5, 0.5 ], "enabled": false },
								"down": { "texture": "#shingles", "uv": [ 11.0, 3.0, 11.5, 3.5 ], "autoUv": false }
							}
						}
					]
				},
				{
					"name": "Roof3",
					"from": [ 0.0, 10.0, 2.0 ], 
					"to": [ 4.5, 12.0, 3.0 ], 
					"rotationOrigin": [ 0.0, 10.0, 2.0 ],
					"rotationX": -45.0,
					"faces": {
						"north": { "texture": "#shingles", "uv": [ 0.0, 0.0, 4.5, 2.0 ], "enabled": false },
						"east": { "texture": "#shingles", "uv": [ 0.0, 0.0, 1.0, 2.0 ], "enabled": false },
						"south": { "texture": "#shingles", "uv": [ 0.0, 0.0, 4.5, 2.0 ] },
						"west": { "texture": "#shingles", "uv": [ 0.0, 0.0, 1.0, 2.0 ] },
						"up": { "texture": "#shingles", "uv": [ 0.0, 0.0, 4.5, 1.0 ], "enabled": false },
						"down": { "texture": "#shingles", "uv": [ 0.0, 0.0, 4.5, 1.0 ], "enabled": false }
					},
					"children": [
						{
							"name": "Cube16",
							"from": [ 0.0, -2.0, 1.0 ], 
							"to": [ 3.5, -1.0, 1.5 ], 
							"rotationOrigin": [ 0.0, -1.0, 0.0 ],
							"rotationX": -45.0,
							"faces": {
								"north": { "texture": "#shingles", "uv": [ 0.0, 0.0, 3.5, 1.0 ] },
								"east": { "texture": "#shingles", "uv": [ 0.0, 0.0, 0.5, 1.0 ], "enabled": false },
								"south": { "texture": "#shingles", "uv": [ 0.0, 2.5, 3.5, 3.5 ] },
								"west": { "texture": "#shingles", "uv": [ 0.0, 0.0, 0.5, 1.0 ] },
								"up": { "texture": "#shingles", "uv": [ 0.0, 0.0, 3.5, 0.5 ], "enabled": false },
								"down": { "texture": "#shingles", "uv": [ 11.0, 3.0, 11.5, 3.5 ], "autoUv": false }
							}
						},
						{
							"name": "Cube17",
							"from": [ 3.5, -2.0, 1.0 ], 
							"to": [ 4.5, -1.0, 1.5 ], 
							"rotationOrigin": [ 3.0, -1.0, 0.0 ],
							"rotationX": -45.0,
							"faces": {
								"north": { "texture": "#shingles", "uv": [ 0.0, 0.0, 1.0, 1.0 ] },
								"east": { "texture": "#shingles", "uv": [ 0.0, 0.0, 0.5, 1.0 ] },
								"south": { "texture": "#shingles", "uv": [ 3.5, 2.5, 4.5, 3.5 ], "autoUv": false },
								"west": { "texture": "#shingles", "uv": [ 0.0, 0.0, 0.5, 1.0 ], "enabled": false },
								"up": { "texture": "#shingles", "uv": [ 0.0, 0.0, 1.0, 0.5 ], "enabled": false },
								"down": { "texture": "#shingles", "uv": [ 11.0, 3.0, 11.5, 3.5 ], "rotation": 180, "autoUv": false }
							}
						}
					]
				},
				{
					"name": "Roof4",
					"from": [ 0.0, 8.0, 4.0 ], 
					"to": [ 6.5, 10.0, 5.0 ], 
					"rotationOrigin": [ 0.0, 8.0, 4.0 ],
					"rotationX": -45.0,
					"faces": {
						"north": { "texture": "#shingles", "uv": [ 0.0, 0.0, 6.5, 2.0 ], "enabled": false },
						"east": { "texture": "#shingles", "uv": [ 0.0, 0.0, 1.0, 2.0 ], "enabled": false },
						"south": { "texture": "#shingles", "uv": [ 0.0, 0.0, 6.5, 2.0 ] },
						"west": { "texture": "#shingles", "uv": [ 0.0, 0.0, 1.0, 2.0 ] },
						"up": { "texture": "#shingles", "uv": [ 0.0, 0.0, 6.5, 1.0 ], "enabled": false },
						"down": { "texture": "#shingles", "uv": [ 0.0, 0.0, 6.5, 1.0 ], "enabled": false }
					},
					"children": [
						{
							"name": "Cube22",
							"from": [ 0.0, -2.0, 1.0 ], 
							"to": [ 6.5, -1.0, 1.5 ], 
							"rotationOrigin": [ 0.0, -1.0, 0.0 ],
							"rotationX": -45.0,
							"faces": {
								"north": { "texture": "#shingles", "uv": [ 0.0, 0.0, 6.5, 1.0 ] },
								"east": { "texture": "#shingles", "uv": [ 0.0, 0.0, 0.5, 1.0 ] },
								"south": { "texture": "#shingles", "uv": [ 0.0, 2.5, 6.5, 3.5 ] },
								"west": { "texture": "#shingles", "uv": [ 0.0, 0.0, 0.5, 1.0 ] },
								"up": { "texture": "#shingles", "uv": [ 0.0, 0.0, 6.5, 0.5 ], "enabled": false },
								"down": { "texture": "#shingles", "uv": [ 11.0, 3.0, 11.5, 3.5 ], "autoUv": false }
							}
						}
					]
				},
				{
					"name": "Roof5",
					"from": [ 0.0, 6.0, 6.0 ], 
					"to": [ 8.5, 8.0, 7.0 ], 
					"rotationOrigin": [ 0.0, 6.0, 6.0 ],
					"rotationX": -45.0,
					"faces": {
						"north": { "texture": "#shingles", "uv": [ 0.0, 0.0, 8.5, 2.0 ], "enabled": false },
						"east": { "texture": "#shingles", "uv": [ 0.0, 0.0, 1.0, 2.0 ], "enabled": false },
						"south": { "texture": "#shingles", "uv": [ 0.0, 0.0, 8.5, 2.0 ] },
						"west": { "texture": "#shingles", "uv": [ 0.0, 0.0, 1.0, 2.0 ] },
						"up": { "texture": "#shingles", "uv": [ 0.0, 0.0, 8.5, 1.0 ], "enabled": false },
						"down": { "texture": "#shingles", "uv": [ 0.0, 0.0, 8.5, 1.0 ], "enabled": false }
					},
					"children": [
						{
							"name": "Cube28",
							"from": [ 0.0, -2.0, 1.0 ], 
							"to": [ 7.0, -1.0, 1.5 ], 
							"rotationOrigin": [ 0.0, -1.0, 0.0 ],
							"rotationX": -45.0,
							"faces": {
								"north": { "texture": "#shingles", "uv": [ 0.0, 0.0, 7.0, 1.0 ] },
								"east": { "texture": "#shingles", "uv": [ 0.0, 0.0, 0.5, 1.0 ], "enabled": false },
								"south": { "texture": "#shingles", "uv": [ 0.0, 2.5, 7.0, 3.5 ] },
								"west": { "texture": "#shingles", "uv": [ 0.0, 0.0, 0.5, 1.0 ] },
								"up": { "texture": "#shingles", "uv": [ 0.0, 0.0, 7.0, 0.5 ], "enabled": false },
								"down": { "texture": "#shingles", "uv": [ 11.0, 3.0, 11.5, 3.5 ], "autoUv": false }
							}
						},
						{
							"name": "Cube30",
							"from": [ 7.0, -2.0, 1.0 ], 
							"to": [ 8.5, -1.0, 1.5 ], 
							"rotationOrigin": [ 7.0, -1.0, 0.0 ],
							"rotationX": -45.0,
							"faces": {
								"north": { "texture": "#shingles", "uv": [ 0.0, 0.0, 1.5, 1.0 ] },
								"east": { "texture": "#shingles", "uv": [ 0.0, 0.0, 0.5, 1.0 ] },
								"south": { "texture": "#shingles", "uv": [ 7.0, 3.5, 8.5, 4.5 ], "autoUv": false },
								"west": { "texture": "#shingles", "uv": [ 0.0, 0.0, 0.5, 1.0 ], "enabled": false },
								"up": { "texture": "#shingles", "uv": [ 0.0, 0.0, 1.5, 0.5 ], "enabled": false },
								"down": { "texture": "#shingles", "uv": [ 11.0, 3.0, 11.5, 3.5 ], "autoUv": false }
							}
						}
					]
				},
				{
					"name": "Roof6",
					"from": [ 0.0, 4.0, 8.0 ], 
					"to": [ 10.5, 6.0, 9.0 ], 
					"rotationOrigin": [ 0.0, 4.0, 8.0 ],
					"rotationX": -45.0,
					"faces": {
						"north": { "texture": "#shingles", "uv": [ 0.0, 0.0, 10.5, 2.0 ], "enabled": false },
						"east": { "texture": "#shingles", "uv": [ 0.0, 0.0, 1.0, 2.0 ], "enabled": false },
						"south": { "texture": "#shingles", "uv": [ 0.0, 0.0, 10.5, 2.0 ] },
						"west": { "texture": "#shingles", "uv": [ 0.0, 0.0, 1.0, 2.0 ] },
						"up": { "texture": "#shingles", "uv": [ 0.0, 0.0, 10.5, 1.0 ], "enabled": false },
						"down": { "texture": "#shingles", "uv": [ 0.0, 0.0, 10.5, 1.0 ], "enabled": false }
					},
					"children": [
						{
							"name": "Cube34",
							"from": [ 0.0, -2.0, 1.0 ], 
							"to": [ 7.0, -1.0, 1.5 ], 
							"rotationOrigin": [ 0.0, -1.0, 0.0 ],
							"rotationX": -45.0,
							"faces": {
								"north": { "texture": "#shingles", "uv": [ 0.0, 0.0, 7.0, 1.0 ] },
								"east": { "texture": "#shingles", "uv": [ 0.0, 0.0, 0.5, 1.0 ], "enabled": false },
								"south": { "texture": "#shingles", "uv": [ 0.0, 2.5, 7.0, 3.5 ] },
								"west": { "texture": "#shingles", "uv": [ 0.0, 0.0, 0.5, 1.0 ] },
								"up": { "texture": "#shingles", "uv": [ 0.0, 0.0, 7.0, 0.5 ], "enabled": false },
								"down": { "texture": "#shingles", "uv": [ 11.0, 3.0, 11.5, 3.5 ], "autoUv": false }
							}
						},
						{
							"name": "Cube36",
							"from": [ 7.0, -2.0, 1.0 ], 
							"to": [ 10.5, -1.0, 1.5 ], 
							"rotationOrigin": [ 7.0, -1.0, 0.0 ],
							"rotationX": -45.0,
							"faces": {
								"north": { "texture": "#shingles", "uv": [ 0.0, 0.0, 3.5, 1.0 ] },
								"east": { "texture": "#shingles", "uv": [ 0.0, 0.0, 0.5, 1.0 ] },
								"south": { "texture": "#shingles", "uv": [ 7.0, 3.5, 10.5, 4.5 ], "autoUv": false },
								"west": { "texture": "#shingles", "uv": [ 0.0, 0.0, 0.5, 1.0 ], "enabled": false },
								"up": { "texture": "#shingles", "uv": [ 0.0, 0.0, 3.5, 0.5 ], "enabled": false },
								"down": { "texture": "#shingles", "uv": [ 11.0, 3.0, 11.5, 3.5 ], "autoUv": false }
							}
						}
					]
				},
				{
					"name": "Roof7",
					"from": [ 0.0, 2.0, 10.0 ], 
					"to": [ 12.5, 4.0, 11.0 ], 
					"rotationOrigin": [ 0.0, 2.0, 10.0 ],
					"rotationX": -45.0,
					"faces": {
						"north": { "texture": "#shingles", "uv": [ 0.0, 0.0, 12.5, 2.0 ], "enabled": false },
						"east": { "texture": "#shingles", "uv": [ 0.0, 0.0, 1.0, 2.0 ], "enabled": false },
						"south": { "texture": "#shingles", "uv": [ 0.0, 0.0, 12.5, 2.0 ] },
						"west": { "texture": "#shingles", "uv": [ 0.0, 0.0, 1.0, 2.0 ] },
						"up": { "texture": "#shingles", "uv": [ 0.0, 0.0, 12.5, 1.0 ], "enabled": false },
						"down": { "texture": "#shingles", "uv": [ 0.0, 0.0, 12.5, 1.0 ], "enabled": false }
					},
					"children": [
						{
							"name": "Cube44",
							"from": [ 0.0, -2.0, 1.0 ], 
							"to": [ 7.0, -1.0, 1.5 ], 
							"rotationOrigin": [ 0.0, -1.0, 0.0 ],
							"rotationX": -45.0,
							"faces": {
								"north": { "texture": "#shingles", "uv": [ 0.0, 0.0, 7.0, 1.0 ] },
								"east": { "texture": "#shingles", "uv": [ 0.0, 0.0, 0.5, 1.0 ], "enabled": false },
								"south": { "texture": "#shingles", "uv": [ 0.0, 2.5, 7.0, 3.5 ] },
								"west": { "texture": "#shingles", "uv": [ 0.0, 0.0, 0.5, 1.0 ] },
								"up": { "texture": "#shingles", "uv": [ 0.0, 0.0, 7.0, 0.5 ], "enabled": false },
								"down": { "texture": "#shingles", "uv": [ 11.0, 3.0, 11.5, 3.5 ], "autoUv": false }
							}
						},
						{
							"name": "Cube44",
							"from": [ 7.0, -2.0, 1.0 ], 
							"to": [ 10.0, -1.0, 1.5 ], 
							"rotationOrigin": [ 7.0, -1.0, 0.0 ],
							"rotationX": -45.0,
							"faces": {
								"north": { "texture": "#shingles", "uv": [ 0.0, 0.0, 3.0, 1.0 ] },
								"east": { "texture": "#shingles", "uv": [ 0.0, 0.0, 0.5, 1.0 ], "enabled": false },
								"south": { "texture": "#shingles", "uv": [ 7.0, 3.5, 10.0, 4.5 ], "autoUv": false },
								"west": { "texture": "#shingles", "uv": [ 0.0, 0.0, 0.5, 1.0 ], "enabled": false },
								"up": { "texture": "#shingles", "uv": [ 0.0, 0.0, 3.0, 0.5 ], "enabled": false },
								"down": { "texture": "#shingles", "uv": [ 11.0, 3.0, 11.5, 3.5 ], "autoUv": false }
							}
						},
						{
							"name": "Cube67",
							"from": [ 10.0, -2.0, 1.0 ], 
							"to": [ 12.5, -1.0, 1.5 ], 
							"rotationOrigin": [ 10.0, -1.0, 0.0 ],
							"rotationX": -45.0,
							"faces": {
								"north": { "texture": "#shingles", "uv": [ 0.0, 0.0, 2.5, 1.0 ] },
								"east": { "texture": "#shingles", "uv": [ 0.0, 0.0, 0.5, 1.0 ] },
								"south": { "texture": "#shingles", "uv": [ 10.0, 2.5, 12.5, 3.5 ], "autoUv": false },
								"west": { "texture": "#shingles", "uv": [ 0.0, 0.0, 0.5, 1.0 ], "enabled": false },
								"up": { "texture": "#shingles", "uv": [ 0.0, 0.0, 2.5, 0.5 ], "enabled": false },
								"down": { "texture": "#shingles", "uv": [ 11.0, 3.0, 11.5, 3.5 ], "autoUv": false }
							}
						}
					]
				},
				{
					"name": "Roof8",
					"from": [ 0.0, 0.0, 12.0 ], 
					"to": [ 14.5, 2.0, 13.0 ], 
					"rotationOrigin": [ 0.0, 0.0, 12.0 ],
					"rotationX": -45.0,
					"faces": {
						"north": { "texture": "#shingles", "uv": [ 0.0, 0.0, 14.5, 2.0 ], "enabled": false },
						"east": { "texture": "#shingles", "uv": [ 0.0, 0.0, 1.0, 2.0 ], "enabled": false },
						"south": { "texture": "#shingles", "uv": [ 0.0, 0.0, 14.5, 2.0 ] },
						"west": { "texture": "#shingles", "uv": [ 0.0, 0.0, 1.0, 2.0 ] },
						"up": { "texture": "#shingles", "uv": [ 0.0, 0.0, 14.5, 1.0 ], "enabled": false },
						"down": { "texture": "#shingles", "uv": [ 0.0, 0.0, 14.5, 1.0 ] }
					},
					"children": [
						{
							"name": "Cube46",
							"from": [ 0.0, -2.0, 1.0 ], 
							"to": [ 7.0, -1.0, 1.5 ], 
							"rotationOrigin": [ 0.0, -1.0, 0.0 ],
							"rotationX": -45.0,
							"faces": {
								"north": { "texture": "#shingles", "uv": [ 0.0, 0.0, 7.0, 1.0 ] },
								"east": { "texture": "#shingles", "uv": [ 0.0, 0.0, 0.5, 1.0 ], "enabled": false },
								"south": { "texture": "#shingles", "uv": [ 0.0, 2.5, 7.0, 3.5 ] },
								"west": { "texture": "#shingles", "uv": [ 0.0, 0.0, 0.5, 1.0 ] },
								"up": { "texture": "#shingles", "uv": [ 0.0, 0.0, 7.0, 0.5 ], "enabled": false },
								"down": { "texture": "#shingles", "uv": [ 11.0, 3.0, 11.5, 3.5 ], "autoUv": false }
							}
						},
						{
							"name": "Cube59",
							"from": [ 7.0, -2.0, 1.0 ], 
							"to": [ 10.0, -1.0, 1.5 ], 
							"rotationOrigin": [ 7.0, -1.0, 0.0 ],
							"rotationX": -45.0,
							"faces": {
								"north": { "texture": "#shingles", "uv": [ 0.0, 0.0, 3.0, 1.0 ] },
								"east": { "texture": "#shingles", "uv": [ 0.0, 0.0, 0.5, 1.0 ], "enabled": false },
								"south": { "texture": "#shingles", "uv": [ 7.0, 3.5, 10.0, 4.5 ] },
								"west": { "texture": "#shingles", "uv": [ 0.0, 0.0, 0.5, 1.0 ], "enabled": false },
								"up": { "texture": "#shingles", "uv": [ 0.0, 0.0, 3.0, 0.5 ], "enabled": false },
								"down": { "texture": "#shingles", "uv": [ 11.0, 3.0, 11.5, 3.5 ], "autoUv": false }
							}
						},
						{
							"name": "Cube63",
							"from": [ 10.0, -2.0, 1.0 ], 
							"to": [ 14.5, -1.0, 1.5 ], 
							"rotationOrigin": [ 10.0, -1.0, 0.0 ],
							"rotationX": -45.0,
							"faces": {
								"north": { "texture": "#shingles", "uv": [ 0.0, 0.0, 4.5, 1.0 ] },
								"east": { "texture": "#shingles", "uv": [ 0.0, 0.0, 0.5, 1.0 ] },
								"south": { "texture": "#shingles", "uv": [ 10.0, 2.5, 14.5, 3.5 ], "autoUv": false },
								"west": { "texture": "#shingles", "uv": [ 0.0, 0.0, 0.5, 1.0 ], "enabled": false },
								"up": { "texture": "#shingles", "uv": [ 0.0, 0.0, 4.5, 0.5 ], "enabled": false },
								"down": { "texture": "#shingles", "uv": [ 11.0, 3.0, 11.5, 3.5 ], "autoUv": false }
							}
						}
					]
				}
			]
		},
		{
			"name": "Right Side Roof",
			"from": [ 3.0, 0.0, 8.0 ], 
			"to": [ 3.0, 0.0, 8.0 ], 
			"rotationOrigin": [ 3.0, 0.0, 8.0 ],
			"rotationY": 90.0,
			"faces": {
				"north": { "texture": "#log", "uv": [ 0.0, 0.0, 0.5, 0.5 ], "enabled": false },
				"east": { "texture": "#log", "uv": [ 0.0, 0.0, 0.5, 0.5 ], "enabled": false },
				"south": { "texture": "#log", "uv": [ 0.0, 0.0, 0.5, 0.5 ], "enabled": false },
				"west": { "texture": "#log", "uv": [ 0.0, 0.0, 0.5, 0.5 ], "enabled": false },
				"up": { "texture": "#log", "uv": [ 0.0, 0.0, 0.5, 0.5 ], "enabled": false },
				"down": { "texture": "#log", "uv": [ 0.0, 0.0, 0.5, 0.5 ], "enabled": false }
			},
			"children": [
				{
					"name": "Roof39",
					"from": [ 5.5, 12.0, 0.0 ], 
					"to": [ 8.0, 14.0, 1.0 ], 
					"rotationOrigin": [ 6.0, 12.0, 0.0 ],
					"rotationX": -45.0,
					"faces": {
						"north": { "texture": "#shingles", "uv": [ 0.0, 0.0, 2.5, 2.0 ], "enabled": false },
						"east": { "texture": "#shingles", "uv": [ 0.0, 0.0, 1.0, 2.0 ] },
						"south": { "texture": "#shingles", "uv": [ 0.0, 0.0, 2.5, 2.0 ], "autoUv": false },
						"west": { "texture": "#shingles", "uv": [ 0.0, 0.0, 1.0, 2.0 ], "enabled": false },
						"up": { "texture": "#shingles", "uv": [ 0.0, 0.0, 2.5, 1.0 ], "enabled": false },
						"down": { "texture": "#shingles", "uv": [ 0.0, 0.0, 2.5, 1.0 ], "enabled": false }
					},
					"children": [
						{
							"name": "Cube42",
							"from": [ 0.0, -2.0, 1.0 ], 
							"to": [ 2.5, -1.0, 1.5 ], 
							"rotationOrigin": [ 0.0, -1.0, 0.0 ],
							"rotationX": -45.0,
							"faces": {
								"north": { "texture": "#shingles", "uv": [ 0.0, 0.0, 2.5, 1.0 ] },
								"east": { "texture": "#shingles", "uv": [ 0.0, 0.0, 0.5, 1.0 ] },
								"south": { "texture": "#shingles", "uv": [ 0.0, 2.5, 2.5, 3.5 ] },
								"west": { "texture": "#shingles", "uv": [ 0.0, 0.0, 0.5, 1.0 ] },
								"up": { "texture": "#shingles", "uv": [ 0.0, 0.0, 2.5, 0.5 ], "enabled": false },
								"down": { "texture": "#shingles", "uv": [ 11.0, 3.0, 11.5, 3.5 ], "autoUv": false }
							}
						}
					]
				},
				{
					"name": "Roof43",
					"from": [ 3.5, 10.0, 2.0 ], 
					"to": [ 8.0, 12.0, 3.0 ], 
					"rotationOrigin": [ 4.0, 10.0, 2.0 ],
					"rotationX": -45.0,
					"faces": {
						"north": { "texture": "#shingles", "uv": [ 0.0, 0.0, 4.5, 2.0 ], "enabled": false },
						"east": { "texture": "#shingles", "uv": [ 0.0, 0.0, 1.0, 2.0 ] },
						"south": { "texture": "#shingles", "uv": [ 0.0, 0.0, 4.5, 2.0 ] },
						"west": { "texture": "#shingles", "uv": [ 0.0, 0.0, 1.0, 2.0 ], "enabled": false },
						"up": { "texture": "#shingles", "uv": [ 0.0, 0.0, 4.5, 1.0 ], "enabled": false },
						"down": { "texture": "#shingles", "uv": [ 0.0, 0.0, 4.5, 1.0 ], "enabled": false }
					},
					"children": [
						{
							"name": "Cube45",
							"from": [ 0.0, -2.0, 1.0 ], 
							"to": [ 3.5, -1.0, 1.5 ], 
							"rotationOrigin": [ 0.0, -1.0, 0.0 ],
							"rotationX": -45.0,
							"faces": {
								"north": { "texture": "#shingles", "uv": [ 0.0, 0.0, 3.5, 1.0 ] },
								"east": { "texture": "#shingles", "uv": [ 0.0, 0.0, 0.5, 1.0 ], "enabled": false },
								"south": { "texture": "#shingles", "uv": [ 0.0, 2.5, 3.5, 3.5 ] },
								"west": { "texture": "#shingles", "uv": [ 0.0, 0.0, 0.5, 1.0 ] },
								"up": { "texture": "#shingles", "uv": [ 0.0, 0.0, 3.5, 0.5 ], "enabled": false },
								"down": { "texture": "#shingles", "uv": [ 11.0, 3.0, 11.5, 3.5 ], "autoUv": false }
							}
						},
						{
							"name": "Cube45",
							"from": [ 3.5, -2.0, 1.0 ], 
							"to": [ 4.5, -1.0, 1.5 ], 
							"rotationOrigin": [ 3.0, -1.0, 0.0 ],
							"rotationX": -45.0,
							"faces": {
								"north": { "texture": "#shingles", "uv": [ 0.0, 0.0, 1.0, 1.0 ] },
								"east": { "texture": "#shingles", "uv": [ 0.0, 0.0, 0.5, 1.0 ] },
								"south": { "texture": "#shingles", "uv": [ 3.5, 2.5, 4.5, 3.5 ], "autoUv": false },
								"west": { "texture": "#shingles", "uv": [ 0.0, 0.0, 0.5, 1.0 ], "enabled": false },
								"up": { "texture": "#shingles", "uv": [ 0.0, 0.0, 1.0, 0.5 ], "enabled": false },
								"down": { "texture": "#shingles", "uv": [ 11.0, 3.0, 11.5, 3.5 ], "rotation": 180, "autoUv": false }
							}
						}
					]
				},
				{
					"name": "Roof47",
					"from": [ 1.5, 8.0, 4.0 ], 
					"to": [ 8.0, 10.0, 5.0 ], 
					"rotationOrigin": [ 2.0, 8.0, 4.0 ],
					"rotationX": -45.0,
					"faces": {
						"north": { "texture": "#shingles", "uv": [ 0.0, 0.0, 6.5, 2.0 ], "enabled": false },
						"east": { "texture": "#shingles", "uv": [ 0.0, 0.0, 1.0, 2.0 ] },
						"south": { "texture": "#shingles", "uv": [ 0.0, 0.0, 6.5, 2.0 ] },
						"west": { "texture": "#shingles", "uv": [ 0.0, 0.0, 1.0, 2.0 ], "enabled": false },
						"up": { "texture": "#shingles", "uv": [ 0.0, 0.0, 6.5, 1.0 ], "enabled": false },
						"down": { "texture": "#shingles", "uv": [ 0.0, 0.0, 6.5, 1.0 ], "enabled": false }
					},
					"children": [
						{
							"name": "Cube49",
							"from": [ 0.0, -2.0, 1.0 ], 
							"to": [ 6.5, -1.0, 1.5 ], 
							"rotationOrigin": [ 0.0, -1.0, 0.0 ],
							"rotationX": -45.0,
							"faces": {
								"north": { "texture": "#shingles", "uv": [ 0.0, 0.0, 6.5, 1.0 ] },
								"east": { "texture": "#shingles", "uv": [ 0.0, 0.0, 0.5, 1.0 ] },
								"south": { "texture": "#shingles", "uv": [ 0.0, 2.5, 6.5, 3.5 ] },
								"west": { "texture": "#shingles", "uv": [ 0.0, 0.0, 0.5, 1.0 ] },
								"up": { "texture": "#shingles", "uv": [ 0.0, 0.0, 6.5, 0.5 ], "enabled": false },
								"down": { "texture": "#shingles", "uv": [ 11.0, 3.0, 11.5, 3.5 ], "autoUv": false }
							}
						}
					]
				},
				{
					"name": "Roof51",
					"from": [ -0.5, 6.0, 6.0 ], 
					"to": [ 8.0, 8.0, 7.0 ], 
					"rotationOrigin": [ 0.0, 6.0, 6.0 ],
					"rotationX": -45.0,
					"faces": {
						"north": { "texture": "#shingles", "uv": [ 0.0, 0.0, 8.5, 2.0 ], "enabled": false },
						"east": { "texture": "#shingles", "uv": [ 0.0, 0.0, 1.0, 2.0 ] },
						"south": { "texture": "#shingles", "uv": [ 0.0, 0.0, 8.5, 2.0 ] },
						"west": { "texture": "#shingles", "uv": [ 0.0, 0.0, 1.0, 2.0 ], "enabled": false },
						"up": { "texture": "#shingles", "uv": [ 0.0, 0.0, 8.5, 1.0 ], "enabled": false },
						"down": { "texture": "#shingles", "uv": [ 0.0, 0.0, 8.5, 1.0 ], "enabled": false }
					},
					"children": [
						{
							"name": "Cube52",
							"from": [ 0.0, -2.0, 1.0 ], 
							"to": [ 7.0, -1.0, 1.5 ], 
							"rotationOrigin": [ 0.0, -1.0, 0.0 ],
							"rotationX": -45.0,
							"faces": {
								"north": { "texture": "#shingles", "uv": [ 0.0, 0.0, 7.0, 1.0 ] },
								"east": { "texture": "#shingles", "uv": [ 0.0, 0.0, 0.5, 1.0 ], "enabled": false },
								"south": { "texture": "#shingles", "uv": [ 0.0, 2.5, 7.0, 3.5 ] },
								"west": { "texture": "#shingles", "uv": [ 0.0, 0.0, 0.5, 1.0 ] },
								"up": { "texture": "#shingles", "uv": [ 0.0, 0.0, 7.0, 0.5 ], "enabled": false },
								"down": { "texture": "#shingles", "uv": [ 11.0, 3.0, 11.5, 3.5 ], "autoUv": false }
							}
						},
						{
							"name": "Cube54",
							"from": [ 7.0, -2.0, 1.0 ], 
							"to": [ 8.5, -1.0, 1.5 ], 
							"rotationOrigin": [ 7.0, -1.0, 0.0 ],
							"rotationX": -45.0,
							"faces": {
								"north": { "texture": "#shingles", "uv": [ 0.0, 0.0, 1.5, 1.0 ] },
								"east": { "texture": "#shingles", "uv": [ 0.0, 0.0, 0.5, 1.0 ] },
								"south": { "texture": "#shingles", "uv": [ 7.0, 3.5, 8.5, 4.5 ], "autoUv": false },
								"west": { "texture": "#shingles", "uv": [ 0.0, 0.0, 0.5, 1.0 ], "enabled": false },
								"up": { "texture": "#shingles", "uv": [ 0.0, 0.0, 1.5, 0.5 ], "enabled": false },
								"down": { "texture": "#shingles", "uv": [ 11.0, 3.0, 11.5, 3.5 ], "autoUv": false }
							}
						}
					]
				},
				{
					"name": "Roof55",
					"from": [ -2.5, 4.0, 8.0 ], 
					"to": [ 8.0, 6.0, 9.0 ], 
					"rotationOrigin": [ -2.0, 4.0, 8.0 ],
					"rotationX": -45.0,
					"faces": {
						"north": { "texture": "#shingles", "uv": [ 0.0, 0.0, 10.5, 2.0 ], "enabled": false },
						"east": { "texture": "#shingles", "uv": [ 0.0, 0.0, 1.0, 2.0 ] },
						"south": { "texture": "#shingles", "uv": [ 0.0, 0.0, 10.5, 2.0 ] },
						"west": { "texture": "#shingles", "uv": [ 0.0, 0.0, 1.0, 2.0 ], "enabled": false },
						"up": { "texture": "#shingles", "uv": [ 0.0, 0.0, 10.5, 1.0 ], "enabled": false },
						"down": { "texture": "#shingles", "uv": [ 0.0, 0.0, 10.5, 1.0 ], "enabled": false }
					},
					"children": [
						{
							"name": "Cube56",
							"from": [ 0.0, -2.0, 1.0 ], 
							"to": [ 7.0, -1.0, 1.5 ], 
							"rotationOrigin": [ 0.0, -1.0, 0.0 ],
							"rotationX": -45.0,
							"faces": {
								"north": { "texture": "#shingles", "uv": [ 0.0, 0.0, 7.0, 1.0 ] },
								"east": { "texture": "#shingles", "uv": [ 0.0, 0.0, 0.5, 1.0 ], "enabled": false },
								"south": { "texture": "#shingles", "uv": [ 0.0, 2.5, 7.0, 3.5 ] },
								"west": { "texture": "#shingles", "uv": [ 0.0, 0.0, 0.5, 1.0 ] },
								"up": { "texture": "#shingles", "uv": [ 0.0, 0.0, 7.0, 0.5 ], "enabled": false },
								"down": { "texture": "#shingles", "uv": [ 11.0, 3.0, 11.5, 3.5 ], "autoUv": false }
							}
						},
						{
							"name": "Cube58",
							"from": [ 7.0, -2.0, 1.0 ], 
							"to": [ 10.5, -1.0, 1.5 ], 
							"rotationOrigin": [ 7.0, -1.0, 0.0 ],
							"rotationX": -45.0,
							"faces": {
								"north": { "texture": "#shingles", "uv": [ 0.0, 0.0, 3.5, 1.0 ] },
								"east": { "texture": "#shingles", "uv": [ 0.0, 0.0, 0.5, 1.0 ] },
								"south": { "texture": "#shingles", "uv": [ 7.0, 3.5, 10.5, 4.5 ], "autoUv": false },
								"west": { "texture": "#shingles", "uv": [ 0.0, 0.0, 0.5, 1.0 ], "enabled": false },
								"up": { "texture": "#shingles", "uv": [ 0.0, 0.0, 3.5, 0.5 ], "enabled": false },
								"down": { "texture": "#shingles", "uv": [ 11.0, 3.0, 11.5, 3.5 ], "autoUv": false }
							}
						}
					]
				},
				{
					"name": "Roof59",
					"from": [ -4.5, 2.0, 10.0 ], 
					"to": [ 8.0, 4.0, 11.0 ], 
					"rotationOrigin": [ -5.0, 2.0, 10.0 ],
					"rotationX": -45.0,
					"faces": {
						"north": { "texture": "#shingles", "uv": [ 0.0, 0.0, 12.5, 2.0 ], "enabled": false },
						"east": { "texture": "#shingles", "uv": [ 0.0, 0.0, 1.0, 2.0 ] },
						"south": { "texture": "#shingles", "uv": [ 0.0, 0.0, 12.5, 2.0 ] },
						"west": { "texture": "#shingles", "uv": [ 0.0, 0.0, 1.0, 2.0 ], "enabled": false },
						"up": { "texture": "#shingles", "uv": [ 0.0, 0.0, 12.5, 1.0 ], "enabled": false },
						"down": { "texture": "#shingles", "uv": [ 0.0, 0.0, 12.5, 1.0 ], "enabled": false }
					},
					"children": [
						{
							"name": "Cube60",
							"from": [ 0.0, -2.0, 1.0 ], 
							"to": [ 7.0, -1.0, 1.5 ], 
							"rotationOrigin": [ 0.0, -1.0, 0.0 ],
							"rotationX": -45.0,
							"faces": {
								"north": { "texture": "#shingles", "uv": [ 0.0, 0.0, 7.0, 1.0 ] },
								"east": { "texture": "#shingles", "uv": [ 0.0, 0.0, 0.5, 1.0 ], "enabled": false },
								"south": { "texture": "#shingles", "uv": [ 0.0, 2.5, 7.0, 3.5 ] },
								"west": { "texture": "#shingles", "uv": [ 0.0, 0.0, 0.5, 1.0 ] },
								"up": { "texture": "#shingles", "uv": [ 0.0, 0.0, 7.0, 0.5 ], "enabled": false },
								"down": { "texture": "#shingles", "uv": [ 11.0, 3.0, 11.5, 3.5 ], "autoUv": false }
							}
						},
						{
							"name": "Cube62",
							"from": [ 7.0, -2.0, 1.0 ], 
							"to": [ 10.0, -1.0, 1.5 ], 
							"rotationOrigin": [ 7.0, -1.0, 0.0 ],
							"rotationX": -45.0,
							"faces": {
								"north": { "texture": "#shingles", "uv": [ 0.0, 0.0, 3.0, 1.0 ] },
								"east": { "texture": "#shingles", "uv": [ 0.0, 0.0, 0.5, 1.0 ], "enabled": false },
								"south": { "texture": "#shingles", "uv": [ 7.0, 3.5, 10.0, 4.5 ], "autoUv": false },
								"west": { "texture": "#shingles", "uv": [ 0.0, 0.0, 0.5, 1.0 ], "enabled": false },
								"up": { "texture": "#shingles", "uv": [ 0.0, 0.0, 3.0, 0.5 ], "enabled": false },
								"down": { "texture": "#shingles", "uv": [ 11.0, 3.0, 11.5, 3.5 ], "autoUv": false }
							}
						},
						{
							"name": "Cube51",
							"from": [ 10.0, -2.0, 1.0 ], 
							"to": [ 12.5, -1.0, 1.5 ], 
							"rotationOrigin": [ 10.0, -1.0, 0.0 ],
							"rotationX": -45.0,
							"faces": {
								"north": { "texture": "#shingles", "uv": [ 0.0, 0.0, 2.5, 1.0 ] },
								"east": { "texture": "#shingles", "uv": [ 0.0, 0.0, 0.5, 1.0 ] },
								"south": { "texture": "#shingles", "uv": [ 10.0, 2.5, 12.5, 3.5 ], "autoUv": false },
								"west": { "texture": "#shingles", "uv": [ 0.0, 0.0, 0.5, 1.0 ], "enabled": false },
								"up": { "texture": "#shingles", "uv": [ 0.0, 0.0, 2.5, 0.5 ], "enabled": false },
								"down": { "texture": "#shingles", "uv": [ 11.0, 3.0, 11.5, 3.5 ], "autoUv": false }
							}
						}
					]
				},
				{
					"name": "Roof63",
					"from": [ -6.5, 0.0, 12.0 ], 
					"to": [ 8.0, 2.0, 13.0 ], 
					"rotationOrigin": [ -7.0, 0.0, 12.0 ],
					"rotationX": -45.0,
					"faces": {
						"north": { "texture": "#shingles", "uv": [ 0.0, 0.0, 14.5, 2.0 ], "enabled": false },
						"east": { "texture": "#shingles", "uv": [ 0.0, 0.0, 1.0, 2.0 ] },
						"south": { "texture": "#shingles", "uv": [ 0.0, 0.0, 14.5, 2.0 ] },
						"west": { "texture": "#shingles", "uv": [ 0.0, 0.0, 1.0, 2.0 ], "enabled": false },
						"up": { "texture": "#shingles", "uv": [ 0.0, 0.0, 14.5, 1.0 ], "enabled": false },
						"down": { "texture": "#shingles", "uv": [ 0.0, 0.0, 14.5, 1.0 ] }
					},
					"children": [
						{
							"name": "Cube64",
							"from": [ 0.0, -2.0, 1.0 ], 
							"to": [ 7.0, -1.0, 1.5 ], 
							"rotationOrigin": [ 0.0, -1.0, 0.0 ],
							"rotationX": -45.0,
							"faces": {
								"north": { "texture": "#shingles", "uv": [ 0.0, 0.0, 7.0, 1.0 ] },
								"east": { "texture": "#shingles", "uv": [ 0.0, 0.0, 0.5, 1.0 ], "enabled": false },
								"south": { "texture": "#shingles", "uv": [ 0.0, 2.5, 7.0, 3.5 ] },
								"west": { "texture": "#shingles", "uv": [ 0.0, 0.0, 0.5, 1.0 ] },
								"up": { "texture": "#shingles", "uv": [ 0.0, 0.0, 7.0, 0.5 ], "enabled": false },
								"down": { "texture": "#shingles", "uv": [ 11.0, 3.0, 11.5, 3.5 ], "autoUv": false }
							}
						},
						{
							"name": "Cube66",
							"from": [ 7.0, -2.0, 1.0 ], 
							"to": [ 10.0, -1.0, 1.5 ], 
							"rotationOrigin": [ 7.0, -1.0, 0.0 ],
							"rotationX": -45.0,
							"faces": {
								"north": { "texture": "#shingles", "uv": [ 0.0, 0.0, 3.0, 1.0 ] },
								"east": { "texture": "#shingles", "uv": [ 0.0, 0.0, 0.5, 1.0 ], "enabled": false },
								"south": { "texture": "#shingles", "uv": [ 7.0, 3.5, 10.0, 4.5 ], "autoUv": false },
								"west": { "texture": "#shingles", "uv": [ 0.0, 0.0, 0.5, 1.0 ], "enabled": false },
								"up": { "texture": "#shingles", "uv": [ 0.0, 0.0, 3.0, 0.5 ], "enabled": false },
								"down": { "texture": "#shingles", "uv": [ 11.0, 3.0, 11.5, 3.5 ], "autoUv": false }
							}
						},
						{
							"name": "Cube55",
							"from": [ 10.0, -2.0, 1.0 ], 
							"to": [ 14.5, -1.0, 1.5 ], 
							"rotationOrigin": [ 10.0, -1.0, 0.0 ],
							"rotationX": -45.0,
							"faces": {
								"north": { "texture": "#shingles", "uv": [ 0.0, 0.0, 4.5, 1.0 ] },
								"east": { "texture": "#shingles", "uv": [ 0.0, 0.0, 0.5, 1.0 ] },
								"south": { "texture": "#shingles", "uv": [ 10.0, 2.5, 14.5, 3.5 ], "autoUv": false },
								"west": { "texture": "#shingles", "uv": [ 0.0, 0.0, 0.5, 1.0 ], "enabled": false },
								"up": { "texture": "#shingles", "uv": [ 0.0, 0.0, 4.5, 0.5 ], "enabled": false },
								"down": { "texture": "#shingles", "uv": [ 11.0, 3.0, 11.5, 3.5 ], "autoUv": false }
							}
						}
					]
				}
			]
		},
		{
			"name": "wood supports",
			"from": [ -1.0, -1.2899, 14.8213 ], 
			"to": [ -1.0, -1.2899, 14.8213 ], 
			"rotationOrigin": [ -1.0, -1.2899, 14.8213 ],
			"rotationX": -44.999992699547086,
			"faces": {
				"north": { "texture": "#log", "uv": [ 0.0, 0.0, 0.5, 0.5 ] },
				"east": { "texture": "#log", "uv": [ 0.0, 0.0, 0.5, 0.5 ] },
				"south": { "texture": "#log", "uv": [ 0.0, 0.0, 0.5, 0.5 ] },
				"west": { "texture": "#log", "uv": [ 0.0, 0.0, 0.5, 0.5 ] },
				"up": { "texture": "#log", "uv": [ 0.0, 0.0, 0.5, 0.5 ] },
				"down": { "texture": "#log", "uv": [ 0.0, 0.0, 0.5, 0.5 ] }
			}
		},
		{
			"name": "wood support left middle",
			"from": [ 0.2, 14.0, -1.0 ], 
			"to": [ 22.5, 16.0, 0.0 ], 
			"rotationOrigin": [ -0.5, 14.0, -1.0 ],
			"rotationZ": -45.0,
			"faces": {
				"north": { "texture": "#log", "uv": [ 0.0, 1.0, 16.0, 2.5 ], "autoUv": false },
				"east": { "texture": "#log", "uv": [ 14.0, 14.0, 16.0, 16.0 ], "rotation": 90, "autoUv": false },
				"south": { "texture": "#log", "uv": [ 0.0, 3.5, 16.0, 5.5 ], "autoUv": false },
				"west": { "texture": "#log", "uv": [ 14.0, 14.0, 16.0, 16.0 ], "rotation": 90, "autoUv": false },
				"up": { "texture": "#log", "uv": [ 0.0, 2.0, 16.0, 3.0 ], "autoUv": false },
				"down": { "texture": "#log", "uv": [ 0.0, 1.5, 16.0, 2.5 ], "autoUv": false }
			}
		},
		{
			"name": "wood support  left",
			"from": [ -1.0, -3.1, 16.0 ], 
			"to": [ 0.0, 19.2, 18.0 ], 
			"rotationOrigin": [ -0.5, -3.0, 15.0 ],
			"rotationX": -44.999992699547086,
			"faces": {
				"north": { "texture": "#log", "uv": [ 0.0, 1.0, 16.0, 2.5 ], "rotation": 90, "autoUv": false },
				"east": { "texture": "#log", "uv": [ 0.0, 1.0, 16.0, 2.5 ], "rotation": 90, "autoUv": false },
				"south": { "texture": "#log", "uv": [ 0.0, 3.0, 16.0, 4.5 ], "rotation": 90, "autoUv": false },
				"west": { "texture": "#log", "uv": [ 0.0, 1.5, 16.0, 3.0 ], "rotation": 90, "autoUv": false },
				"up": { "texture": "#log", "uv": [ 14.0, 14.0, 16.0, 16.0 ], "autoUv": false },
				"down": { "texture": "#log", "uv": [ 14.0, 14.0, 16.0, 16.0 ], "autoUv": false }
			}
		},
		{
			"name": "wood middle",
			"from": [ 17.0, -2.0, 14.1 ], 
			"to": [ 19.0, 25.5, 16.6 ], 
			"rotationOrigin": [ 16.0, -2.0, 14.0 ],
			"rotationY": -45.0,
			"rotationZ": 55.0,
			"faces": {
				"north": { "texture": "#log", "uv": [ 0.0, 0.0, 15.5, 1.5 ], "rotation": 90, "autoUv": false },
				"east": { "texture": "#log", "uv": [ 0.0, 0.0, 16.0, 3.0 ], "rotation": 90, "autoUv": false },
				"south": { "texture": "#log", "uv": [ 0.0, 0.0, 16.0, 1.5 ], "rotation": 90, "autoUv": false },
				"west": { "texture": "#log", "uv": [ 0.0, 0.0, 16.0, 2.0 ], "rotation": 90, "autoUv": false },
				"up": { "texture": "#log", "uv": [ 0.0, 0.0, 2.0, 2.5 ] },
				"down": { "texture": "#log", "uv": [ 0.0, 0.0, 2.0, 2.5 ] }
			}
		},
		{
			"name": "Walls",
			"from": [ 16.0, 0.0, 13.5 ], 
			"to": [ 16.0, 0.0, 13.5 ], 
			"rotationOrigin": [ 16.0, 0.0, 13.5 ],
			"rotationX": -179.99991316357105,
			"rotationY": 5.0089477137329395E-6,
			"rotationZ": -179.99991316357105,
			"faces": {
				"north": { "texture": "#bricks", "uv": [ 0.0, 0.0, 0.5, 0.5 ], "enabled": false },
				"east": { "texture": "#bricks", "uv": [ 0.0, 0.0, 0.5, 0.5 ], "enabled": false },
				"south": { "texture": "#bricks", "uv": [ 0.0, 0.0, 0.5, 0.5 ], "enabled": false },
				"west": { "texture": "#bricks", "uv": [ 0.0, 0.0, 0.5, 0.5 ], "enabled": false },
				"up": { "texture": "#bricks", "uv": [ 0.0, 0.0, 0.5, 0.5 ], "enabled": false },
				"down": { "texture": "#bricks", "uv": [ 0.0, 0.0, 0.5, 0.5 ], "enabled": false }
			},
			"children": [
				{
					"name": "Wall1",
					"from": [ 1.0, 0.0, -1.5 ], 
					"to": [ 16.0, 1.0, 13.5 ], 
					"rotationOrigin": [ 0.0, 0.0, -0.5 ],
					"rotationX": -1.628443907497612E-12,
					"rotationY": 3.413353627936079E-19,
					"rotationZ": 1.628443907497612E-12,
					"faces": {
						"north": { "texture": "#bricks", "uv": [ 0.0, 0.0, 15.0, 1.0 ], "enabled": false },
						"east": { "texture": "#bricks", "uv": [ 0.0, 15.0, 15.0, 16.0 ] },
						"south": { "texture": "#bricks", "uv": [ 1.0, 15.0, 16.0, 16.0 ] },
						"west": { "texture": "#bricks", "uv": [ 1.0, 15.0, 16.0, 16.0 ], "enabled": false },
						"up": { "texture": "#bricks", "uv": [ 0.0, 0.0, 15.0, 15.0 ], "enabled": false },
						"down": { "texture": "#bricks", "uv": [ 1.0, 0.0, 16.0, 15.0 ], "rotation": 90 }
					}
				},
				{
					"name": "Wall2",
					"from": [ 2.0, 1.0, -0.5 ], 
					"to": [ 16.0, 2.0, 13.5 ], 
					"rotationOrigin": [ 0.0, 1.0, 0.5 ],
					"rotationX": -1.628443907497612E-12,
					"rotationY": 3.413353627936079E-19,
					"rotationZ": 1.628443907497612E-12,
					"faces": {
						"north": { "texture": "#bricks", "uv": [ 0.0, 0.0, 14.0, 1.0 ], "enabled": false },
						"east": { "texture": "#bricks", "uv": [ 0.0, 14.0, 14.0, 15.0 ] },
						"south": { "texture": "#bricks", "uv": [ 2.0, 14.0, 16.0, 15.0 ] },
						"west": { "texture": "#bricks", "uv": [ 2.0, 14.0, 16.0, 15.0 ], "enabled": false },
						"up": { "texture": "#bricks", "uv": [ 0.0, 0.0, 14.0, 14.0 ], "enabled": false },
						"down": { "texture": "#bricks", "uv": [ 0.0, 0.0, 14.0, 14.0 ], "enabled": false }
					}
				},
				{
					"name": "Wall5",
					"from": [ 5.0, 4.0, 2.5 ], 
					"to": [ 16.0, 5.0, 13.5 ], 
					"rotationOrigin": [ 0.0, 4.0, 3.5 ],
					"rotationX": -1.628443907497612E-12,
					"rotationY": 3.413353627936079E-19,
					"rotationZ": 1.628443907497612E-12,
					"faces": {
						"north": { "texture": "#bricks", "uv": [ 0.0, 0.0, 11.0, 1.0 ], "enabled": false },
						"east": { "texture": "#bricks", "uv": [ 0.0, 11.0, 11.0, 12.0 ] },
						"south": { "texture": "#bricks", "uv": [ 5.0, 11.0, 16.0, 12.0 ] },
						"west": { "texture": "#bricks", "uv": [ 5.0, 11.0, 16.0, 12.0 ], "enabled": false },
						"up": { "texture": "#bricks", "uv": [ 0.0, 0.0, 11.0, 11.0 ], "enabled": false },
						"down": { "texture": "#bricks", "uv": [ 0.0, 0.0, 11.0, 11.0 ], "enabled": false }
					}
				},
				{
					"name": "Wall3",
					"from": [ 3.0, 2.0, 0.5 ], 
					"to": [ 16.0, 3.0, 13.5 ], 
					"rotationOrigin": [ 0.0, 2.0, 1.5 ],
					"rotationX": -1.628443907497612E-12,
					"rotationY": 3.413353627936079E-19,
					"rotationZ": 1.628443907497612E-12,
					"faces": {
						"north": { "texture": "#bricks", "uv": [ 0.0, 0.0, 13.0, 1.0 ], "enabled": false },
						"east": { "texture": "#bricks", "uv": [ 0.0, 13.0, 13.0, 14.0 ] },
						"south": { "texture": "#bricks", "uv": [ 3.0, 13.0, 16.0, 14.0 ] },
						"west": { "texture": "#bricks", "uv": [ 3.0, 13.0, 16.0, 14.0 ], "enabled": false },
						"up": { "texture": "#bricks", "uv": [ 0.0, 0.0, 13.0, 13.0 ], "enabled": false },
						"down": { "texture": "#bricks", "uv": [ 0.0, 0.0, 13.0, 13.0 ], "enabled": false }
					}
				},
				{
					"name": "Wall4",
					"from": [ 4.0, 3.0, 1.5 ], 
					"to": [ 16.0, 4.0, 13.5 ], 
					"rotationOrigin": [ 0.0, 3.0, 2.5 ],
					"rotationX": -1.628443907497612E-12,
					"rotationY": 3.413353627936079E-19,
					"rotationZ": 1.628443907497612E-12,
					"faces": {
						"north": { "texture": "#bricks", "uv": [ 0.0, 0.0, 12.0, 1.0 ], "enabled": false },
						"east": { "texture": "#bricks", "uv": [ 0.0, 12.0, 12.0, 13.0 ] },
						"south": { "texture": "#bricks", "uv": [ 4.0, 12.0, 16.0, 13.0 ] },
						"west": { "texture": "#bricks", "uv": [ 4.0, 12.0, 16.0, 13.0 ], "enabled": false },
						"up": { "texture": "#bricks", "uv": [ 0.0, 0.0, 12.0, 12.0 ], "enabled": false },
						"down": { "texture": "#bricks", "uv": [ 0.0, 0.0, 12.0, 12.0 ], "enabled": false }
					}
				},
				{
					"name": "Wall6",
					"from": [ 6.0, 5.0, 3.5 ], 
					"to": [ 16.0, 6.0, 13.5 ], 
					"rotationOrigin": [ 0.0, 5.0, 3.2 ],
					"rotationX": -1.628443907497612E-12,
					"rotationY": 3.413353627936079E-19,
					"rotationZ": 1.628443907497612E-12,
					"faces": {
						"north": { "texture": "#bricks", "uv": [ 0.0, 0.0, 10.0, 1.0 ], "enabled": false },
						"east": { "texture": "#bricks", "uv": [ 0.0, 10.0, 10.0, 11.0 ] },
						"south": { "texture": "#bricks", "uv": [ 6.0, 10.0, 16.0, 11.0 ] },
						"west": { "texture": "#bricks", "uv": [ 6.0, 10.0, 16.0, 11.0 ], "enabled": false },
						"up": { "texture": "#bricks", "uv": [ 0.0, 0.0, 10.0, 10.0 ], "enabled": false },
						"down": { "texture": "#bricks", "uv": [ 0.0, 0.0, 10.0, 10.0 ], "enabled": false }
					}
				},
				{
					"name": "Wall7",
					"from": [ 7.0, 6.0, 4.5 ], 
					"to": [ 16.0, 7.0, 13.5 ], 
					"rotationOrigin": [ 0.0, 6.0, 4.0 ],
					"rotationX": -1.628443907497612E-12,
					"rotationY": 3.413353627936079E-19,
					"rotationZ": 1.628443907497612E-12,
					"faces": {
						"north": { "texture": "#bricks", "uv": [ 0.0, 0.0, 9.0, 1.0 ], "enabled": false },
						"east": { "texture": "#bricks", "uv": [ 0.0, 9.0, 9.0, 10.0 ] },
						"south": { "texture": "#bricks", "uv": [ 7.0, 9.0, 16.0, 10.0 ] },
						"west": { "texture": "#bricks", "uv": [ 7.0, 9.0, 16.0, 10.0 ], "enabled": false },
						"up": { "texture": "#bricks", "uv": [ 0.0, 0.0, 9.0, 9.0 ], "enabled": false },
						"down": { "texture": "#bricks", "uv": [ 0.0, 0.0, 9.0, 9.0 ], "enabled": false }
					}
				},
				{
					"name": "Wall8",
					"from": [ 8.0, 7.0, 5.5 ], 
					"to": [ 16.0, 8.0, 13.5 ], 
					"rotationOrigin": [ 0.0, 7.0, 5.0 ],
					"rotationX": -1.628443907497612E-12,
					"rotationY": 3.413353627936079E-19,
					"rotationZ": 1.628443907497612E-12,
					"faces": {
						"north": { "texture": "#bricks", "uv": [ 0.0, 0.0, 8.0, 1.0 ], "enabled": false },
						"east": { "texture": "#bricks", "uv": [ 0.0, 8.0, 8.0, 9.0 ] },
						"south": { "texture": "#bricks", "uv": [ 8.0, 8.0, 16.0, 9.0 ] },
						"west": { "texture": "#bricks", "uv": [ 8.0, 8.0, 16.0, 9.0 ], "enabled": false },
						"up": { "texture": "#bricks", "uv": [ 0.0, 0.0, 8.0, 8.0 ], "enabled": false },
						"down": { "texture": "#bricks", "uv": [ 0.0, 0.0, 8.0, 8.0 ], "enabled": false }
					}
				},
				{
					"name": "Wall9",
					"from": [ 9.0, 8.0, 6.5 ], 
					"to": [ 16.0, 9.0, 13.5 ], 
					"rotationOrigin": [ 0.0, 8.0, 7.0 ],
					"rotationX": -1.628443907497612E-12,
					"rotationY": 3.413353627936079E-19,
					"rotationZ": 1.628443907497612E-12,
					"faces": {
						"north": { "texture": "#bricks", "uv": [ 0.0, 0.0, 7.0, 1.0 ], "enabled": false },
						"east": { "texture": "#bricks", "uv": [ 0.0, 7.0, 7.0, 8.0 ] },
						"south": { "texture": "#bricks", "uv": [ 7.0, 7.0, 16.0, 8.0 ], "autoUv": false },
						"west": { "texture": "#bricks", "uv": [ 9.0, 7.0, 16.0, 8.0 ], "enabled": false },
						"up": { "texture": "#bricks", "uv": [ 0.0, 0.0, 7.0, 7.0 ], "enabled": false },
						"down": { "texture": "#bricks", "uv": [ 0.0, 0.0, 7.0, 7.0 ], "enabled": false }
					}
				},
				{
					"name": "Wall10",
					"from": [ 10.0, 9.0, 7.5 ], 
					"to": [ 16.0, 10.0, 13.5 ], 
					"rotationOrigin": [ 0.0, 9.0, 8.0 ],
					"rotationX": -1.628443907497612E-12,
					"rotationY": 3.413353627936079E-19,
					"rotationZ": 1.628443907497612E-12,
					"faces": {
						"north": { "texture": "#bricks", "uv": [ 0.0, 0.0, 6.0, 1.0 ], "enabled": false },
						"east": { "texture": "#bricks", "uv": [ 0.0, 6.0, 6.0, 7.0 ] },
						"south": { "texture": "#bricks", "uv": [ 10.0, 6.0, 16.0, 7.0 ] },
						"west": { "texture": "#bricks", "uv": [ 10.0, 6.0, 16.0, 7.0 ], "enabled": false },
						"up": { "texture": "#bricks", "uv": [ 0.0, 0.0, 6.0, 6.0 ], "enabled": false },
						"down": { "texture": "#bricks", "uv": [ 0.0, 0.0, 6.0, 6.0 ], "enabled": false }
					}
				},
				{
					"name": "Wall11",
					"from": [ 11.0, 10.0, 8.5 ], 
					"to": [ 16.0, 11.0, 13.5 ], 
					"rotationOrigin": [ 0.0, 10.0, 9.0 ],
					"rotationX": -1.628443907497612E-12,
					"rotationY": 3.413353627936079E-19,
					"rotationZ": 1.628443907497612E-12,
					"faces": {
						"north": { "texture": "#bricks", "uv": [ 0.0, 0.0, 5.0, 1.0 ], "enabled": false },
						"east": { "texture": "#bricks", "uv": [ 0.0, 5.0, 5.0, 6.0 ] },
						"south": { "texture": "#bricks", "uv": [ 11.0, 5.0, 16.0, 6.0 ] },
						"west": { "texture": "#bricks", "uv": [ 11.0, 5.0, 16.0, 6.0 ], "enabled": false },
						"up": { "texture": "#bricks", "uv": [ 0.0, 0.0, 5.0, 5.0 ], "enabled": false },
						"down": { "texture": "#bricks", "uv": [ 0.0, 0.0, 5.0, 5.0 ], "enabled": false }
					}
				},
				{
					"name": "Wall12",
					"from": [ 12.0, 11.0, 9.5 ], 
					"to": [ 16.0, 12.0, 13.5 ], 
					"rotationOrigin": [ 0.0, 11.0, 10.0 ],
					"rotationX": -1.628443907497612E-12,
					"rotationY": 3.413353627936079E-19,
					"rotationZ": 1.628443907497612E-12,
					"faces": {
						"north": { "texture": "#bricks", "uv": [ 0.0, 0.0, 4.0, 1.0 ], "enabled": false },
						"east": { "texture": "#bricks", "uv": [ 0.0, 4.0, 4.0, 5.0 ] },
						"south": { "texture": "#bricks", "uv": [ 12.0, 4.0, 16.0, 5.0 ] },
						"west": { "texture": "#bricks", "uv": [ 12.0, 4.0, 16.0, 5.0 ], "enabled": false },
						"up": { "texture": "#bricks", "uv": [ 0.0, 0.0, 4.0, 4.0 ], "enabled": false },
						"down": { "texture": "#bricks", "uv": [ 0.0, 0.0, 4.0, 4.0 ], "enabled": false }
					}
				},
				{
					"name": "Wall13",
					"from": [ 13.0, 12.0, 10.5 ], 
					"to": [ 16.0, 13.0, 13.5 ], 
					"rotationOrigin": [ 0.0, 12.0, 11.0 ],
					"rotationX": -1.628443907497612E-12,
					"rotationY": 3.413353627936079E-19,
					"rotationZ": 1.628443907497612E-12,
					"faces": {
						"north": { "texture": "#bricks", "uv": [ 0.0, 0.0, 3.0, 1.0 ], "enabled": false },
						"east": { "texture": "#bricks", "uv": [ 0.0, 3.0, 3.0, 4.0 ] },
						"south": { "texture": "#bricks", "uv": [ 13.0, 3.0, 16.0, 4.0 ] },
						"west": { "texture": "#bricks", "uv": [ 13.0, 3.0, 16.0, 4.0 ], "enabled": false },
						"up": { "texture": "#bricks", "uv": [ 0.0, 0.0, 3.0, 3.0 ], "enabled": false },
						"down": { "texture": "#bricks", "uv": [ 0.0, 0.0, 3.0, 3.0 ], "enabled": false }
					}
				},
				{
					"name": "Wall14",
					"from": [ 15.0, 13.0, 12.5 ], 
					"to": [ 16.0, 14.0, 13.5 ], 
					"rotationOrigin": [ 0.0, 13.0, 13.0 ],
					"rotationX": -1.628443907497612E-12,
					"rotationY": 3.413353627936079E-19,
					"rotationZ": 1.628443907497612E-12,
					"faces": {
						"north": { "texture": "#bricks", "uv": [ 0.0, 0.0, 1.0, 1.0 ], "enabled": false },
						"east": { "texture": "#bricks", "uv": [ 0.0, 3.0, 1.0, 4.0 ] },
						"south": { "texture": "#bricks", "uv": [ 15.0, 3.0, 16.0, 4.0 ] },
						"west": { "texture": "#bricks", "uv": [ 15.0, 2.0, 16.0, 3.0 ] },
						"up": { "texture": "#bricks", "uv": [ 0.0, 0.0, 1.0, 1.0 ], "enabled": false },
						"down": { "texture": "#bricks", "uv": [ 0.0, 0.0, 1.0, 1.0 ], "enabled": false }
					}
				}
			]
		},
		{
			"name": "Insides",
			"from": [ 0.0, 0.3, 15.1 ], 
			"to": [ 0.0, 0.3, 15.1 ], 
			"rotationOrigin": [ 0.0, -0.0101, 15.4 ],
			"rotationX": -44.99999028471095,
			"faces": {
				"north": { "texture": "#bricks", "uv": [ 0.0, 0.0, 0.5, 0.5 ], "enabled": false },
				"east": { "texture": "#bricks", "uv": [ 0.0, 0.0, 0.5, 0.5 ], "enabled": false },
				"south": { "texture": "#bricks", "uv": [ 0.0, 0.0, 0.5, 0.5 ], "enabled": false },
				"west": { "texture": "#bricks", "uv": [ 0.0, 0.0, 0.5, 0.5 ], "enabled": false },
				"up": { "texture": "#bricks", "uv": [ 0.0, 0.0, 0.5, 0.5 ], "enabled": false },
				"down": { "texture": "#bricks", "uv": [ 0.0, 0.0, 0.5, 0.5 ], "enabled": false }
			},
			"children": [
				{
					"name": "Inside 1",
					"from": [ 0.0, 0.0, 0.0 ], 
					"to": [ 2.0, 19.0, 0.0 ], 
					"rotationOrigin": [ 0.5, -0.4, -1.0 ],
					"rotationX": -1.7075471987482165E-6,
					"faces": {
						"north": { "texture": "#log", "uv": [ 0.0, 1.0, 16.0, 2.5 ], "rotation": 90, "enabled": false, "autoUv": false },
						"east": { "texture": "#log", "uv": [ 0.0, 1.0, 16.0, 2.5 ], "rotation": 90, "enabled": false, "autoUv": false },
						"south": { "texture": "#log", "uv": [ 0.0, 0.0, 16.0, 2.0 ], "rotation": 90, "autoUv": false },
						"west": { "texture": "#log", "uv": [ 0.0, 1.5, 16.0, 3.0 ], "rotation": 90, "enabled": false, "autoUv": false },
						"up": { "texture": "#log", "uv": [ 14.0, 14.0, 16.0, 16.0 ], "enabled": false, "autoUv": false },
						"down": { "texture": "#log", "uv": [ 14.0, 14.0, 16.0, 16.0 ], "enabled": false, "autoUv": false }
					}
				},
				{
					"name": "Inside 2",
					"from": [ 2.0, 0.0, 0.0 ], 
					"to": [ 4.0, 16.5, 0.0 ], 
					"rotationOrigin": [ 2.5, -0.4, -1.0 ],
					"rotationX": -1.7075471987482165E-6,
					"faces": {
						"north": { "texture": "#log", "uv": [ 0.0, 1.0, 16.0, 2.5 ], "rotation": 90, "enabled": false, "autoUv": false },
						"east": { "texture": "#log", "uv": [ 0.0, 1.0, 16.0, 2.5 ], "rotation": 90, "enabled": false, "autoUv": false },
						"south": { "texture": "#log", "uv": [ 0.0, 2.0, 16.0, 4.0 ], "rotation": 90, "autoUv": false },
						"west": { "texture": "#log", "uv": [ 0.0, 1.5, 16.0, 3.0 ], "rotation": 90, "enabled": false, "autoUv": false },
						"up": { "texture": "#log", "uv": [ 14.0, 14.0, 16.0, 16.0 ], "enabled": false, "autoUv": false },
						"down": { "texture": "#log", "uv": [ 14.0, 14.0, 16.0, 16.0 ], "enabled": false, "autoUv": false }
					}
				},
				{
					"name": "Inside 3",
					"from": [ 4.0, 0.0, 0.0 ], 
					"to": [ 6.0, 13.5, 0.0 ], 
					"rotationOrigin": [ 4.5, -0.4, -1.0 ],
					"rotationX": -1.7075471987482165E-6,
					"faces": {
						"north": { "texture": "#log", "uv": [ 0.0, 1.0, 16.0, 2.5 ], "rotation": 90, "enabled": false, "autoUv": false },
						"east": { "texture": "#log", "uv": [ 0.0, 1.0, 16.0, 2.5 ], "rotation": 90, "enabled": false, "autoUv": false },
						"south": { "texture": "#log", "uv": [ 0.0, 4.0, 13.5, 6.0 ], "rotation": 90 },
						"west": { "texture": "#log", "uv": [ 0.0, 1.5, 16.0, 3.0 ], "rotation": 90, "enabled": false, "autoUv": false },
						"up": { "texture": "#log", "uv": [ 14.0, 14.0, 16.0, 16.0 ], "enabled": false, "autoUv": false },
						"down": { "texture": "#log", "uv": [ 14.0, 14.0, 16.0, 16.0 ], "enabled": false, "autoUv": false }
					}
				},
				{
					"name": "Inside 4",
					"from": [ 6.0, 0.0, 0.0 ], 
					"to": [ 8.0, 10.7, 0.0 ], 
					"rotationOrigin": [ 6.5, -0.4, -1.0 ],
					"rotationX": -1.7075471987482165E-6,
					"faces": {
						"north": { "texture": "#log", "uv": [ 0.0, 1.0, 16.0, 2.5 ], "rotation": 90, "enabled": false, "autoUv": false },
						"east": { "texture": "#log", "uv": [ 0.0, 1.0, 16.0, 2.5 ], "rotation": 90, "enabled": false, "autoUv": false },
						"south": { "texture": "#log", "uv": [ 0.0, 6.0, 10.5, 8.0 ], "rotation": 90 },
						"west": { "texture": "#log", "uv": [ 0.0, 1.5, 16.0, 3.0 ], "rotation": 90, "enabled": false, "autoUv": false },
						"up": { "texture": "#log", "uv": [ 14.0, 14.0, 16.0, 16.0 ], "enabled": false, "autoUv": false },
						"down": { "texture": "#log", "uv": [ 14.0, 14.0, 16.0, 16.0 ], "enabled": false, "autoUv": false }
					}
				},
				{
					"name": "Inside 5",
					"from": [ 8.0, 0.0, 0.0 ], 
					"to": [ 10.0, 8.0, 0.0 ], 
					"rotationOrigin": [ 8.5, -0.4, -1.0 ],
					"rotationX": -1.7075471987482165E-6,
					"faces": {
						"north": { "texture": "#log", "uv": [ 0.0, 1.0, 16.0, 2.5 ], "rotation": 90, "enabled": false, "autoUv": false },
						"east": { "texture": "#log", "uv": [ 0.0, 1.0, 8.0, 1.5 ], "rotation": 90, "enabled": false, "autoUv": false },
						"south": { "texture": "#log", "uv": [ 0.0, 8.0, 8.0, 10.0 ], "rotation": 90 },
						"west": { "texture": "#log", "uv": [ 0.0, 1.5, 16.0, 3.0 ], "rotation": 90, "enabled": false, "autoUv": false },
						"up": { "texture": "#log", "uv": [ 14.0, 14.0, 16.0, 16.0 ], "enabled": false, "autoUv": false },
						"down": { "texture": "#log", "uv": [ 14.0, 14.0, 16.0, 16.0 ], "enabled": false, "autoUv": false }
					}
				},
				{
					"name": "Inside 6",
					"from": [ 10.0, 0.0, 0.0 ], 
					"to": [ 12.0, 5.0, 0.0 ], 
					"rotationOrigin": [ 10.5, -0.4, -1.0 ],
					"rotationX": -1.7075471987482165E-6,
					"faces": {
						"north": { "texture": "#log", "uv": [ 0.0, 1.0, 16.0, 2.5 ], "rotation": 90, "enabled": false, "autoUv": false },
						"east": { "texture": "#log", "uv": [ 0.0, 1.0, 5.0, 1.5 ], "rotation": 90, "enabled": false, "autoUv": false },
						"south": { "texture": "#log", "uv": [ 0.0, 10.0, 5.0, 12.0 ], "rotation": 90 },
						"west": { "texture": "#log", "uv": [ 0.0, 1.5, 16.0, 3.0 ], "rotation": 90, "enabled": false, "autoUv": false },
						"up": { "texture": "#log", "uv": [ 14.0, 14.0, 16.0, 16.0 ], "enabled": false, "autoUv": false },
						"down": { "texture": "#log", "uv": [ 14.0, 14.0, 16.0, 16.0 ], "enabled": false, "autoUv": false }
					}
				},
				{
					"name": "Inside 7",
					"from": [ 12.0, 0.0, 0.0 ], 
					"to": [ 14.0, 3.0, 0.0 ], 
					"rotationOrigin": [ 12.5, -0.4, -1.0 ],
					"rotationX": -1.7075471987482165E-6,
					"faces": {
						"north": { "texture": "#log", "uv": [ 0.0, 1.0, 16.0, 2.5 ], "rotation": 90, "enabled": false, "autoUv": false },
						"east": { "texture": "#log", "uv": [ 0.0, 1.0, 16.0, 2.5 ], "rotation": 90, "enabled": false, "autoUv": false },
						"south": { "texture": "#log", "uv": [ 0.0, 12.0, 3.0, 14.0 ], "rotation": 90 },
						"west": { "texture": "#log", "uv": [ 0.0, 1.5, 16.0, 3.0 ], "rotation": 90, "enabled": false, "autoUv": false },
						"up": { "texture": "#log", "uv": [ 14.0, 14.0, 16.0, 16.0 ], "enabled": false, "autoUv": false },
						"down": { "texture": "#log", "uv": [ 14.0, 14.0, 16.0, 16.0 ], "enabled": false, "autoUv": false }
					}
				}
			]
		},
		{
			"name": "Insides 2",
			"from": [ 15.4, 0.2, -0.16 ], 
			"to": [ 15.4, 0.2, -0.16 ], 
			"rotationOrigin": [ 15.0, 0.5, -0.5757 ],
			"rotationX": 90.0,
			"rotationY": -45.0,
			"rotationZ": 90.0,
			"faces": {
				"north": { "texture": "#bricks", "uv": [ 0.0, 0.0, 0.5, 0.5 ], "enabled": false },
				"east": { "texture": "#bricks", "uv": [ 0.0, 0.0, 0.5, 0.5 ], "enabled": false },
				"south": { "texture": "#bricks", "uv": [ 0.0, 0.0, 0.5, 0.5 ], "enabled": false },
				"west": { "texture": "#bricks", "uv": [ 0.0, 0.0, 0.5, 0.5 ], "enabled": false },
				"up": { "texture": "#bricks", "uv": [ 0.0, 0.0, 0.5, 0.5 ], "enabled": false },
				"down": { "texture": "#bricks", "uv": [ 0.0, 0.0, 0.5, 0.5 ], "enabled": false }
			},
			"children": [
				{
					"name": "Inside 73",
					"from": [ 0.0, 0.0, 0.0 ], 
					"to": [ 2.0, 19.0, 0.0 ], 
					"rotationOrigin": [ 0.5, -0.4, -1.0 ],
					"rotationX": -1.7075471987482165E-6,
					"faces": {
						"north": { "texture": "#log", "uv": [ 0.0, 0.0, 16.0, 2.0 ], "rotation": 90, "autoUv": false },
						"east": { "texture": "#log", "uv": [ 0.0, 1.0, 16.0, 2.5 ], "rotation": 90, "enabled": false, "autoUv": false },
						"south": { "texture": "#log", "uv": [ 0.0, 0.0, 16.0, 2.0 ], "rotation": 90, "enabled": false, "autoUv": false },
						"west": { "texture": "#log", "uv": [ 0.0, 1.5, 16.0, 3.0 ], "rotation": 90, "enabled": false, "autoUv": false },
						"up": { "texture": "#log", "uv": [ 14.0, 14.0, 16.0, 16.0 ], "enabled": false, "autoUv": false },
						"down": { "texture": "#log", "uv": [ 14.0, 14.0, 16.0, 16.0 ], "enabled": false, "autoUv": false }
					}
				},
				{
					"name": "Inside 74",
					"from": [ 2.0, 0.0, 0.0 ], 
					"to": [ 4.0, 16.5, 0.0 ], 
					"rotationOrigin": [ 2.5, -0.4, -1.0 ],
					"rotationX": -1.7075471987482165E-6,
					"faces": {
						"north": { "texture": "#log", "uv": [ 0.0, 2.0, 16.0, 4.0 ], "rotation": 90, "autoUv": false },
						"east": { "texture": "#log", "uv": [ 0.0, 1.0, 16.0, 2.5 ], "rotation": 90, "enabled": false, "autoUv": false },
						"south": { "texture": "#log", "uv": [ 0.0, 2.0, 16.0, 4.0 ], "rotation": 90, "enabled": false, "autoUv": false },
						"west": { "texture": "#log", "uv": [ 0.0, 1.5, 16.0, 3.0 ], "rotation": 90, "enabled": false, "autoUv": false },
						"up": { "texture": "#log", "uv": [ 14.0, 14.0, 16.0, 16.0 ], "enabled": false, "autoUv": false },
						"down": { "texture": "#log", "uv": [ 14.0, 14.0, 16.0, 16.0 ], "enabled": false, "autoUv": false }
					}
				},
				{
					"name": "Inside 75",
					"from": [ 4.0, 0.0, 0.0 ], 
					"to": [ 6.0, 13.5, 0.0 ], 
					"rotationOrigin": [ 4.5, -0.4, -1.0 ],
					"rotationX": -1.7075471987482165E-6,
					"faces": {
						"north": { "texture": "#log", "uv": [ 0.0, 4.0, 13.5, 6.0 ], "rotation": 90 },
						"east": { "texture": "#log", "uv": [ 0.0, 1.0, 16.0, 2.5 ], "rotation": 90, "enabled": false, "autoUv": false },
						"south": { "texture": "#log", "uv": [ 0.0, 4.0, 13.5, 6.0 ], "rotation": 90, "enabled": false },
						"west": { "texture": "#log", "uv": [ 0.0, 1.5, 16.0, 3.0 ], "rotation": 90, "enabled": false, "autoUv": false },
						"up": { "texture": "#log", "uv": [ 14.0, 14.0, 16.0, 16.0 ], "enabled": false, "autoUv": false },
						"down": { "texture": "#log", "uv": [ 14.0, 14.0, 16.0, 16.0 ], "enabled": false, "autoUv": false }
					}
				},
				{
					"name": "Inside 76",
					"from": [ 6.0, 0.0, 0.0 ], 
					"to": [ 8.0, 10.7, 0.0 ], 
					"rotationOrigin": [ 6.5, -0.4, -1.0 ],
					"rotationX": -1.7075471987482165E-6,
					"faces": {
						"north": { "texture": "#log", "uv": [ 0.0, 6.0, 10.5, 8.0 ], "rotation": 90 },
						"east": { "texture": "#log", "uv": [ 0.0, 1.0, 16.0, 2.5 ], "rotation": 90, "enabled": false, "autoUv": false },
						"south": { "texture": "#log", "uv": [ 0.0, 6.0, 10.5, 8.0 ], "rotation": 90, "enabled": false },
						"west": { "texture": "#log", "uv": [ 0.0, 1.5, 16.0, 3.0 ], "rotation": 90, "enabled": false, "autoUv": false },
						"up": { "texture": "#log", "uv": [ 14.0, 14.0, 16.0, 16.0 ], "enabled": false, "autoUv": false },
						"down": { "texture": "#log", "uv": [ 14.0, 14.0, 16.0, 16.0 ], "enabled": false, "autoUv": false }
					}
				},
				{
					"name": "Inside 77",
					"from": [ 8.0, 0.0, 0.0 ], 
					"to": [ 10.0, 8.0, 0.0 ], 
					"rotationOrigin": [ 8.5, -0.4, -1.0 ],
					"rotationX": -1.7075471987482165E-6,
					"faces": {
						"north": { "texture": "#log", "uv": [ 0.0, 8.0, 8.0, 10.0 ], "rotation": 90 },
						"east": { "texture": "#log", "uv": [ 0.0, 1.0, 8.0, 1.5 ], "rotation": 90, "enabled": false, "autoUv": false },
						"south": { "texture": "#log", "uv": [ 0.0, 8.0, 8.0, 10.0 ], "rotation": 90, "enabled": false },
						"west": { "texture": "#log", "uv": [ 0.0, 1.5, 16.0, 3.0 ], "rotation": 90, "enabled": false, "autoUv": false },
						"up": { "texture": "#log", "uv": [ 14.0, 14.0, 16.0, 16.0 ], "enabled": false, "autoUv": false },
						"down": { "texture": "#log", "uv": [ 14.0, 14.0, 16.0, 16.0 ], "enabled": false, "autoUv": false }
					}
				},
				{
					"name": "Inside 78",
					"from": [ 10.0, 0.0, 0.0 ], 
					"to": [ 12.0, 5.0, 0.0 ], 
					"rotationOrigin": [ 10.5, -0.4, -1.0 ],
					"rotationX": -1.7075471987482165E-6,
					"faces": {
						"north": { "texture": "#log", "uv": [ 0.0, 10.0, 5.0, 12.0 ], "rotation": 90 },
						"east": { "texture": "#log", "uv": [ 0.0, 1.0, 5.0, 1.5 ], "rotation": 90, "enabled": false, "autoUv": false },
						"south": { "texture": "#log", "uv": [ 0.0, 10.0, 5.0, 12.0 ], "rotation": 90, "enabled": false },
						"west": { "texture": "#log", "uv": [ 0.0, 1.5, 16.0, 3.0 ], "rotation": 90, "enabled": false, "autoUv": false },
						"up": { "texture": "#log", "uv": [ 14.0, 14.0, 16.0, 16.0 ], "enabled": false, "autoUv": false },
						"down": { "texture": "#log", "uv": [ 14.0, 14.0, 16.0, 16.0 ], "enabled": false, "autoUv": false }
					}
				},
				{
					"name": "Inside 79",
					"from": [ 12.0, 0.0, 0.0 ], 
					"to": [ 14.0, 3.0, 0.0 ], 
					"rotationOrigin": [ 12.5, -0.4, -1.0 ],
					"rotationX": -1.7075471987482165E-6,
					"faces": {
						"north": { "texture": "#log", "uv": [ 0.0, 12.0, 3.0, 14.0 ], "rotation": 90 },
						"east": { "texture": "#log", "uv": [ 0.0, 1.0, 16.0, 2.5 ], "rotation": 90, "enabled": false, "autoUv": false },
						"south": { "texture": "#log", "uv": [ 0.0, 12.0, 3.0, 14.0 ], "rotation": 90, "enabled": false },
						"west": { "texture": "#log", "uv": [ 0.0, 1.5, 16.0, 3.0 ], "rotation": 90, "enabled": false, "autoUv": false },
						"up": { "texture": "#log", "uv": [ 14.0, 14.0, 16.0, 16.0 ], "enabled": false, "autoUv": false },
						"down": { "texture": "#log", "uv": [ 14.0, 14.0, 16.0, 16.0 ], "enabled": false, "autoUv": false }
					}
				}
			]
		}
	]}