﻿{
	code: "tincan",
	behaviors: [
		{ name: "SneakPlacing"}, 
		{ name: "UnstableFalling", properties: { attachmentArea: { x1: 5, y1: 0, z1: 5, x2: 10, y2: 0, z2: 10 } }}, 
		{ name: "RightClickPickup"} 
	],
	variantgroups: [
		{ code:"type", states: ["open"] },
	],
	attributesByType: {
		"*-open": {
			shelvable: true,
			mealContainer: true,
			mealBlockCode: "tincan-sealed",
			servingCapacity: 1,
			bowlContents: null,
		},

		"*": {
			shelvable: true,
			bowlContents: null
		}
	},
	"__comment": "BlockBowl handles emptying/filling of honey over the bucket.",
	class: "BlockBowl",
	shapeByType: {

		"*": { base: "game:block/can-open" },
	},
	blockmaterial: "Ceramic",
	creativeinventory: { "general": ["*"], "decorative": ["*"] },
	replaceable: 300,
	resistance: 0.75,
	maxStackSizeByType: {
		"*": 64,
	},
	lightAbsorption: 0,
	texturesByType: {
		"*": { 
			all: { base: "block/tincan" },
			
		},
		
	},
	sounds: {
		walk: "walk/stone",
	},
	sideopaque: {
		all: false
	},
	sidesolid: {
		all: false
	},
	collisionbox: { x1: 0.3125, y1: 0, z1: 0.3125, x2: 0.6875, y2: 0.125, z2: 0.6875 },
	selectionbox: { x1: 0.3125, y1: 0, z1: 0.3125, x2: 0.6875, y2: 0.125, z2: 0.6875 },
	guiTransform: {
		translation: { x: 0, y: 3, z: 0 },
		origin: { x: 0.5, y: 0.0625, z: 0.5 },
		scale: 3
	},
	groundTransform: {
		scale: 3.5
	},
	fpHandTransform: {
		translation: { x: 0, y: 0.4, z: 0 },
		rotation: { x: 0, y: -14, z: 0 },
		scale: 2
	},
	tpHandTransform: {
		translation: { x: -0.9, y: -0.1, z: -0.8 },
		rotation: { x: 0, y: -56, z: 0 },
		origin: { x: 0.5, y: 0.1, z: 0.5 },
		scale: 0.66
	},
	
}