﻿{
	code: "tincan-sealed",
	behaviors: [
		{ name: "UnstableFalling", properties: { attachmentArea: { x1: 5, y1: 0, z1: 5, x2: 10, y2: 0, z2: 10 } }}, 
	],
	class: "BlockMeal",
	attributes: {
		shelvable: true,
		eatenBlock: "tincan-open",
		handleCookingContainerInteract: false,
		spoilSpeedMulByFoodCat: {
          "normal": {
            "vegetable": 0.07,
            "grain": 0.05,
			"other" : 0.05
          }
        }
	},
	entityClass: "Meal",
	heldTpIdleAnimation: "holdbothhands",
	shape: { base: "block/can-sealed" },

	blockmaterial: "Ceramic",
	creativeinventory: { "general": [""], "decorative": [""] },
	replaceable: 300,
	resistance: 0.75,
	maxStackSize: 4,
	lightAbsorption: 0,
	sounds: {
		walk: "walk/stone",
	},

	sideopaque: {
		all: false
	},
	sidesolid: {
		all: false
	},
	collisionbox: { x1: 0.3125, y1: 0, z1: 0.3125, x2: 0.6875, y2: 0.125, z2: 0.6875 },
	selectionbox: { x1: 0.3125, y1: 0, z1: 0.3125, x2: 0.6875, y2: 0.125, z2: 0.6875 },
	guiTransform: {
		translation: { x: 0, y: 3, z: 0 },
		origin: { x: 0.5, y: 0.0625, z: 0.5 },
		scale: 3
	},
	groundTransform: {
		scale: 3.5
	},
	fpHandTransform: {
		translation: { x: 0, y: 0.4, z: 0 },
		rotation: { x: 0, y: -14, z: 0 },
		scale: 2
	},
	tpHandTransform: {
		translation: { x: -0.84, y: -0.2, z: -0.58 },
		rotation: { x: 90, y: 0, z: -60 },
		origin: { x: 0.5, y: 0.1, z: 0.5 },
		scale: 0.66
	}
}