{
	"__comment": "Loads a slope block from an .obj model",
	code: "objtest",
	entityClass: "Generic",
	enabled: true,
	behaviors: [{name: "HorizontalOrientable"}],
	"entityBehaviors": [
    {
      "name": "BEBProceduralAnimator"
    }
  ],
	
	variantgroups: [
		{ code:"side", loadFromProperties: "abstract/horizontalorientation" }
	],	
	creativeinventory: { "qptech": ["*-north"] },
	shape: {
		format: "obj", 
		base: "block/cuttingmachine", 
		rotateYByType: {
			"*-north": 0,
			"*-east": 270,
			"*-south": 180,
			"*-west": 90
		}
	},
	textures: {
		obj: { base: "block/metal/bluepaintedwornsteelplate" }
	},
	blockmaterial: "Ceramic",
	replaceable: 900,
	lightAbsorption: 0,
	resistance: 0.25,
	sideopaque: {
		all: false
	},
	sounds: {
		walk: "walk/stone",
		place: "block/ceramicplace"
	}
}