{
	"code": "electricforge",
	"class": "BlockEForge",
	"entityclass": "BEEForge",
	"creativeinventory": {
		"general": [ "*-east" ],
		"qptech": [ "*-east" ]
	},
	"variantgroups": [
		{
			"code": "type",
			"states": [ "lv" ]
		},
		{
			"code": "side",
			"loadFromProperties": "abstract/horizontalorientation"
		}
	],
	"behaviors": [

		{
			"name": "HorizontalOrientable",
			"properties": { "dropBlockFace": "east" }
		}
	],
	"attributes": {
		"maxFlux": 4,
		"capacitance": 4,
		"requiredFlux": 1,
		"maxHeat": 1000,
		"degreesPerHour": 1500,
		"maxItems": 2,
		"stackRenderHeight": 0.1,
		"unloadable": true,
		"receptionFaces": [ "north", "east", "west", "south", "down" ],
		"pushFaces": [ "north", "east", "west", "south", "down" ]
	},
	"blockmaterial": "Metal",
	"drawtype": "json",

	"shape": { "base": "block/metal/electric/forge-lv" },
	"shapeByType": {
		"*-north": {
			"base": "block/metal/electric/forge-lv",
			"rotateY": 0
		},
		"*-east": {
			"base": "block/metal/electric/forge-lv",
			"rotateY": 270
		},
		"*-west": {
			"base": "block/metal/electric/forge-lv",
			"rotateY": 90
		},
		"*-south": {
			"base": "block/metal/electric/forge-lv",
			"rotateY": 180
		}
	},
	"textures": {
		"wires": { "base": "block/metal/wires/tin-wires" },
		"castiron": { "base": "block/castiron" },
		"machinery-back": { "base": "block/metal/generator/machinery-back" },
		"machinery-border-small": { "base": "block/metal/generator/machinery-border-small" }
	},
	"lightAbsorption": 0,
	"resistance": 1,
	"sideAo": { "all": false },
	"sidesolid": {
		"all": false
	},
	"sideopaque": {
		"all": false
	},
	"sounds": {
		"place": "game:block/anvil",
		"walk": "game:walk/stone"
	},
	"selectionBox": {
		"x1": 0,
		"y1": 0,
		"z1": 0,
		"x2": 1,
		"y2": 0.75,
		"z2": 1
	}

}