{
	"code": "logsplitter",
	"class": "ElectricalBlock",
	"entityclass": "BEEMacerator",
	"creativeinventory": {
		"general": [ "*-east" ],
		"qptech": [ "*-east" ]
	},
	"entityBehaviors": [ { "name": "Animatable" } ],
	"behaviors": [

		{
			"name": "HorizontalOrientable",
			"properties": { "dropBlockFace": "east" }
		}
	],
	"variantgroups": [
		{
			"code": "class",
			"states": [ "lv" ]
		},
		{
			"code": "side",
			"loadFromProperties": "abstract/horizontalorientation"
		}
	],

	"attributesbytype": {

		"*-lv-*": {
			"maxFlux": 10,
			"inputFace": "west",
			"outputFace": "east",
			"capacitance": 10,
			"requiredFlux": 1,
			"processingTicks": 5,
			"machinename": "logsplitter",
			"showFluxDisplay": true
		}
	},

	"blockmaterial": "Metal",
	"drawtype": "json",
	"shape": { "base": "block/metal/electric/logsplitter" },
	"shapeByType": {
		"*-north": {
			"base": "block/metal/electric/logsplitter",
			"rotateY": 0
		},
		"*-east": {
			"base": "block/metal/electric/logsplitter",
			"rotateY": 270
		},
		"*-west": {
			"base": "block/metal/electric/logsplitter",
			"rotateY": 90
		},
		"*-south": {
			"base": "block/metal/electric/logsplitter",
			"rotateY": 180
		}
	},
	"resistance": 1,
	"sideopaque": {
		"all": false
	},
	"fpHandTransform": {
		"rotation": {
			"x": 53,
			"y": 46,
			"z": 0
		},
		"scale": 1.28
	},
	"sounds": {
		"place": "game:block/anvil",
		"walk": "game:walk/stone"
	}


}