{
	"code": "siding",
	"creativeinventory": {
		"general": [ "*" ],
		"modernblocks": [ "*" ]
	},
	"variantgroups": [
		{
			"code": "type",
			"states": ["rolldoor","smooth"]
		},
		{
			"code": "color",
			"states": [ "blue","yellow","red","white","gray","black" ]
		}

	],
	"maxStackSize": 128,
	"blockmaterial": "Metal",
	"drawtype": "Cube",
	"texturesByType": {

		"*": {
			"all": { "base": "block/siding-{type}-{color}" }
			
		}
		
	},
	"resistance": 1,
	"sounds": {
		"place": "game:block/metal",
		"walk": "game:walk/metal"
	}
}