{
	"editor": {
		"allAngles": false,
		"entityTextureMode": false
	},
	"textureWidth": 16,
	"textureHeight": 16,
	"textureSizes": {
	},
	"textures": {
		"0": "C:/Users/andy-/AppData/Roaming/Vintagestory/assets/survival/textures/block/wood/crate/normal",
		"bricks": "C:/Users/andy-/AppData/Roaming/Vintagestory/assets/survival/textures/block/stone/brick/granite1",
		"1": "C:/Users/andy-/AppData/Roaming/Vintagestory/assets/survival/textures/block/wood/crate/wall-inside",
		"2": "C:/Users/andy-/AppData/Roaming/Vintagestory/assets/survival/textures/block/wood/crate/floor-inside",
		"3": "C:/Users/andy-/AppData/Roaming/Vintagestory/assets/survival/textures/block/wood/crate/east",
		"log": "C:/Users/andy-/AppData/Roaming/Vintagestory/assets/survival/textures/block/wood/firepit/log",
		"shingles": "C:/Users/andy-/AppData/Roaming/Vintagestory/assets/survival/textures/block/clay/shingles/red"
	},
	"elements": [
		{
			"name": "Main",
			"from": [ 0.0, 0.0, 0.0 ], 
			"to": [ 0.0, 0.0, 0.0 ], 
			"rotationOrigin": [ 8.0, 8.0, 8.0 ],
			"faces": {
				"north": { "texture": "#0", "uv": [ 0.0, 0.0, 0.5, 0.5 ], "enabled": false },
				"east": { "texture": "#0", "uv": [ 0.0, 0.0, 0.5, 0.5 ], "enabled": false },
				"south": { "texture": "#0", "uv": [ 0.0, 0.0, 0.5, 0.5 ], "enabled": false },
				"west": { "texture": "#0", "uv": [ 0.0, 0.0, 0.5, 0.5 ], "enabled": false },
				"up": { "texture": "#0", "uv": [ 0.0, 0.0, 0.5, 0.5 ], "enabled": false },
				"down": { "texture": "#0", "uv": [ 0.0, 0.0, 0.5, 0.5 ], "enabled": false }
			},
			"children": [
				{
					"name": "Middle",
					"from": [ 1.0, 0.0, 7.5 ], 
					"to": [ 15.0, 11.0, 8.0 ], 
					"rotationOrigin": [ 1.0, 0.0, 7.0 ],
					"faces": {
						"north": { "texture": "#0", "uv": [ 1.0, 0.0, 15.0, 11.0 ] },
						"east": { "texture": "#0", "uv": [ 0.0, 0.0, 0.5, 11.0 ], "enabled": false },
						"south": { "texture": "#0", "uv": [ 1.0, 0.0, 15.0, 11.0 ] },
						"west": { "texture": "#0", "uv": [ 0.0, 0.0, 0.5, 11.0 ], "enabled": false },
						"up": { "texture": "#0", "uv": [ 0.0, 0.0, 16.0, 0.5 ], "autoUv": false },
						"down": { "texture": "#0", "uv": [ 0.0, 0.0, 14.0, 0.5 ], "enabled": false }
					}
				},
				{
					"name": "Wood support 1",
					"from": [ 4.9955, 1.0, 13.9983 ], 
					"to": [ 5.9955, 23.3, 15.9983 ], 
					"rotationOrigin": [ 5.0, 0.0, 14.0 ],
					"rotationX": 3.0,
					"rotationY": 90.0,
					"faces": {
						"north": { "texture": "#log", "uv": [ 0.0, 1.0, 16.0, 2.5 ], "rotation": 90, "autoUv": false },
						"east": { "texture": "#log", "uv": [ 0.0, 1.0, 16.0, 2.5 ], "rotation": 90, "autoUv": false },
						"south": { "texture": "#log", "uv": [ 0.0, 3.0, 16.0, 4.5 ], "rotation": 90, "autoUv": false },
						"west": { "texture": "#log", "uv": [ 0.0, 1.5, 16.0, 3.0 ], "rotation": 90, "autoUv": false },
						"up": { "texture": "#log", "uv": [ 14.0, 14.0, 16.0, 16.0 ], "autoUv": false },
						"down": { "texture": "#log", "uv": [ 14.0, 14.0, 16.0, 16.0 ], "autoUv": false }
					}
				},
				{
					"name": "Bricks 25",
					"from": [ 9.0, 2.0, 8.0 ], 
					"to": [ 15.0, 4.0, 11.0 ], 
					"rotationOrigin": [ 8.0, 2.0, 7.0 ],
					"faces": {
						"north": { "texture": "#bricks", "uv": [ 0.0, 8.0, 16.0, 12.5 ], "autoUv": false },
						"east": { "texture": "#1", "uv": [ 0.0, 0.0, 3.0, 2.0 ], "enabled": false },
						"south": { "texture": "#1", "uv": [ 0.0, 15.0, 6.0, 17.0 ], "enabled": false },
						"west": { "texture": "#bricks", "uv": [ 0.0, 7.5, 8.0, 12.0 ], "autoUv": false },
						"up": { "texture": "#bricks", "uv": [ 0.0, 7.0, 16.0, 15.5 ], "autoUv": false },
						"down": { "texture": "#2", "uv": [ 1.0, 1.0, 4.0, 7.0 ], "rotation": 90, "enabled": false }
					},
					"children": [
						{
							"name": "Bricks 25",
							"from": [ 0.0, 2.0, 2.0 ], 
							"to": [ 6.0, 4.0, 5.0 ], 
							"rotationOrigin": [ -1.0, 2.0, 1.0 ],
							"faces": {
								"north": { "texture": "#bricks", "uv": [ 0.0, 8.0, 16.0, 12.5 ], "autoUv": false },
								"east": { "texture": "#1", "uv": [ 0.0, 0.0, 3.0, 2.0 ], "enabled": false },
								"south": { "texture": "#1", "uv": [ 0.0, 15.0, 6.0, 17.0 ], "enabled": false },
								"west": { "texture": "#bricks", "uv": [ 0.0, 7.5, 8.0, 11.5 ], "autoUv": false },
								"up": { "texture": "#bricks", "uv": [ 0.0, 7.0, 16.0, 15.5 ], "autoUv": false },
								"down": { "texture": "#2", "uv": [ 1.0, 1.0, 4.0, 7.0 ], "rotation": 90, "enabled": false }
							}
						},
						{
							"name": "Bricks 26",
							"from": [ 0.0, 0.0, 4.0 ], 
							"to": [ 6.0, 2.0, 7.0 ], 
							"rotationOrigin": [ -1.0, 0.0, 3.0 ],
							"faces": {
								"north": { "texture": "#bricks", "uv": [ 0.0, 8.0, 16.0, 12.5 ], "autoUv": false },
								"east": { "texture": "#1", "uv": [ 0.0, 0.0, 3.0, 2.0 ], "enabled": false },
								"south": { "texture": "#1", "uv": [ 0.0, 15.0, 6.0, 17.0 ], "enabled": false },
								"west": { "texture": "#bricks", "uv": [ 0.0, 7.5, 8.0, 11.5 ], "autoUv": false },
								"up": { "texture": "#bricks", "uv": [ 0.0, 7.0, 16.0, 15.5 ], "autoUv": false },
								"down": { "texture": "#2", "uv": [ 1.0, 1.0, 4.0, 7.0 ], "rotation": 90, "enabled": false }
							}
						}
					]
				},
				{
					"name": "Bricks 23",
					"from": [ 9.0, 10.8, 11.3 ], 
					"to": [ 15.0, 12.8, 14.3 ], 
					"rotationOrigin": [ 8.0, 10.0, 11.0 ],
					"rotationX": 22.5000003066977,
					"faces": {
						"north": { "texture": "#bricks", "uv": [ 0.0, 8.0, 16.0, 12.5 ], "autoUv": false },
						"east": { "texture": "#1", "uv": [ 0.0, 0.0, 3.0, 2.0 ], "enabled": false },
						"south": { "texture": "#1", "uv": [ 0.0, 15.0, 6.0, 17.0 ], "enabled": false },
						"west": { "texture": "#bricks", "uv": [ 0.0, 7.5, 8.0, 11.5 ], "autoUv": false },
						"up": { "texture": "#bricks", "uv": [ 0.0, 7.0, 16.0, 15.5 ], "autoUv": false },
						"down": { "texture": "#2", "uv": [ 1.0, 1.0, 4.0, 7.0 ], "rotation": 90, "enabled": false }
					}
				},
				{
					"name": "Bricks 1",
					"from": [ 9.0, 6.0, 8.0 ], 
					"to": [ 15.0, 8.0, 11.0 ], 
					"rotationOrigin": [ 8.0, 6.0, 7.0 ],
					"faces": {
						"north": { "texture": "#bricks", "uv": [ 0.0, 8.0, 16.0, 12.5 ], "autoUv": false },
						"east": { "texture": "#1", "uv": [ 0.0, 0.0, 3.0, 2.0 ], "enabled": false },
						"south": { "texture": "#1", "uv": [ 0.0, 15.0, 6.0, 17.0 ], "enabled": false },
						"west": { "texture": "#bricks", "uv": [ 0.0, 7.5, 8.0, 12.0 ], "autoUv": false },
						"up": { "texture": "#bricks", "uv": [ 0.0, 7.0, 16.0, 15.5 ], "autoUv": false },
						"down": { "texture": "#2", "uv": [ 1.0, 1.0, 4.0, 7.0 ], "rotation": 90, "enabled": false }
					},
					"children": [
						{
							"name": "Bricks 2",
							"from": [ 0.0, 2.0, 2.0 ], 
							"to": [ 6.0, 4.0, 5.0 ], 
							"rotationOrigin": [ -1.0, 2.0, 1.0 ],
							"faces": {
								"north": { "texture": "#bricks", "uv": [ 0.0, 8.0, 16.0, 12.5 ], "autoUv": false },
								"east": { "texture": "#1", "uv": [ 0.0, 0.0, 3.0, 2.0 ], "enabled": false },
								"south": { "texture": "#1", "uv": [ 0.0, 15.0, 6.0, 17.0 ], "enabled": false },
								"west": { "texture": "#bricks", "uv": [ 0.0, 7.5, 8.0, 11.5 ], "autoUv": false },
								"up": { "texture": "#bricks", "uv": [ 0.0, 7.0, 16.0, 15.5 ], "autoUv": false },
								"down": { "texture": "#2", "uv": [ 1.0, 1.0, 4.0, 7.0 ], "rotation": 90, "enabled": false }
							},
							"children": [
								{
									"name": "Bricks 24",
									"from": [ 0.0, -2.0, 2.0 ], 
									"to": [ 6.0, 0.0, 5.0 ], 
									"rotationOrigin": [ -1.0, -2.0, 1.0 ],
									"faces": {
										"north": { "texture": "#bricks", "uv": [ 0.0, 8.0, 16.0, 12.5 ], "autoUv": false },
										"east": { "texture": "#1", "uv": [ 0.0, 0.0, 3.0, 2.0 ], "enabled": false },
										"south": { "texture": "#1", "uv": [ 0.0, 15.0, 6.0, 17.0 ], "enabled": false },
										"west": { "texture": "#bricks", "uv": [ 0.0, 7.5, 8.0, 11.5 ], "autoUv": false },
										"up": { "texture": "#bricks", "uv": [ 0.0, 7.0, 16.0, 15.5 ], "autoUv": false },
										"down": { "texture": "#2", "uv": [ 1.0, 1.0, 4.0, 7.0 ], "rotation": 90, "enabled": false }
									}
								}
							]
						}
					]
				},
				{
					"name": "Roofs",
					"from": [ 1.0, 6.0, 1.0 ], 
					"to": [ 15.0, 7.0, 8.0 ], 
					"rotationOrigin": [ 0.0, 6.0, 0.0 ],
					"faces": {
						"north": { "texture": "#shingles", "uv": [ 0.0, 15.0, 14.0, 15.5 ], "enabled": false },
						"east": { "texture": "#1", "uv": [ 0.0, 0.0, 7.0, 0.5 ], "enabled": false },
						"south": { "texture": "#1", "uv": [ 0.0, 15.0, 14.0, 15.5 ], "enabled": false },
						"west": { "texture": "#1", "uv": [ 0.0, 2.0, 7.0, 2.5 ], "enabled": false },
						"up": { "texture": "#shingles", "uv": [ 1.0, 1.0, 15.0, 8.0 ] },
						"down": { "texture": "#2", "uv": [ 1.0, 1.0, 8.0, 15.0 ], "rotation": 90, "enabled": false }
					},
					"children": [
						{
							"name": "Roofs ",
							"from": [ 0.0, 2.8, 0.0 ], 
							"to": [ 14.0, 3.8, 6.0 ], 
							"rotationOrigin": [ -1.0, 3.0, -1.0 ],
							"rotationX": 22.5000003066977,
							"faces": {
								"north": { "texture": "#shingles", "uv": [ 0.0, 15.0, 14.0, 16.0 ], "enabled": false },
								"east": { "texture": "#1", "uv": [ 0.0, 0.0, 6.0, 1.0 ], "enabled": false },
								"south": { "texture": "#1", "uv": [ 0.0, 15.0, 14.0, 16.0 ], "enabled": false },
								"west": { "texture": "#1", "uv": [ 0.0, 2.0, 6.0, 3.0 ], "enabled": false },
								"up": { "texture": "#shingles", "uv": [ 1.0, 1.0, 15.0, 7.0 ] },
								"down": { "texture": "#2", "uv": [ 1.0, 1.0, 7.0, 15.0 ], "rotation": 90, "enabled": false }
							}
						},
						{
							"name": "Roofs",
							"from": [ 4.0, 2.0, 1.5 ], 
							"to": [ 6.5, 4.0, 2.5 ], 
							"rotationOrigin": [ 4.0, 2.0, 1.5 ],
							"rotationX": -44.99999632180179,
							"faces": {
								"north": { "texture": "#shingles", "uv": [ 0.0, 0.0, 2.0, 2.0 ], "autoUv": false },
								"east": { "texture": "#shingles", "uv": [ 0.0, 0.0, 0.0, 0.5 ], "autoUv": false },
								"south": { "texture": "#shingles", "uv": [ 0.0, 0.0, 2.0, 2.0 ], "autoUv": false },
								"west": { "texture": "#shingles", "uv": [ 0.0, 0.0, 0.5, 0.5 ], "autoUv": false },
								"up": { "texture": "#shingles", "uv": [ 0.0, 0.0, 0.5, 0.5 ], "autoUv": false },
								"down": { "texture": "#shingles", "uv": [ 0.0, 0.0, 2.5, 1.0 ], "enabled": false }
							},
							"children": [
								{
									"name": "Cube10",
									"from": [ 0.0, -2.0, 1.0 ], 
									"to": [ 2.5, -1.0, 1.5 ], 
									"rotationOrigin": [ 0.0, -1.0, 0.0 ],
									"rotationX": -45.0,
									"faces": {
										"north": { "texture": "#shingles", "uv": [ 0.0, 0.0, 2.5, 1.0 ] },
										"east": { "texture": "#shingles", "uv": [ 0.0, 0.0, 0.5, 1.0 ] },
										"south": { "texture": "#shingles", "uv": [ 0.0, 2.5, 2.0, 3.5 ], "autoUv": false },
										"west": { "texture": "#shingles", "uv": [ 0.0, 0.0, 0.5, 1.0 ] },
										"up": { "texture": "#shingles", "uv": [ 0.0, 0.0, 2.5, 0.5 ], "enabled": false },
										"down": { "texture": "#shingles", "uv": [ 11.0, 3.0, 11.5, 3.5 ], "autoUv": false }
									}
								}
							]
						},
						{
							"name": "Roofs 2",
							"from": [ 12.0, 1.0, 7.5 ], 
							"to": [ 14.5, 3.0, 8.5 ], 
							"rotationOrigin": [ 12.0, 3.0, 7.0 ],
							"rotationX": -157.5,
							"rotationY": 4.07110976874403E-13,
							"rotationZ": 179.99998510792528,
							"faces": {
								"north": { "texture": "#shingles", "uv": [ 0.0, 0.0, 2.0, 2.0 ], "autoUv": false },
								"east": { "texture": "#shingles", "uv": [ 0.0, 0.0, 0.0, 0.5 ], "autoUv": false },
								"south": { "texture": "#shingles", "uv": [ 0.0, 0.0, 2.0, 2.0 ], "autoUv": false },
								"west": { "texture": "#shingles", "uv": [ 0.0, 0.0, 0.5, 0.5 ], "autoUv": false },
								"up": { "texture": "#shingles", "uv": [ 0.0, 0.0, 0.5, 0.5 ], "autoUv": false },
								"down": { "texture": "#shingles", "uv": [ 0.0, 0.0, 2.5, 1.0 ], "enabled": false }
							}
						},
						{
							"name": "Roofs 3",
							"from": [ 6.0, 0.5, 5.0 ], 
							"to": [ 8.5, 2.5, 6.0 ], 
							"rotationOrigin": [ 6.0, 1.0, 5.0 ],
							"rotationX": -22.5000003066977,
							"faces": {
								"north": { "texture": "#shingles", "uv": [ 0.0, 0.0, 2.0, 2.0 ], "autoUv": false },
								"east": { "texture": "#shingles", "uv": [ 0.0, 0.0, 0.0, 0.5 ], "autoUv": false },
								"south": { "texture": "#shingles", "uv": [ 0.0, 0.0, 2.0, 2.0 ], "autoUv": false },
								"west": { "texture": "#shingles", "uv": [ 0.0, 0.0, 0.5, 0.5 ], "autoUv": false },
								"up": { "texture": "#shingles", "uv": [ 0.0, 0.0, 0.5, 0.5 ], "autoUv": false },
								"down": { "texture": "#shingles", "uv": [ 0.0, 0.0, 2.5, 1.0 ], "enabled": false }
							}
						},
						{
							"name": "Roofs 1",
							"from": [ 12.0, 2.0, 1.0 ], 
							"to": [ 14.5, 4.0, 2.0 ], 
							"rotationOrigin": [ 12.0, 2.0, 1.0 ],
							"rotationX": -22.500002047628104,
							"faces": {
								"north": { "texture": "#shingles", "uv": [ 0.0, 0.0, 2.0, 2.0 ], "autoUv": false },
								"east": { "texture": "#shingles", "uv": [ 0.0, 0.0, 0.0, 0.5 ], "autoUv": false },
								"south": { "texture": "#shingles", "uv": [ 0.0, 0.0, 2.0, 2.0 ], "autoUv": false },
								"west": { "texture": "#shingles", "uv": [ 0.0, 0.0, 0.5, 0.5 ], "autoUv": false },
								"up": { "texture": "#shingles", "uv": [ 0.0, 0.0, 0.5, 0.5 ], "autoUv": false },
								"down": { "texture": "#shingles", "uv": [ 0.0, 0.0, 2.5, 1.0 ], "enabled": false }
							}
						}
					]
				},
				{
					"name": "Wood planks11",
					"from": [ 7.0, 1.0, 8.0 ], 
					"to": [ 7.4, 23.3, 11.0 ], 
					"rotationOrigin": [ 7.0, 1.0, 8.0 ],
					"rotationZ": 19.99999788369719,
					"faces": {
						"north": { "texture": "#log", "uv": [ 0.0, 1.0, 16.0, 1.5 ], "rotation": 90, "autoUv": false },
						"east": { "texture": "#log", "uv": [ 0.0, 1.0, 16.0, 4.0 ], "rotation": 270, "autoUv": false },
						"south": { "texture": "#log", "uv": [ 0.0, 3.0, 16.0, 4.0 ], "rotation": 90, "autoUv": false },
						"west": { "texture": "#log", "uv": [ 0.0, 1.5, 16.0, 4.5 ], "rotation": 270, "autoUv": false },
						"up": { "texture": "#log", "uv": [ 14.0, 14.0, 16.0, 14.5 ], "rotation": 90, "autoUv": false },
						"down": { "texture": "#log", "uv": [ 14.0, 14.0, 16.0, 14.0 ], "rotation": 90, "autoUv": false }
					},
					"children": [
						{
							"name": "Wood planks12",
							"from": [ -0.4546, -0.2081, 0.0 ], 
							"to": [ -0.0546, 22.0919, 3.0 ], 
							"rotationOrigin": [ -0.4546, -0.2081, 0.0 ],
							"rotationY": 1.0177774421860075E-13,
							"rotationZ": -2.504477927976237E-6,
							"faces": {
								"north": { "texture": "#log", "uv": [ 0.0, 1.0, 16.0, 1.5 ], "rotation": 90, "autoUv": false },
								"east": { "texture": "#log", "uv": [ 0.0, 1.0, 16.0, 4.0 ], "rotation": 90, "autoUv": false },
								"south": { "texture": "#log", "uv": [ 0.0, 3.0, 16.0, 4.0 ], "rotation": 90, "autoUv": false },
								"west": { "texture": "#log", "uv": [ 0.0, 1.5, 16.0, 4.5 ], "rotation": 90, "autoUv": false },
								"up": { "texture": "#log", "uv": [ 14.0, 14.0, 16.0, 14.5 ], "rotation": 90, "autoUv": false },
								"down": { "texture": "#log", "uv": [ 14.0, 14.0, 16.0, 14.0 ], "rotation": 90, "autoUv": false }
							}
						}
					]
				},
				{
					"name": "Wood planks",
					"from": [ 3.9526, 1.1735, 14.0 ], 
					"to": [ 4.3526, 23.4735, 17.0 ], 
					"rotationOrigin": [ 4.0, 1.0, 14.0 ],
					"rotationX": 92.5,
					"rotationY": -89.99999505843996,
					"rotationZ": 89.99999505843996,
					"faces": {
						"north": { "texture": "#log", "uv": [ 0.0, 1.0, 16.0, 1.5 ], "rotation": 90, "autoUv": false },
						"east": { "texture": "#log", "uv": [ 0.0, 1.0, 16.0, 4.0 ], "rotation": 270, "autoUv": false },
						"south": { "texture": "#log", "uv": [ 0.0, 3.0, 16.0, 4.0 ], "rotation": 90, "autoUv": false },
						"west": { "texture": "#log", "uv": [ 0.0, 1.5, 16.0, 4.5 ], "rotation": 270, "autoUv": false },
						"up": { "texture": "#log", "uv": [ 14.0, 14.0, 16.0, 14.5 ], "rotation": 90, "autoUv": false },
						"down": { "texture": "#log", "uv": [ 14.0, 14.0, 16.0, 14.0 ], "rotation": 90, "autoUv": false }
					},
					"children": [
						{
							"name": "Wood planks10",
							"from": [ -0.4546, -0.2081, 0.0 ], 
							"to": [ -0.0546, 22.0919, 3.0 ], 
							"rotationOrigin": [ -0.4546, -0.2081, 0.0 ],
							"rotationY": 1.0177774421860075E-13,
							"rotationZ": -2.504477927976237E-6,
							"faces": {
								"north": { "texture": "#log", "uv": [ 0.0, 1.0, 16.0, 1.5 ], "rotation": 90, "autoUv": false },
								"east": { "texture": "#log", "uv": [ 0.0, 1.0, 16.0, 4.0 ], "rotation": 90, "autoUv": false },
								"south": { "texture": "#log", "uv": [ 0.0, 3.0, 16.0, 4.0 ], "rotation": 90, "autoUv": false },
								"west": { "texture": "#log", "uv": [ 0.0, 1.5, 16.0, 4.5 ], "rotation": 90, "autoUv": false },
								"up": { "texture": "#log", "uv": [ 14.0, 14.0, 16.0, 14.5 ], "rotation": 90, "autoUv": false },
								"down": { "texture": "#log", "uv": [ 14.0, 14.0, 16.0, 14.0 ], "rotation": 90, "autoUv": false }
							}
						}
					]
				},
				{
					"name": "Wood middle support",
					"from": [ 7.0, 0.0, 11.1 ], 
					"to": [ 9.0, 27.5, 13.6 ], 
					"rotationOrigin": [ 7.0, 0.0, 11.1 ],
					"rotationZ": 20.499999425385145,
					"faces": {
						"north": { "texture": "#log", "uv": [ 0.0, 0.0, 15.5, 1.5 ], "rotation": 90, "autoUv": false },
						"east": { "texture": "#log", "uv": [ 0.0, 0.0, 16.0, 3.0 ], "rotation": 90, "autoUv": false },
						"south": { "texture": "#log", "uv": [ 0.0, 0.0, 16.0, 1.5 ], "rotation": 90, "autoUv": false },
						"west": { "texture": "#log", "uv": [ 0.0, 0.0, 16.0, 2.0 ], "rotation": 90, "autoUv": false },
						"up": { "texture": "#log", "uv": [ 14.0, 14.0, 16.0, 16.0 ], "autoUv": false },
						"down": { "texture": "#log", "uv": [ 14.0, 14.0, 16.0, 16.0 ], "autoUv": false }
					}
				},
				{
					"name": "Wood support  0",
					"from": [ 6.8007, 1.9365, 9.0 ], 
					"to": [ 7.8007, 24.2365, 11.0 ], 
					"rotationOrigin": [ 7.0, 1.0, 9.0 ],
					"rotationX": -158.75,
					"rotationY": 89.99999505843996,
					"rotationZ": -179.99999011687993,
					"faces": {
						"north": { "texture": "#log", "uv": [ 0.0, 1.0, 16.0, 2.5 ], "rotation": 90, "autoUv": false },
						"east": { "texture": "#log", "uv": [ 0.0, 1.0, 16.0, 2.5 ], "rotation": 90, "autoUv": false },
						"south": { "texture": "#log", "uv": [ 0.0, 3.0, 16.0, 4.5 ], "rotation": 90, "autoUv": false },
						"west": { "texture": "#log", "uv": [ 0.0, 1.5, 16.0, 3.0 ], "rotation": 90, "autoUv": false },
						"up": { "texture": "#log", "uv": [ 14.0, 14.0, 16.0, 16.0 ], "autoUv": false },
						"down": { "texture": "#log", "uv": [ 14.0, 14.0, 16.0, 16.0 ], "autoUv": false }
					}
				},
				{
					"name": "East",
					"from": [ 15.0, 0.0, 1.0 ], 
					"to": [ 16.0, 16.0, 15.0 ], 
					"faces": {
						"north": { "texture": "#1", "uv": [ 0.0, 0.0, 1.0, 16.0 ] },
						"east": { "texture": "#0", "uv": [ 1.0, 0.0, 15.0, 16.0 ] },
						"south": { "texture": "#1", "uv": [ 0.0, 0.0, 1.0, 16.0 ] },
						"west": { "texture": "#1", "uv": [ 0.0, 0.0, 14.0, 16.0 ] },
						"up": { "texture": "#1", "uv": [ 1.0, 0.0, 15.0, 1.0 ], "rotation": 90 },
						"down": { "texture": "#1", "uv": [ 0.0, 0.0, 14.0, 1.0 ], "rotation": 90 }
					}
				},
				{
					"name": "West",
					"from": [ 0.0, 0.0, 1.0 ], 
					"to": [ 1.0, 16.0, 15.0 ], 
					"faces": {
						"north": { "texture": "#1", "uv": [ 0.0, 0.0, 1.0, 16.0 ] },
						"east": { "texture": "#1", "uv": [ 2.0, 0.0, 16.0, 16.0 ] },
						"south": { "texture": "#1", "uv": [ 0.0, 0.0, 1.0, 16.0 ] },
						"west": { "texture": "#0", "uv": [ 1.0, 0.0, 15.0, 16.0 ] },
						"up": { "texture": "#1", "uv": [ 0.0, 0.0, 14.0, 1.0 ], "rotation": 90 },
						"down": { "texture": "#1", "uv": [ 0.0, 0.0, 14.0, 1.0 ], "rotation": 90 }
					}
				},
				{
					"name": "South",
					"from": [ 0.0, 0.0, 15.0 ], 
					"to": [ 16.0, 16.0, 16.0 ], 
					"faces": {
						"north": { "texture": "#1", "uv": [ 0.0, 0.0, 16.0, 16.0 ] },
						"east": { "texture": "#0", "uv": [ 0.0, 0.0, 1.0, 16.0 ], "rotation": 180 },
						"south": { "texture": "#0", "uv": [ 0.0, 0.0, 16.0, 16.0 ] },
						"west": { "texture": "#3", "uv": [ 0.0, 0.0, 1.0, 16.0 ], "rotation": 180 },
						"up": { "texture": "#1", "uv": [ 0.0, 0.0, 16.0, 1.0 ] },
						"down": { "texture": "#1", "uv": [ 0.0, 0.0, 16.0, 1.0 ] }
					}
				},
				{
					"name": "North",
					"from": [ 0.0, 0.0, 0.0 ], 
					"to": [ 16.0, 16.0, 1.0 ], 
					"faces": {
						"north": { "texture": "#0", "uv": [ 0.0, 0.0, 16.0, 16.0 ] },
						"east": { "texture": "#0", "uv": [ 0.0, 0.0, 1.0, 16.0 ], "rotation": 180 },
						"south": { "texture": "#1", "uv": [ 0.0, 0.0, 16.0, 16.0 ] },
						"west": { "texture": "#0", "uv": [ 0.0, 0.0, 1.0, 16.0 ], "rotation": 180 },
						"up": { "texture": "#1", "uv": [ 0.0, 0.0, 16.0, 1.0 ], "rotation": 180 },
						"down": { "texture": "#1", "uv": [ 0.0, 0.0, 16.0, 1.0 ], "rotation": 180 }
					}
				},
				{
					"name": "Floor",
					"from": [ 1.0, 0.0, 1.0 ], 
					"to": [ 15.0, 1.0, 15.0 ], 
					"faces": {
						"north": { "texture": "#0", "uv": [ 0.0, 15.0, 14.0, 16.0 ] },
						"east": { "texture": "#1", "uv": [ 0.0, 0.0, 14.0, 1.0 ] },
						"south": { "texture": "#1", "uv": [ 0.0, 15.0, 14.0, 16.0 ] },
						"west": { "texture": "#1", "uv": [ 0.0, 2.0, 1.0, 8.0 ] },
						"up": { "texture": "#2", "uv": [ 1.0, 1.0, 15.0, 15.0 ], "rotation": 90 },
						"down": { "texture": "#2", "uv": [ 1.0, 1.0, 15.0, 15.0 ], "rotation": 90 }
					}
				}
			]
		}
	],
	"animations": [
		{
			"name": "Animation 1",
			"code": "animation1",
			"quantityframes": 60,
			"onActivityStopped": "Rewind",
			"onAnimationEnd": "Repeat",
			"keyframes": [
				{
					"frame": 0,
					"elements": {
						"Main": { "rotationX": 0.0, "rotationY": -180.0, "rotationZ": 0.0 }
					}
				},
				{
					"frame": 59,
					"elements": {
						"Main": { "rotationX": 0.0, "rotationY": 180.0, "rotationZ": 0.0 }
					}
				}
			]
		}
	]
}