[
	{
		"ingredientPattern": "S_H,F_L",
		"ingredients": {
			"F": {
				"type": "item",
				"code": "game:plank-*",
				"quantity": 1
			},
			"L": {
				"type": "item",
				"code": "game:shingle-burned-*",
				"name": "type",
				"allowedVariants": [ "fire" ],
				"quantity": 1
			},
			"S": {
				"type": "item",
				"code": "game:saw-*",
				"isTool": true
			},
			"H": {
				"type": "item",
				"code": "game:hammer-*",
				"isTool": true
			}
		},
		"width": 3,
		"height": 2,
		"output": {
			"type": "block",
			"code": "roof-hangover-{type}-north-free",
			"quantity": 4
		}
	},
	{
		"ingredientPattern": "S_H,F_L",
		"ingredients": {
			"F": {
				"type": "item",
				"code": "game:plank-*",
				"quantity": 1
			},
			"L": {
				"type": "item",
				"code": "game:shingle-burned-*",
				"name": "type",
				"allowedVariants": [ "blue" ],
				"quantity": 1
			},
			"S": {
				"type": "item",
				"code": "game:saw-*",
				"isTool": true
			},
			"H": {
				"type": "item",
				"code": "game:hammer-*",
				"isTool": true
			}

		},
		"width": 3,
		"height": 2,
		"output": {
			"type": "block",
			"code": "roof-hangover-{type}-north-free",
			"quantity": 4
		}
	}
]