{
	"code": "hiddenhopper",
	"class": "BlockHopper",
	"entityclass": "BlockEntityHiddenHopper",
	"entityBehaviors": [ { "name": "Animatable" } ],
	"attributes": {
		"pullFaces": [],
		"acceptFromFaces": [],
		"pushFaces": [ "down" ]
	},
	"creativeinventory": {
		"mechanics": [ "*-north" ]
	},
	"variantgroups": [
		{
			"loadFromProperties": "block/rock"
		},
		{
			"code": "side",
			"loadFromProperties": "abstract/horizontalorientation"
		}
	],
	"behaviors": [
		{
			"name": "Lockable"
		},
		{
			"name": "Container"
		},
		{
			"name": "HorizontalOrientable",
			"properties": { "dropBlockFace": "east" }
		}
	],
	"drawtype": "json",
	"shapeByType": {
		"*-north": {
			"base": "block/metal/hopper/hiddenhopper",
			"rotateY": 0
		},
		"*-west": {
			"base": "block/metal/hopper/hiddenhopper",
			"rotateY": 90
		},
		"*-south": {
			"base": "block/metal/hopper/hiddenhopper",
			"rotateY": 180
		},
		"*-east": {
			"base": "block/metal/hopper/hiddenhopper",
			"rotateY": 270
		}
	},
	"textures": {
		"bricks": { "base": "game:block/stone/brick/{rock}1" },
		"metalframe": { "base": "block/metal/hopper/machinery-border" },
		"frame": { "base": "block/wood/hopper/frame" },
		"wood": { "base": "game:block/wood/fence/oak/vertical" },
		"lid": { "base": "block/metal/hopper/tinbronze1" }
	},
	"emitsideao": { "all": true },
	"sideao": { "all": false },
	"sidesolid": {
		"all": true
	},
	"sideopaque": {
		"all": false
	},
	"lightAbsorption": 99,
	"resistance": 1.75,
	"sounds": {
		"place": "game:walk/stone2",
		"break": "game:walk/stone",
		"hit": "game:thud",
		"walk": "game:walk/stone"
	}
}