{
	"editor": {
		"allAngles": false,
		"entityTextureMode": false
	},
	"textureWidth": 16,
	"textureHeight": 16,
	"textureSizes": {
	},
	"textures": {
	},
	"elements": [
		{
			"name": "plant1",
			"from": [ 0.0, 0.0, 0.0 ], 
			"to": [ 0.0, 0.0, 0.0 ], 
			"rotationOrigin": [ 4.0, 0.0, 4.0 ],
			"faces": {
				"north": { "texture": "#allium2", "uv": [ 0.0, 0.0, 0.5, 0.5 ], "enabled": false },
				"east": { "texture": "#allium2", "uv": [ 0.0, 0.0, 0.5, 0.5 ], "enabled": false },
				"south": { "texture": "#allium2", "uv": [ 4.5, 6.0, 5.0, 6.5 ], "enabled": false },
				"west": { "texture": "#allium2", "uv": [ 0.0, 0.0, 0.5, 0.5 ], "enabled": false },
				"up": { "texture": "#allium2", "uv": [ 0.0, 0.0, 0.5, 0.5 ], "enabled": false },
				"down": { "texture": "#allium2", "uv": [ 0.0, 0.0, 0.5, 0.5 ], "enabled": false }
			},
			"children": [
				{
					"name": "stem1",
					"from": [ 0.0, 0.0, 4.0 ], 
					"to": [ 8.0, 8.0, 4.0 ], 
					"shade": false,
					"climateColorMap": "climatePlantTint",
					"seasonColorMap": "seasonalFoliage",
					"rotationOrigin": [ 4.0, 0.0, 4.0 ],
					"rotationY": -75.0,
					"faces": {
						"north": { "texture": "#flower1", "uv": [ 0.0, 0.0, 16.0, 16.0 ] },
						"east": { "texture": "#thick-fern12", "uv": [ 0.0, 0.0, 0.3333, 16.0 ], "enabled": false },
						"south": { "texture": "#thick-fern12", "uv": [ 0.0, 0.0, 16.0, 16.0 ], "enabled": false },
						"west": { "texture": "#thick-fern12", "uv": [ 0.0, 0.0, 0.3333, 16.0 ], "enabled": false },
						"up": { "texture": "#thick-fern12", "uv": [ 0.0, 0.0, 16.0, 0.3333 ], "enabled": false },
						"down": { "texture": "#thick-fern12", "uv": [ 0.0, 0.0, 16.0, 0.3333 ], "enabled": false }
					}
				},
				{
					"name": "stem2",
					"from": [ 0.0, 0.0, 4.0 ], 
					"to": [ 8.0, 8.0, 4.0 ], 
					"shade": false,
					"climateColorMap": "climatePlantTint",
					"seasonColorMap": "seasonalFoliage",
					"rotationOrigin": [ 4.0, 0.0, 4.0 ],
					"rotationY": -22.0,
					"faces": {
						"north": { "texture": "#flower2", "uv": [ 0.0, 0.0, 16.0, 16.0 ], "autoUv": false },
						"east": { "texture": "#flower1", "uv": [ 0.0, 0.0, 0.3333, 16.0 ], "enabled": false },
						"south": { "texture": "#flower1", "uv": [ 0.0, 0.0, 16.0, 16.0 ], "enabled": false },
						"west": { "texture": "#flower1", "uv": [ 0.0, 0.0, 0.3333, 16.0 ], "enabled": false },
						"up": { "texture": "#flower1", "uv": [ 0.0, 0.0, 16.0, 0.3333 ], "enabled": false },
						"down": { "texture": "#flower1", "uv": [ 0.0, 0.0, 16.0, 0.3333 ], "enabled": false }
					}
				},
				{
					"name": "leaves1",
					"from": [ 0.0, 0.0, 4.0 ], 
					"to": [ 8.0, 8.0, 4.0 ], 
					"shade": false,
					"climateColorMap": "climatePlantTint",
					"seasonColorMap": "seasonalFoliage",
					"rotationOrigin": [ 4.0, 0.0, 4.0 ],
					"rotationX": -67.5,
					"rotationY": -135.0,
					"rotationZ": -45.0,
					"faces": {
						"north": { "texture": "#leaves1", "uv": [ 0.0, 0.0, 16.0, 16.0 ], "autoUv": false },
						"east": { "texture": "#leaves1", "uv": [ 0.0, 0.0, 0.3333, 16.0 ], "enabled": false },
						"south": { "texture": "#leaves1", "uv": [ 0.0, 0.0, 16.0, 16.0 ], "enabled": false },
						"west": { "texture": "#leaves1", "uv": [ 0.0, 0.0, 0.3333, 16.0 ], "enabled": false },
						"up": { "texture": "#leaves1", "uv": [ 0.0, 0.0, 16.0, 0.3333 ], "enabled": false },
						"down": { "texture": "#leaves1", "uv": [ 0.0, 0.0, 16.0, 0.3333 ], "enabled": false }
					}
				},
				{
					"name": "leaves2",
					"from": [ 0.0, 0.0, 4.0 ], 
					"to": [ 8.0, 8.0, 4.0 ], 
					"shade": false,
					"climateColorMap": "climatePlantTint",
					"seasonColorMap": "seasonalFoliage",
					"rotationOrigin": [ 4.0, 0.0, 4.0 ],
					"rotationX": -135.0,
					"rotationY": -22.5,
					"rotationZ": -157.5,
					"faces": {
						"north": { "texture": "#leaves1", "uv": [ 0.0, 0.0, 16.0, 16.0 ], "autoUv": false },
						"east": { "texture": "#leaves1", "uv": [ 0.0, 0.0, 0.3333, 16.0 ], "enabled": false },
						"south": { "texture": "#leaves1", "uv": [ 0.0, 0.0, 16.0, 16.0 ], "enabled": false },
						"west": { "texture": "#leaves1", "uv": [ 0.0, 0.0, 0.3333, 16.0 ], "enabled": false },
						"up": { "texture": "#leaves1", "uv": [ 0.0, 0.0, 16.0, 0.3333 ], "enabled": false },
						"down": { "texture": "#leaves1", "uv": [ 0.0, 0.0, 16.0, 0.3333 ], "enabled": false }
					}
				},
				{
					"name": "leaves3",
					"from": [ 0.0, 0.0, 4.0 ], 
					"to": [ 8.0, 8.0, 4.0 ], 
					"shade": false,
					"climateColorMap": "climatePlantTint",
					"seasonColorMap": "seasonalFoliage",
					"rotationOrigin": [ 4.0, 0.0, 4.0 ],
					"rotationX": -45.0,
					"rotationY": -22.5,
					"rotationZ": -22.5,
					"faces": {
						"north": { "texture": "#leaves1", "uv": [ 0.0, 0.0, 16.0, 16.0 ], "autoUv": false },
						"east": { "texture": "#leaves1", "uv": [ 0.0, 0.0, 0.3333, 16.0 ], "enabled": false },
						"south": { "texture": "#leaves1", "uv": [ 0.0, 0.0, 16.0, 16.0 ], "enabled": false },
						"west": { "texture": "#leaves1", "uv": [ 0.0, 0.0, 0.3333, 16.0 ], "enabled": false },
						"up": { "texture": "#leaves1", "uv": [ 0.0, 0.0, 16.0, 0.3333 ], "enabled": false },
						"down": { "texture": "#leaves1", "uv": [ 0.0, 0.0, 16.0, 0.3333 ], "enabled": false }
					}
				},
				{
					"name": "leaves4",
					"from": [ 0.0, 0.0, 4.0 ], 
					"to": [ 8.0, 8.0, 4.0 ], 
					"shade": false,
					"climateColorMap": "climatePlantTint",
					"seasonColorMap": "seasonalFoliage",
					"rotationOrigin": [ 4.0, 0.0, 4.0 ],
					"rotationX": 45.0,
					"rotationY": -22.5,
					"rotationZ": 22.5,
					"faces": {
						"north": { "texture": "#leaves1", "uv": [ 0.0, 0.0, 16.0, 16.0 ], "autoUv": false },
						"east": { "texture": "#leaves1", "uv": [ 0.0, 0.0, 0.3333, 16.0 ], "enabled": false },
						"south": { "texture": "#leaves1", "uv": [ 0.0, 0.0, 16.0, 16.0 ], "enabled": false },
						"west": { "texture": "#leaves1", "uv": [ 0.0, 0.0, 0.3333, 16.0 ], "enabled": false },
						"up": { "texture": "#leaves1", "uv": [ 0.0, 0.0, 16.0, 0.3333 ], "enabled": false },
						"down": { "texture": "#leaves1", "uv": [ 0.0, 0.0, 16.0, 0.3333 ], "enabled": false }
					}
				},
				{
					"name": "stem3",
					"from": [ 0.0, 0.0, 4.0 ], 
					"to": [ 8.0, 8.0, 4.0 ], 
					"shade": false,
					"climateColorMap": "climatePlantTint",
					"seasonColorMap": "seasonalFoliage",
					"rotationOrigin": [ 4.0, 0.0, 4.0 ],
					"rotationY": -135.0,
					"faces": {
						"north": { "texture": "#flower3", "uv": [ 0.0, 0.0, 16.0, 16.0 ], "autoUv": false },
						"east": { "texture": "#flower1", "uv": [ 0.0, 0.0, 0.3333, 16.0 ], "enabled": false },
						"south": { "texture": "#flower1", "uv": [ 0.0, 0.0, 16.0, 16.0 ], "enabled": false },
						"west": { "texture": "#flower1", "uv": [ 0.0, 0.0, 0.3333, 16.0 ], "enabled": false },
						"up": { "texture": "#flower1", "uv": [ 0.0, 0.0, 16.0, 0.3333 ], "enabled": false },
						"down": { "texture": "#flower1", "uv": [ 0.0, 0.0, 16.0, 0.3333 ], "enabled": false }
					}
				},
				{
					"name": "flower1",
					"from": [ 0.0, 0.0, 4.0 ], 
					"to": [ 8.0, 8.0, 4.0 ], 
					"shade": false,
					"rotationOrigin": [ 4.0, 0.0, 4.0 ],
					"rotationY": -75.0,
					"faces": {
						"north": { "texture": "#lilyofthevalley1", "uv": [ 0.0, 0.0, 16.0, 16.0 ] },
						"east": { "texture": "#lilyofthevalley1", "uv": [ 0.0, 0.0, 0.5, 16.0 ], "enabled": false },
						"south": { "texture": "#lilyofthevalley1", "uv": [ 0.0, 0.0, 16.0, 16.0 ], "enabled": false },
						"west": { "texture": "#lilyofthevalley1", "uv": [ 0.0, 0.0, 0.5, 16.0 ], "enabled": false },
						"up": { "texture": "#lilyofthevalley1", "uv": [ 0.0, 0.0, 16.0, 0.5 ], "enabled": false },
						"down": { "texture": "#lilyofthevalley1", "uv": [ 0.0, 0.0, 16.0, 0.5 ], "enabled": false }
					}
				},
				{
					"name": "flower2",
					"from": [ 0.0, 0.0, 4.0 ], 
					"to": [ 8.0, 8.0, 4.0 ], 
					"shade": false,
					"rotationOrigin": [ 4.0, 0.0, 4.0 ],
					"rotationY": -22.0,
					"faces": {
						"north": { "texture": "#lilyofthevalley2", "uv": [ 0.0, 0.0, 16.0, 16.0 ], "autoUv": false },
						"east": { "texture": "#lilyofthevalley2", "uv": [ 0.0, 0.0, 0.3333, 16.0 ], "enabled": false },
						"south": { "texture": "#lilyofthevalley2", "uv": [ 0.0, 0.0, 16.0, 16.0 ], "enabled": false },
						"west": { "texture": "#lilyofthevalley2", "uv": [ 0.0, 0.0, 0.3333, 16.0 ], "enabled": false },
						"up": { "texture": "#lilyofthevalley2", "uv": [ 0.0, 0.0, 16.0, 0.3333 ], "enabled": false },
						"down": { "texture": "#lilyofthevalley2", "uv": [ 0.0, 0.0, 16.0, 0.3333 ], "enabled": false }
					}
				},
				{
					"name": "flower3",
					"from": [ 0.0, 0.0, 4.0 ], 
					"to": [ 8.0, 8.0, 4.0 ], 
					"shade": false,
					"rotationOrigin": [ 4.0, 0.0, 4.0 ],
					"rotationY": -135.0,
					"faces": {
						"north": { "texture": "#lilyofthevalley3", "uv": [ 0.0, 0.0, 16.0, 16.0 ], "autoUv": false },
						"east": { "texture": "#lilyofthevalley3", "uv": [ 0.0, 0.0, 0.3333, 16.0 ], "enabled": false },
						"south": { "texture": "#lilyofthevalley3", "uv": [ 0.0, 0.0, 16.0, 16.0 ], "enabled": false },
						"west": { "texture": "#lilyofthevalley3", "uv": [ 0.0, 0.0, 0.3333, 16.0 ], "enabled": false },
						"up": { "texture": "#lilyofthevalley3", "uv": [ 0.0, 0.0, 16.0, 0.3333 ], "enabled": false },
						"down": { "texture": "#lilyofthevalley3", "uv": [ 0.0, 0.0, 16.0, 0.3333 ], "enabled": false }
					}
				}
			]
		},
		{
			"name": "plant12",
			"from": [ 8.0, 0.0, 0.0 ], 
			"to": [ 8.0, 0.0, 0.0 ], 
			"rotationOrigin": [ 12.0, 0.0, 4.0 ],
			"faces": {
				"north": { "texture": "#allium2", "uv": [ 0.0, 0.0, 0.5, 0.5 ], "enabled": false },
				"east": { "texture": "#allium2", "uv": [ 0.0, 0.0, 0.5, 0.5 ], "enabled": false },
				"south": { "texture": "#allium2", "uv": [ 4.5, 6.0, 5.0, 6.5 ], "enabled": false },
				"west": { "texture": "#allium2", "uv": [ 0.0, 0.0, 0.5, 0.5 ], "enabled": false },
				"up": { "texture": "#allium2", "uv": [ 0.0, 0.0, 0.5, 0.5 ], "enabled": false },
				"down": { "texture": "#allium2", "uv": [ 0.0, 0.0, 0.5, 0.5 ], "enabled": false }
			},
			"children": [
				{
					"name": "stem13",
					"from": [ 0.0, 0.0, 4.0 ], 
					"to": [ 8.0, 8.0, 4.0 ], 
					"shade": false,
					"climateColorMap": "climatePlantTint",
					"seasonColorMap": "climatePlantTint",
					"rotationOrigin": [ 4.0, 0.0, 4.0 ],
					"rotationY": -75.0,
					"faces": {
						"north": { "texture": "#flower1", "uv": [ 0.0, 0.0, 8.0, 8.0 ] },
						"east": { "texture": "#thick-fern12", "uv": [ 0.0, 0.0, 0.5, 8.0 ], "enabled": false },
						"south": { "texture": "#thick-fern12", "uv": [ 0.0, 0.0, 8.0, 8.0 ], "enabled": false },
						"west": { "texture": "#thick-fern12", "uv": [ 0.0, 0.0, 0.5, 8.0 ], "enabled": false },
						"up": { "texture": "#thick-fern12", "uv": [ 0.0, 0.0, 8.0, 0.5 ], "enabled": false },
						"down": { "texture": "#thick-fern12", "uv": [ 0.0, 0.0, 8.0, 0.5 ], "enabled": false }
					}
				},
				{
					"name": "stem14",
					"from": [ 0.0, 0.0, 4.0 ], 
					"to": [ 8.0, 8.0, 4.0 ], 
					"shade": false,
					"climateColorMap": "climatePlantTint",
					"seasonColorMap": "climatePlantTint",
					"rotationOrigin": [ 4.0, 0.0, 4.0 ],
					"rotationY": -22.0,
					"faces": {
						"north": { "texture": "#flower2", "uv": [ 0.0, 0.0, 16.0, 16.0 ], "autoUv": false },
						"east": { "texture": "#flower1", "uv": [ 0.0, 0.0, 0.5, 8.0 ], "enabled": false },
						"south": { "texture": "#flower1", "uv": [ 0.0, 0.0, 8.0, 8.0 ], "enabled": false },
						"west": { "texture": "#flower1", "uv": [ 0.0, 0.0, 0.5, 8.0 ], "enabled": false },
						"up": { "texture": "#flower1", "uv": [ 0.0, 0.0, 8.0, 0.5 ], "enabled": false },
						"down": { "texture": "#flower1", "uv": [ 0.0, 0.0, 8.0, 0.5 ], "enabled": false }
					}
				},
				{
					"name": "leaves15",
					"from": [ 0.0, 0.0, 4.0 ], 
					"to": [ 8.0, 8.0, 4.0 ], 
					"shade": false,
					"climateColorMap": "climatePlantTint",
					"seasonColorMap": "climatePlantTint",
					"rotationOrigin": [ 4.0, 0.0, 4.0 ],
					"rotationX": -67.5,
					"rotationY": -135.0,
					"rotationZ": -45.0,
					"faces": {
						"north": { "texture": "#leaves1", "uv": [ 0.0, 0.0, 16.0, 16.0 ], "autoUv": false },
						"east": { "texture": "#leaves1", "uv": [ 0.0, 0.0, 0.5, 8.0 ], "enabled": false },
						"south": { "texture": "#leaves1", "uv": [ 0.0, 0.0, 8.0, 8.0 ], "enabled": false },
						"west": { "texture": "#leaves1", "uv": [ 0.0, 0.0, 0.5, 8.0 ], "enabled": false },
						"up": { "texture": "#leaves1", "uv": [ 0.0, 0.0, 8.0, 0.5 ], "enabled": false },
						"down": { "texture": "#leaves1", "uv": [ 0.0, 0.0, 8.0, 0.5 ], "enabled": false }
					}
				},
				{
					"name": "leaves16",
					"from": [ 0.0, 0.0, 4.0 ], 
					"to": [ 8.0, 8.0, 4.0 ], 
					"shade": false,
					"climateColorMap": "climatePlantTint",
					"seasonColorMap": "climatePlantTint",
					"rotationOrigin": [ 4.0, 0.0, 4.0 ],
					"rotationX": -135.0,
					"rotationY": -22.5,
					"rotationZ": -157.5,
					"faces": {
						"north": { "texture": "#leaves1", "uv": [ 0.0, 0.0, 16.0, 16.0 ], "autoUv": false },
						"east": { "texture": "#leaves1", "uv": [ 0.0, 0.0, 0.5, 8.0 ], "enabled": false },
						"south": { "texture": "#leaves1", "uv": [ 0.0, 0.0, 8.0, 8.0 ], "enabled": false },
						"west": { "texture": "#leaves1", "uv": [ 0.0, 0.0, 0.5, 8.0 ], "enabled": false },
						"up": { "texture": "#leaves1", "uv": [ 0.0, 0.0, 8.0, 0.5 ], "enabled": false },
						"down": { "texture": "#leaves1", "uv": [ 0.0, 0.0, 8.0, 0.5 ], "enabled": false }
					}
				},
				{
					"name": "leaves17",
					"from": [ 0.0, 0.0, 4.0 ], 
					"to": [ 8.0, 8.0, 4.0 ], 
					"shade": false,
					"climateColorMap": "climatePlantTint",
					"seasonColorMap": "climatePlantTint",
					"rotationOrigin": [ 4.0, 0.0, 4.0 ],
					"rotationX": -45.0,
					"rotationY": -22.5,
					"rotationZ": -22.5,
					"faces": {
						"north": { "texture": "#leaves1", "uv": [ 0.0, 0.0, 16.0, 16.0 ], "autoUv": false },
						"east": { "texture": "#leaves1", "uv": [ 0.0, 0.0, 0.5, 8.0 ], "enabled": false },
						"south": { "texture": "#leaves1", "uv": [ 0.0, 0.0, 8.0, 8.0 ], "enabled": false },
						"west": { "texture": "#leaves1", "uv": [ 0.0, 0.0, 0.5, 8.0 ], "enabled": false },
						"up": { "texture": "#leaves1", "uv": [ 0.0, 0.0, 8.0, 0.5 ], "enabled": false },
						"down": { "texture": "#leaves1", "uv": [ 0.0, 0.0, 8.0, 0.5 ], "enabled": false }
					}
				},
				{
					"name": "leaves18",
					"from": [ 0.0, 0.0, 4.0 ], 
					"to": [ 8.0, 8.0, 4.0 ], 
					"shade": false,
					"climateColorMap": "climatePlantTint",
					"seasonColorMap": "climatePlantTint",
					"rotationOrigin": [ 4.0, 0.0, 4.0 ],
					"rotationX": 45.0,
					"rotationY": -22.5,
					"rotationZ": 22.5,
					"faces": {
						"north": { "texture": "#leaves1", "uv": [ 0.0, 0.0, 16.0, 16.0 ], "autoUv": false },
						"east": { "texture": "#leaves1", "uv": [ 0.0, 0.0, 0.5, 8.0 ], "enabled": false },
						"south": { "texture": "#leaves1", "uv": [ 0.0, 0.0, 8.0, 8.0 ], "enabled": false },
						"west": { "texture": "#leaves1", "uv": [ 0.0, 0.0, 0.5, 8.0 ], "enabled": false },
						"up": { "texture": "#leaves1", "uv": [ 0.0, 0.0, 8.0, 0.5 ], "enabled": false },
						"down": { "texture": "#leaves1", "uv": [ 0.0, 0.0, 8.0, 0.5 ], "enabled": false }
					}
				},
				{
					"name": "stem19",
					"from": [ 0.0, 0.0, 4.0 ], 
					"to": [ 8.0, 8.0, 4.0 ], 
					"shade": false,
					"climateColorMap": "climatePlantTint",
					"seasonColorMap": "climatePlantTint",
					"rotationOrigin": [ 4.0, 0.0, 4.0 ],
					"rotationY": -135.0,
					"faces": {
						"north": { "texture": "#flower3", "uv": [ 0.0, 0.0, 16.0, 16.0 ], "autoUv": false },
						"east": { "texture": "#flower1", "uv": [ 0.0, 0.0, 0.5, 8.0 ], "enabled": false },
						"south": { "texture": "#flower1", "uv": [ 0.0, 0.0, 8.0, 8.0 ], "enabled": false },
						"west": { "texture": "#flower1", "uv": [ 0.0, 0.0, 0.5, 8.0 ], "enabled": false },
						"up": { "texture": "#flower1", "uv": [ 0.0, 0.0, 8.0, 0.5 ], "enabled": false },
						"down": { "texture": "#flower1", "uv": [ 0.0, 0.0, 8.0, 0.5 ], "enabled": false }
					}
				},
				{
					"name": "flower20",
					"from": [ 0.0, 0.0, 4.0 ], 
					"to": [ 8.0, 8.0, 4.0 ], 
					"shade": false,
					"rotationOrigin": [ 4.0, 0.0, 4.0 ],
					"rotationY": -75.0,
					"faces": {
						"north": { "texture": "#lilyofthevalley1", "uv": [ 0.0, 0.0, 8.0, 8.0 ] },
						"east": { "texture": "#lilyofthevalley1", "uv": [ 0.0, 0.0, 0.5, 8.0 ], "enabled": false },
						"south": { "texture": "#lilyofthevalley1", "uv": [ 0.0, 0.0, 8.0, 8.0 ], "enabled": false },
						"west": { "texture": "#lilyofthevalley1", "uv": [ 0.0, 0.0, 0.5, 8.0 ], "enabled": false },
						"up": { "texture": "#lilyofthevalley1", "uv": [ 0.0, 0.0, 8.0, 0.5 ], "enabled": false },
						"down": { "texture": "#lilyofthevalley1", "uv": [ 0.0, 0.0, 8.0, 0.5 ], "enabled": false }
					}
				},
				{
					"name": "flower21",
					"from": [ 0.0, 0.0, 4.0 ], 
					"to": [ 8.0, 8.0, 4.0 ], 
					"shade": false,
					"rotationOrigin": [ 4.0, 0.0, 4.0 ],
					"rotationY": -22.0,
					"faces": {
						"north": { "texture": "#lilyofthevalley2", "uv": [ 0.0, 0.0, 16.0, 16.0 ], "autoUv": false },
						"east": { "texture": "#lilyofthevalley2", "uv": [ 0.0, 0.0, 0.5, 8.0 ], "enabled": false },
						"south": { "texture": "#lilyofthevalley2", "uv": [ 0.0, 0.0, 8.0, 8.0 ], "enabled": false },
						"west": { "texture": "#lilyofthevalley2", "uv": [ 0.0, 0.0, 0.5, 8.0 ], "enabled": false },
						"up": { "texture": "#lilyofthevalley2", "uv": [ 0.0, 0.0, 8.0, 0.5 ], "enabled": false },
						"down": { "texture": "#lilyofthevalley2", "uv": [ 0.0, 0.0, 8.0, 0.5 ], "enabled": false }
					}
				},
				{
					"name": "flower22",
					"from": [ 0.0, 0.0, 4.0 ], 
					"to": [ 8.0, 8.0, 4.0 ], 
					"shade": false,
					"rotationOrigin": [ 4.0, 0.0, 4.0 ],
					"rotationY": -135.0,
					"faces": {
						"north": { "texture": "#lilyofthevalley3", "uv": [ 0.0, 0.0, 16.0, 16.0 ], "autoUv": false },
						"east": { "texture": "#lilyofthevalley3", "uv": [ 0.0, 0.0, 0.5, 8.0 ], "enabled": false },
						"south": { "texture": "#lilyofthevalley3", "uv": [ 0.0, 0.0, 8.0, 8.0 ], "enabled": false },
						"west": { "texture": "#lilyofthevalley3", "uv": [ 0.0, 0.0, 0.5, 8.0 ], "enabled": false },
						"up": { "texture": "#lilyofthevalley3", "uv": [ 0.0, 0.0, 8.0, 0.5 ], "enabled": false },
						"down": { "texture": "#lilyofthevalley3", "uv": [ 0.0, 0.0, 8.0, 0.5 ], "enabled": false }
					}
				}
			]
		}
	]}