{
	"editor": {
		"allAngles": false,
		"entityTextureMode": false
	},
	"textureWidth": 16,
	"textureHeight": 16,
	"textureSizes": {
	},
	"textures": {
	},
	"elements": [
		{
			"name": "FlowerSouth6",
			"from": [ 4.0, 0.0, 8.0 ], 
			"to": [ 12.0, 8.0, 8.0 ], 
			"shade": false,
			"renderPass": 2,
			"rotationOrigin": [ 8.0, 1.0, 7.9978 ],
			"rotationY": 44.97201542652408,
			"faces": {
				"north": { "texture": "#north", "uv": [ 0.0, 0.0, 16.0, 16.0 ], "autoUv": false },
				"east": { "texture": "#tallgrass", "uv": [ 0.0, 0.0, 0.5, 8.0 ], "enabled": false },
				"south": { "texture": "#south", "uv": [ 0.0, 0.0, 8.0, 8.0 ], "enabled": false },
				"west": { "texture": "#tallgrass", "uv": [ 0.0, 0.0, 0.5, 8.0 ], "enabled": false },
				"up": { "texture": "#tallgrass", "uv": [ 0.0, 0.0, 8.0, 0.5 ], "enabled": false },
				"down": { "texture": "#tallgrass", "uv": [ 0.0, 0.0, 8.0, 0.5 ], "enabled": false }
			},
			"children": [
				{
					"name": "FlowerNorth5",
					"from": [ 0.0, 0.0, -0.002 ], 
					"to": [ 8.0, 8.0, -0.002 ], 
					"shade": false,
					"renderPass": 2,
					"rotationOrigin": [ 4.0, 1.0, -0.002 ],
					"rotationY": -89.97201860485777,
					"faces": {
						"north": { "texture": "#north", "uv": [ 0.0, 0.0, 16.0, 16.0 ], "autoUv": false },
						"east": { "texture": "#tallgrass", "uv": [ 0.0, 0.0, 0.5, 8.0 ], "enabled": false },
						"south": { "texture": "#south", "uv": [ 0.0, 0.0, 8.0, 8.0 ], "enabled": false },
						"west": { "texture": "#tallgrass", "uv": [ 0.0, 0.0, 0.5, 8.0 ], "enabled": false },
						"up": { "texture": "#tallgrass", "uv": [ 0.0, 0.0, 8.0, 0.5 ], "enabled": false },
						"down": { "texture": "#tallgrass", "uv": [ 0.0, 0.0, 8.0, 0.5 ], "enabled": false }
					}
				},
				{
					"name": "FlowerNorth",
					"from": [ -3.5373, 0.0, -3.5358 ], 
					"to": [ 4.4627, 8.0, -3.5358 ], 
					"shade": false,
					"renderPass": 2,
					"rotationOrigin": [ 0.4627, 1.0, -3.5358 ],
					"rotationY": -89.97201860485777,
					"faces": {
						"north": { "texture": "#north2", "uv": [ 0.0, 0.0, 16.0, 16.0 ] },
						"east": { "texture": "#tallgrass", "uv": [ 0.0, 0.0, 0.5, 16.0 ], "enabled": false },
						"south": { "texture": "#south2", "uv": [ 0.0, 0.0, 16.0, 16.0 ], "enabled": false },
						"west": { "texture": "#tallgrass", "uv": [ 0.0, 0.0, 0.5, 16.0 ], "enabled": false },
						"up": { "texture": "#tallgrass", "uv": [ 0.0, 0.0, 16.0, 0.5 ], "enabled": false },
						"down": { "texture": "#tallgrass", "uv": [ 0.0, 0.0, 16.0, 0.5 ], "enabled": false }
					}
				},
				{
					"name": "FlowerSouth9",
					"from": [ 3.5393, 0.0, 3.5338 ], 
					"to": [ 11.5393, 8.0, 3.5338 ], 
					"shade": false,
					"renderPass": 2,
					"rotationOrigin": [ 7.5373, 1.0, 3.5318 ],
					"faces": {
						"north": { "texture": "#north1", "uv": [ 0.0, 0.0, 16.0, 16.0 ], "autoUv": false },
						"east": { "texture": "#tallgrass", "uv": [ 0.0, 0.0, 0.5, 8.0 ], "enabled": false },
						"south": { "texture": "#south1", "uv": [ 0.0, 0.0, 8.0, 8.0 ], "enabled": false },
						"west": { "texture": "#tallgrass", "uv": [ 0.0, 0.0, 0.5, 8.0 ], "enabled": false },
						"up": { "texture": "#tallgrass", "uv": [ 0.0, 0.0, 8.0, 0.5 ], "enabled": false },
						"down": { "texture": "#tallgrass", "uv": [ 0.0, 0.0, 8.0, 0.5 ], "enabled": false }
					}
				},
				{
					"name": "FlowerNorth8",
					"from": [ 3.5373, 0.0, 3.5318 ], 
					"to": [ 11.5373, 8.0, 3.5318 ], 
					"shade": false,
					"renderPass": 2,
					"rotationOrigin": [ 7.5373, 1.0, 3.5318 ],
					"rotationY": -89.97201860485777,
					"faces": {
						"north": { "texture": "#north3", "uv": [ 0.0, 0.0, 16.0, 16.0 ], "autoUv": false },
						"east": { "texture": "#tallgrass", "uv": [ 0.0, 0.0, 0.5, 8.0 ], "enabled": false },
						"south": { "texture": "#south3", "uv": [ 0.0, 0.0, 8.0, 8.0 ], "enabled": false },
						"west": { "texture": "#tallgrass", "uv": [ 0.0, 0.0, 0.5, 8.0 ], "enabled": false },
						"up": { "texture": "#tallgrass", "uv": [ 0.0, 0.0, 8.0, 0.5 ], "enabled": false },
						"down": { "texture": "#tallgrass", "uv": [ 0.0, 0.0, 8.0, 0.5 ], "enabled": false }
					}
				},
				{
					"name": "FlowerSouth",
					"from": [ -3.5353, 0.0, -3.5338 ], 
					"to": [ 4.4647, 8.0, -3.5338 ], 
					"shade": false,
					"renderPass": 2,
					"rotationOrigin": [ 0.4627, 1.0, -3.5358 ],
					"faces": {
						"north": { "texture": "#north4", "uv": [ 0.0, 0.0, 16.0, 16.0 ] },
						"east": { "texture": "#tallgrass", "uv": [ 0.0, 0.0, 0.5, 16.0 ], "enabled": false },
						"south": { "texture": "#south4", "uv": [ 0.0, 0.0, 16.0, 16.0 ], "enabled": false },
						"west": { "texture": "#tallgrass", "uv": [ 0.0, 0.0, 0.5, 16.0 ], "enabled": false },
						"up": { "texture": "#tallgrass", "uv": [ 0.0, 0.0, 16.0, 0.5 ], "enabled": false },
						"down": { "texture": "#tallgrass", "uv": [ 0.0, 0.0, 16.0, 0.5 ], "enabled": false }
					}
				}
			]
		}
	]}