{
	"editor": {
		"allAngles": false,
		"entityTextureMode": false
	},
	"textureWidth": 16,
	"textureHeight": 16,
	"textureSizes": {
	},
	"textures": {
	},
	"elements": [
		{
			"name": "Master",
			"from": [ -5.0, 0.0, -5.0 ], 
			"to": [ -5.0, 0.0, -5.0 ], 
			"rotationOrigin": [ -5.0, 0.0, -5.0 ],
			"faces": {
				"north": { "texture": "#null", "uv": [ 0.0, 0.0, 0.5, 0.5 ], "enabled": false },
				"east": { "texture": "#null", "uv": [ 0.0, 0.0, 0.5, 0.5 ], "enabled": false },
				"south": { "texture": "#null", "uv": [ 0.0, 0.0, 0.5, 0.5 ], "enabled": false },
				"west": { "texture": "#null", "uv": [ 0.0, 0.0, 0.5, 0.5 ], "enabled": false },
				"up": { "texture": "#null", "uv": [ 0.0, 0.0, 0.5, 0.5 ], "enabled": false },
				"down": { "texture": "#null", "uv": [ 0.0, 0.0, 0.5, 0.5 ], "enabled": false }
			},
			"children": [
				{
					"name": "Side E",
					"from": [ 20.0, 0.0, 6.0 ], 
					"to": [ 21.0, 7.0, 10.0 ], 
					"rotationOrigin": [ 10.0, 0.0, 0.0 ],
					"faces": {
						"north": { "texture": "#-1", "uv": [ 0.0, 0.0, 1.0, 7.0 ], "enabled": false },
						"east": { "texture": "#sides", "uv": [ 10.0, 9.0, 14.0, 16.0 ] },
						"south": { "texture": "#-1", "uv": [ 0.0, 0.0, 1.0, 7.0 ], "enabled": false },
						"west": { "texture": "#topbottom", "uv": [ 12.0, 0.0, 16.0, 7.0 ] },
						"up": { "texture": "#sides", "uv": [ 10.0, 8.0, 14.0, 9.0 ], "rotation": 270 },
						"down": { "texture": "#topbottom", "uv": [ 0.0, 11.0, 1.0, 15.0 ] }
					}
				},
				{
					"name": "Side W",
					"from": [ 5.0, 0.0, 6.0 ], 
					"to": [ 6.0, 7.0, 10.0 ], 
					"faces": {
						"north": { "texture": "#-1", "uv": [ 0.0, 0.0, 1.0, 7.0 ], "enabled": false },
						"east": { "texture": "#topbottom", "uv": [ 8.5, 0.0, 12.5, 7.0 ] },
						"south": { "texture": "#-1", "uv": [ 0.0, 0.0, 1.0, 7.0 ], "enabled": false },
						"west": { "texture": "#sides", "uv": [ 2.0, 9.0, 6.0, 16.0 ] },
						"up": { "texture": "#sides", "uv": [ 2.0, 8.0, 6.0, 9.0 ], "rotation": 90 },
						"down": { "texture": "#topbottom", "uv": [ 5.0, 11.0, 6.0, 15.0 ] }
					}
				},
				{
					"name": "Side N",
					"from": [ 5.0, 0.0, 5.0 ], 
					"to": [ 21.0, 7.0, 6.0 ], 
					"faces": {
						"north": { "texture": "#sides", "uv": [ 0.0, 1.0, 16.0, 8.0 ] },
						"east": { "texture": "#sides", "uv": [ 0.0, 1.0, 1.0, 8.0 ] },
						"south": { "texture": "#topbottom", "uv": [ 0.0, 0.0, 16.0, 7.0 ] },
						"west": { "texture": "#sides", "uv": [ 7.0, 1.0, 8.0, 8.0 ] },
						"up": { "texture": "#sides", "uv": [ 0.0, 0.0, 16.0, 1.0 ], "rotation": 180 },
						"down": { "texture": "#topbottom", "uv": [ 0.0, 10.0, 16.0, 11.0 ] }
					}
				},
				{
					"name": "Side S",
					"from": [ 5.0, 0.0, 10.0 ], 
					"to": [ 21.0, 7.0, 11.0 ], 
					"faces": {
						"north": { "texture": "#topbottom", "uv": [ 0.0, 0.0, 16.0, 7.0 ] },
						"east": { "texture": "#sides", "uv": [ 15.0, 1.0, 16.0, 8.0 ] },
						"south": { "texture": "#sides", "uv": [ 0.0, 0.0, 16.0, 7.0 ] },
						"west": { "texture": "#sides", "uv": [ 8.0, 1.0, 9.0, 8.0 ] },
						"up": { "texture": "#sides", "uv": [ 0.0, 0.0, 16.0, 1.0 ] },
						"down": { "texture": "#topbottom", "uv": [ 0.0, 15.0, 16.0, 16.0 ] }
					}
				},
				{
					"name": "Metal Middle",
					"from": [ 12.5, 0.0, 11.0 ], 
					"to": [ 13.5, 6.0, 11.2 ], 
					"rotationOrigin": [ 12.0, 0.0, 11.0 ],
					"faces": {
						"north": { "texture": "#null", "uv": [ 0.0, 0.0, 1.0, 6.0 ] },
						"east": { "texture": "#null", "uv": [ 0.0, 0.0, 0.5, 6.0 ] },
						"south": { "texture": "#null", "uv": [ 0.0, 0.0, 1.0, 6.0 ] },
						"west": { "texture": "#null", "uv": [ 0.0, 0.0, 0.5, 6.0 ] },
						"up": { "texture": "#null", "uv": [ 0.0, 0.0, 1.0, 0.5 ] },
						"down": { "texture": "#null", "uv": [ 0.0, 0.0, 1.0, 0.5 ] }
					},
					"children": [
						{
							"name": "Part Metal 4",
							"from": [ 0.0, 7.2, 0.7 ], 
							"to": [ 1.0, 7.8, 0.9 ], 
							"rotationOrigin": [ 0.0, 7.2, 0.7 ],
							"rotationX": -45.0,
							"faces": {
								"north": { "texture": "#null", "uv": [ 0.0, 0.0, 1.0, 0.5 ] },
								"east": { "texture": "#null", "uv": [ 0.0, 0.0, 0.5, 0.5 ] },
								"south": { "texture": "#null", "uv": [ 0.0, 0.0, 1.0, 0.5 ] },
								"west": { "texture": "#null", "uv": [ 0.0, 0.0, 0.5, 0.5 ] },
								"up": { "texture": "#null", "uv": [ 0.0, 0.0, 1.0, 0.5 ] },
								"down": { "texture": "#null", "uv": [ 0.0, 0.0, 1.0, 0.5 ] }
							}
						},
						{
							"name": "Part Metal 5",
							"from": [ 0.0, 6.7, 0.7 ], 
							"to": [ 1.0, 7.2, 0.9 ], 
							"rotationOrigin": [ -0.5, 7.0, 0.0 ],
							"faces": {
								"north": { "texture": "#null", "uv": [ 0.0, 0.0, 1.0, 0.5 ] },
								"east": { "texture": "#null", "uv": [ 0.0, 0.0, 0.5, 0.5 ] },
								"south": { "texture": "#null", "uv": [ 0.0, 0.0, 1.0, 0.5 ] },
								"west": { "texture": "#null", "uv": [ 0.0, 0.0, 0.5, 0.5 ] },
								"up": { "texture": "#null", "uv": [ 0.0, 0.0, 1.0, 0.5 ] },
								"down": { "texture": "#null", "uv": [ 0.0, 0.0, 1.0, 0.5 ] }
							}
						},
						{
							"name": "Part Metal 6",
							"from": [ 0.0, 6.0, 0.0 ], 
							"to": [ 1.0, 7.0, 0.2 ], 
							"rotationOrigin": [ -0.5, 6.0, 0.0 ],
							"rotationX": 45.0,
							"faces": {
								"north": { "texture": "#null", "uv": [ 0.0, 0.0, 1.0, 1.0 ] },
								"east": { "texture": "#null", "uv": [ 0.0, 0.0, 0.5, 1.0 ] },
								"south": { "texture": "#null", "uv": [ 0.0, 0.0, 1.0, 1.0 ] },
								"west": { "texture": "#null", "uv": [ 0.0, 0.0, 0.5, 1.0 ] },
								"up": { "texture": "#null", "uv": [ 0.0, 0.0, 1.0, 0.5 ] },
								"down": { "texture": "#null", "uv": [ 0.0, 0.0, 1.0, 0.5 ] }
							}
						},
						{
							"name": "Part Metal 7",
							"from": [ 0.0, 7.63, 0.12 ], 
							"to": [ 1.0, 8.23, 0.32 ], 
							"rotationOrigin": [ 0.0, 7.7, 0.2 ],
							"rotationX": -90.0,
							"faces": {
								"north": { "texture": "#null", "uv": [ 0.0, 0.0, 1.0, 0.5 ] },
								"east": { "texture": "#null", "uv": [ 0.0, 0.0, 0.5, 0.5 ] },
								"south": { "texture": "#null", "uv": [ 0.0, 0.0, 1.0, 0.5 ] },
								"west": { "texture": "#null", "uv": [ 0.0, 0.0, 0.5, 0.5 ] },
								"up": { "texture": "#null", "uv": [ 0.0, 0.0, 1.0, 0.5 ] },
								"down": { "texture": "#null", "uv": [ 0.0, 0.0, 1.0, 0.5 ] }
							}
						},
						{
							"name": "Metal 4",
							"from": [ 0.0, -0.2, -6.0 ], 
							"to": [ 1.0, 0.0, 0.2 ], 
							"rotationOrigin": [ 0.5, -1.0, -6.0 ],
							"faces": {
								"north": { "texture": "#null", "uv": [ 0.0, 0.0, 1.0, 0.5 ] },
								"east": { "texture": "#null", "uv": [ 0.0, 0.0, 6.0, 0.5 ] },
								"south": { "texture": "#null", "uv": [ 0.0, 0.0, 1.0, 0.5 ] },
								"west": { "texture": "#null", "uv": [ 0.0, 0.0, 6.0, 0.5 ] },
								"up": { "texture": "#null", "uv": [ 0.0, 0.0, 1.0, 6.0 ] },
								"down": { "texture": "#null", "uv": [ 0.0, 0.0, 1.0, 6.0 ] }
							}
						}
					]
				},
				{
					"name": "Bottom",
					"from": [ 6.0, 0.0, 6.0 ], 
					"to": [ 20.0, 1.0, 10.0 ], 
					"faces": {
						"north": { "texture": "#-1", "uv": [ 0.0, 0.0, 14.0, 1.0 ], "enabled": false },
						"east": { "texture": "#-1", "uv": [ 0.0, 0.0, 4.0, 1.0 ], "enabled": false },
						"south": { "texture": "#-1", "uv": [ 0.0, 0.0, 14.0, 1.0 ], "enabled": false },
						"west": { "texture": "#-1", "uv": [ 0.0, 0.0, 4.0, 1.0 ], "enabled": false },
						"up": { "texture": "#topbottom", "uv": [ 1.0, 12.0, 15.0, 16.0 ] },
						"down": { "texture": "#topbottom", "uv": [ 1.0, 11.0, 15.0, 15.0 ] }
					}
				},
				{
					"name": "Filling",
					"from": [ 6.0, 1.0, 6.0 ], 
					"to": [ 20.0, 6.0, 10.0 ], 
					"faces": {
						"north": { "texture": "#-1", "uv": [ 0.0, 0.0, 14.0, 5.0 ], "enabled": false },
						"east": { "texture": "#-1", "uv": [ 0.0, 0.0, 4.0, 5.0 ], "enabled": false },
						"south": { "texture": "#-1", "uv": [ 0.0, 0.0, 14.0, 5.0 ], "enabled": false },
						"west": { "texture": "#-1", "uv": [ 0.0, 0.0, 4.0, 5.0 ], "enabled": false },
						"up": { "texture": "#topbottom", "uv": [ 1.0, 12.0, 15.0, 16.0 ] },
						"down": { "texture": "#-1", "uv": [ 0.0, 0.0, 14.0, 4.0 ], "enabled": false }
					}
				},
				{
					"name": "Metal Right",
					"from": [ 19.0, 0.0, 11.0 ], 
					"to": [ 20.0, 6.0, 11.2 ], 
					"rotationOrigin": [ 20.0, 0.0, 11.0 ],
					"faces": {
						"north": { "texture": "#null", "uv": [ 0.0, 0.0, 1.0, 6.0 ] },
						"east": { "texture": "#null", "uv": [ 0.0, 0.0, 0.5, 6.0 ] },
						"south": { "texture": "#null", "uv": [ 0.0, 0.0, 1.0, 6.0 ] },
						"west": { "texture": "#null", "uv": [ 0.0, 0.0, 0.5, 6.0 ] },
						"up": { "texture": "#null", "uv": [ 0.0, 0.0, 1.0, 0.5 ] },
						"down": { "texture": "#null", "uv": [ 0.0, 0.0, 1.0, 0.5 ] }
					},
					"children": [
						{
							"name": "Part Metal 0",
							"from": [ 0.0, 7.2, 0.7 ], 
							"to": [ 1.0, 7.8, 0.9 ], 
							"rotationOrigin": [ 0.0, 7.2, 0.7 ],
							"rotationX": -45.0,
							"faces": {
								"north": { "texture": "#null", "uv": [ 0.0, 0.0, 1.0, 0.5 ] },
								"east": { "texture": "#null", "uv": [ 0.0, 0.0, 0.5, 0.5 ] },
								"south": { "texture": "#null", "uv": [ 0.0, 0.0, 1.0, 0.5 ] },
								"west": { "texture": "#null", "uv": [ 0.0, 0.0, 0.5, 0.5 ] },
								"up": { "texture": "#null", "uv": [ 0.0, 0.0, 1.0, 0.5 ] },
								"down": { "texture": "#null", "uv": [ 0.0, 0.0, 1.0, 0.5 ] }
							}
						},
						{
							"name": "Part Metal 1",
							"from": [ 0.0, 6.7, 0.7 ], 
							"to": [ 1.0, 7.2, 0.9 ], 
							"rotationOrigin": [ -0.5, 7.0, 0.0 ],
							"faces": {
								"north": { "texture": "#null", "uv": [ 0.0, 0.0, 1.0, 0.5 ] },
								"east": { "texture": "#null", "uv": [ 0.0, 0.0, 0.5, 0.5 ] },
								"south": { "texture": "#null", "uv": [ 0.0, 0.0, 1.0, 0.5 ] },
								"west": { "texture": "#null", "uv": [ 0.0, 0.0, 0.5, 0.5 ] },
								"up": { "texture": "#null", "uv": [ 0.0, 0.0, 1.0, 0.5 ] },
								"down": { "texture": "#null", "uv": [ 0.0, 0.0, 1.0, 0.5 ] }
							}
						},
						{
							"name": "Part Metal 2",
							"from": [ 0.0, 6.0, 0.0 ], 
							"to": [ 1.0, 7.0, 0.2 ], 
							"rotationOrigin": [ -0.5, 6.0, 0.0 ],
							"rotationX": 45.0,
							"faces": {
								"north": { "texture": "#null", "uv": [ 0.0, 0.0, 1.0, 1.0 ] },
								"east": { "texture": "#null", "uv": [ 0.0, 0.0, 0.5, 1.0 ] },
								"south": { "texture": "#null", "uv": [ 0.0, 0.0, 1.0, 1.0 ] },
								"west": { "texture": "#null", "uv": [ 0.0, 0.0, 0.5, 1.0 ] },
								"up": { "texture": "#null", "uv": [ 0.0, 0.0, 1.0, 0.5 ] },
								"down": { "texture": "#null", "uv": [ 0.0, 0.0, 1.0, 0.5 ] }
							}
						},
						{
							"name": "Part Metal ",
							"from": [ 0.0, 7.63, 0.12 ], 
							"to": [ 1.0, 8.23, 0.32 ], 
							"rotationOrigin": [ 0.0, 7.7, 0.2 ],
							"rotationX": -90.0,
							"faces": {
								"north": { "texture": "#null", "uv": [ 0.0, 0.0, 1.0, 0.5 ] },
								"east": { "texture": "#null", "uv": [ 0.0, 0.0, 0.5, 0.5 ] },
								"south": { "texture": "#null", "uv": [ 0.0, 0.0, 1.0, 0.5 ] },
								"west": { "texture": "#null", "uv": [ 0.0, 0.0, 0.5, 0.5 ] },
								"up": { "texture": "#null", "uv": [ 0.0, 0.0, 1.0, 0.5 ] },
								"down": { "texture": "#null", "uv": [ 0.0, 0.0, 1.0, 0.5 ] }
							}
						},
						{
							"name": "Metal 2",
							"from": [ 0.0, -0.2, -6.0 ], 
							"to": [ 1.0, 0.0, 0.2 ], 
							"rotationOrigin": [ 0.0, -1.0, -6.0 ],
							"faces": {
								"north": { "texture": "#null", "uv": [ 0.0, 0.0, 1.0, 0.5 ] },
								"east": { "texture": "#null", "uv": [ 0.0, 0.0, 6.0, 0.5 ] },
								"south": { "texture": "#null", "uv": [ 0.0, 0.0, 1.0, 0.5 ] },
								"west": { "texture": "#null", "uv": [ 0.0, 0.0, 6.0, 0.5 ] },
								"up": { "texture": "#null", "uv": [ 0.0, 0.0, 1.0, 6.0 ] },
								"down": { "texture": "#null", "uv": [ 0.0, 0.0, 1.0, 6.0 ] }
							}
						}
					]
				},
				{
					"name": "Metal Left",
					"from": [ 6.0, 0.0, 11.0 ], 
					"to": [ 7.0, 6.0, 11.2 ], 
					"rotationOrigin": [ 7.0, 0.0, 11.0 ],
					"faces": {
						"north": { "texture": "#null", "uv": [ 0.0, 0.0, 1.0, 6.0 ] },
						"east": { "texture": "#null", "uv": [ 0.0, 0.0, 0.5, 6.0 ] },
						"south": { "texture": "#null", "uv": [ 0.0, 0.0, 1.0, 6.0 ] },
						"west": { "texture": "#null", "uv": [ 0.0, 0.0, 0.5, 6.0 ] },
						"up": { "texture": "#null", "uv": [ 0.0, 0.0, 1.0, 0.5 ] },
						"down": { "texture": "#null", "uv": [ 0.0, 0.0, 1.0, 0.5 ] }
					},
					"children": [
						{
							"name": "Part Metal 22",
							"from": [ 0.0, 7.2, 0.7 ], 
							"to": [ 1.0, 7.8, 0.9 ], 
							"rotationOrigin": [ 0.0, 7.2, 0.7 ],
							"rotationX": -45.0,
							"faces": {
								"north": { "texture": "#null", "uv": [ 0.0, 0.0, 1.0, 0.5 ] },
								"east": { "texture": "#null", "uv": [ 0.0, 0.0, 0.5, 0.5 ] },
								"south": { "texture": "#null", "uv": [ 0.0, 0.0, 1.0, 0.5 ] },
								"west": { "texture": "#null", "uv": [ 0.0, 0.0, 0.5, 0.5 ] },
								"up": { "texture": "#null", "uv": [ 0.0, 0.0, 1.0, 0.5 ] },
								"down": { "texture": "#null", "uv": [ 0.0, 0.0, 1.0, 0.5 ] }
							}
						},
						{
							"name": "Part Metal 23",
							"from": [ 0.0, 6.7, 0.7 ], 
							"to": [ 1.0, 7.2, 0.9 ], 
							"rotationOrigin": [ -0.5, 7.0, 0.0 ],
							"faces": {
								"north": { "texture": "#null", "uv": [ 0.0, 0.0, 1.0, 0.5 ] },
								"east": { "texture": "#null", "uv": [ 0.0, 0.0, 0.5, 0.5 ] },
								"south": { "texture": "#null", "uv": [ 0.0, 0.0, 1.0, 0.5 ] },
								"west": { "texture": "#null", "uv": [ 0.0, 0.0, 0.5, 0.5 ] },
								"up": { "texture": "#null", "uv": [ 0.0, 0.0, 1.0, 0.5 ] },
								"down": { "texture": "#null", "uv": [ 0.0, 0.0, 1.0, 0.5 ] }
							}
						},
						{
							"name": "Part Metal 24",
							"from": [ 0.0, 6.0, 0.0 ], 
							"to": [ 1.0, 7.0, 0.2 ], 
							"rotationOrigin": [ -0.5, 6.0, 0.0 ],
							"rotationX": 45.0,
							"faces": {
								"north": { "texture": "#null", "uv": [ 0.0, 0.0, 1.0, 1.0 ] },
								"east": { "texture": "#null", "uv": [ 0.0, 0.0, 0.5, 1.0 ] },
								"south": { "texture": "#null", "uv": [ 0.0, 0.0, 1.0, 1.0 ] },
								"west": { "texture": "#null", "uv": [ 0.0, 0.0, 0.5, 1.0 ] },
								"up": { "texture": "#null", "uv": [ 0.0, 0.0, 1.0, 0.5 ] },
								"down": { "texture": "#null", "uv": [ 0.0, 0.0, 1.0, 0.5 ] }
							}
						},
						{
							"name": "Part Metal 25",
							"from": [ 0.0, 7.63, 0.12 ], 
							"to": [ 1.0, 8.23, 0.32 ], 
							"rotationOrigin": [ 0.0, 7.7, 0.2 ],
							"rotationX": -90.0,
							"faces": {
								"north": { "texture": "#null", "uv": [ 0.0, 0.0, 1.0, 0.5 ] },
								"east": { "texture": "#null", "uv": [ 0.0, 0.0, 0.5, 0.5 ] },
								"south": { "texture": "#null", "uv": [ 0.0, 0.0, 1.0, 0.5 ] },
								"west": { "texture": "#null", "uv": [ 0.0, 0.0, 0.5, 0.5 ] },
								"up": { "texture": "#null", "uv": [ 0.0, 0.0, 1.0, 0.5 ] },
								"down": { "texture": "#null", "uv": [ 0.0, 0.0, 1.0, 0.5 ] }
							}
						},
						{
							"name": "Metal 1",
							"from": [ 0.0, -0.2, -6.0 ], 
							"to": [ 1.0, 0.0, 0.2 ], 
							"rotationOrigin": [ 0.0, -1.0, -6.0 ],
							"faces": {
								"north": { "texture": "#null", "uv": [ 0.0, 0.0, 1.0, 0.5 ] },
								"east": { "texture": "#null", "uv": [ 0.0, 0.0, 6.0, 0.5 ] },
								"south": { "texture": "#null", "uv": [ 0.0, 0.0, 1.0, 0.5 ] },
								"west": { "texture": "#null", "uv": [ 0.0, 0.0, 6.0, 0.5 ] },
								"up": { "texture": "#null", "uv": [ 0.0, 0.0, 1.0, 6.0 ] },
								"down": { "texture": "#null", "uv": [ 0.0, 0.0, 1.0, 6.0 ] }
							}
						}
					]
				}
			]
		}
	]}