{
  "code": "minecart",
  "class": "MinecartEntity",
  "attributes": {
    "setGuardedEntityAttribute": true,
    "randomnonsense": "hmmmm"
    
  },
  "hitboxSize": {
    "x": 1,
    "y": 1
  },
  "deadHitboxSize": {
    "x": 1,
    "y": 1
  },
  "eyeHeight": 0.4,
  "drops": [],
  "client": {
    "renderer": "Shape",
	size: 1.2,
    "shape": { "base": "rustandrails:block/rails/minecart" },
    "behaviors": [
      
      { code: "passivephysics",
				groundDragFactor: 1,
				airDragFactor: 0.25,
				gravityFactor: 0.75
			},
      
      { "code": "interpolateposition" }
    ],
    animations: [
			{
				code: "hurt",
				animation: "hurt", 
				animationSpeed: 2.2,
				weight: 10,
				blendMode: "AddAverage" 
			},
			{ 
				code: "idle", 
				animation: "idle",
				blendMode: "AddAverage",
				easeOutSpeed: 4,
				triggeredBy: { defaultAnim: true },
			},
			{ 
				code: "walk",
				animation: "walk",
				blendMode: "AddAverage",
				easeOutSpeed: 4,
				triggeredBy: { defaultAnim: true },
			}
		]
  },
  "server": {
    "behaviors": [
      
     { code: "passivephysics",
				groundDragFactor: 1,
				airDragFactor: 0.25,
				gravityFactor: 0.75
			}
      
    ]
  }
  
}
