{
	"editor": {
		"allAngles": false,
		"entityTextureMode": false
	},
	"textureWidth": 16,
	"textureHeight": 16,
	"textureSizes": {
	},
	"textures": {
		"machinery-back": "C:/Users/andy-/Documents/GitHub/qptech/mods/qptech/assets/machines/textures/block/generator/machinery-back",
		"tinder": "C:/Users/andy-/Documents/GitHub/qptech/mods/qptechfurniture/assets/furniture/textures/block/grass/hay/normal-side",
		"brick": "C:/Users/andy-/Documents/GitHub/qptech/mods/qptechfurniture/assets/furniture/textures/block/stone/rock/brick",
		"stone": "C:/Users/andy-/Documents/GitHub/qptech/mods/qptechfurniture/assets/furniture/textures/block/stone/rock/stone"
	},
	"elements": [
		{
			"name": "Stones",
			"from": [ 8.0, 8.0, 8.0 ], 
			"to": [ 8.0, 8.0, 8.0 ], 
			"rotationOrigin": [ 8.0, 8.0, 8.0 ],
			"rotationX": -1.707547096970472E-6,
			"rotationY": -1.6077454551211241E-9,
			"rotationZ": -4.0222564515191017E-10,
			"faces": {
				"north": { "texture": "#tinder", "uv": [ 0.0, 0.0, 0.5, 0.5 ], "enabled": false },
				"east": { "texture": "#tinder", "uv": [ 0.0, 0.0, 0.5, 0.5 ], "enabled": false },
				"south": { "texture": "#tinder", "uv": [ 0.0, 0.0, 0.5, 0.5 ], "enabled": false },
				"west": { "texture": "#tinder", "uv": [ 0.0, 0.0, 0.5, 0.5 ], "enabled": false },
				"up": { "texture": "#tinder", "uv": [ 0.0, 0.0, 0.5, 0.5 ], "enabled": false },
				"down": { "texture": "#tinder", "uv": [ 0.0, 0.0, 0.5, 0.5 ], "enabled": false }
			},
			"children": [
				{
					"name": "Stone 1",
					"from": [ 3.5, -8.0, 5.5 ], 
					"to": [ 8.0, -6.0, 8.0 ], 
					"rotationOrigin": [ 3.5, -8.0, 5.5 ],
					"rotationX": -1.0177772601932188E-13,
					"rotationY": -9.939232241423287E-17,
					"rotationZ": -2.4848080603558218E-17,
					"faces": {
						"north": { "texture": "#brick", "uv": [ 0.0, 8.0, 16.0, 16.0 ], "autoUv": false },
						"east": { "texture": "#brick", "uv": [ 7.5, 8.0, 15.5, 16.0 ], "autoUv": false },
						"south": { "texture": "#brick", "uv": [ 0.0, 8.0, 14.0, 16.0 ], "autoUv": false },
						"west": { "texture": "#brick", "uv": [ 2.0, 8.0, 14.0, 16.0 ], "enabled": false, "autoUv": false },
						"up": { "texture": "#brick", "uv": [ 0.0, 8.0, 14.0, 16.0 ], "autoUv": false },
						"down": { "texture": "#brick", "uv": [ 0.0, 8.0, 16.0, 16.0 ], "autoUv": false }
					}
				},
				{
					"name": "Stone 2",
					"from": [ -0.5, -8.0, 5.5 ], 
					"to": [ 3.5, -6.0, 8.0 ], 
					"rotationOrigin": [ -0.5, -8.0, 5.5 ],
					"rotationX": -1.0177772601932188E-13,
					"rotationY": -9.939232241423287E-17,
					"rotationZ": -2.4848080603558218E-17,
					"faces": {
						"north": { "texture": "#brick", "uv": [ 0.0, 8.0, 16.0, 16.0 ], "rotation": 180, "autoUv": false },
						"east": { "texture": "#brick", "uv": [ 0.0, 0.0, 10.0, 6.0 ], "enabled": false, "autoUv": false },
						"south": { "texture": "#brick", "uv": [ 0.0, 8.0, 16.0, 16.0 ], "rotation": 180, "autoUv": false },
						"west": { "texture": "#brick", "uv": [ 0.0, 0.0, 10.0, 6.0 ], "enabled": false, "autoUv": false },
						"up": { "texture": "#brick", "uv": [ 0.0, 8.0, 16.0, 16.0 ], "autoUv": false },
						"down": { "texture": "#brick", "uv": [ 0.0, 8.0, 16.0, 16.0 ], "autoUv": false }
					}
				},
				{
					"name": "Stone 4",
					"from": [ 6.9998, -8.0, 1.0022 ], 
					"to": [ 11.4998, -6.0, 3.5022 ], 
					"rotationOrigin": [ 7.5, -8.0, 1.5 ],
					"rotationX": -4.169834180636073E-10,
					"rotationY": -89.9802127184967,
					"rotationZ": -4.169834180636073E-10,
					"faces": {
						"north": { "texture": "#brick", "uv": [ 0.0, 8.0, 16.0, 16.0 ], "autoUv": false },
						"east": { "texture": "#brick", "uv": [ 0.0, 8.0, 16.0, 16.0 ], "enabled": false, "autoUv": false },
						"south": { "texture": "#brick", "uv": [ 0.0, 8.0, 16.0, 16.0 ], "autoUv": false },
						"west": { "texture": "#brick", "uv": [ 0.0, 8.0, 16.0, 16.0 ], "enabled": false, "autoUv": false },
						"up": { "texture": "#brick", "uv": [ 0.0, 8.0, 16.0, 15.5 ], "autoUv": false },
						"down": { "texture": "#brick", "uv": [ 0.0, 8.0, 16.0, 16.0 ], "autoUv": false }
					}
				},
				{
					"name": "Stone 3",
					"from": [ -5.5, -8.0, 5.5 ], 
					"to": [ -0.5, -6.0, 8.0 ], 
					"rotationOrigin": [ -5.5, -8.0, 5.5 ],
					"rotationX": -1.0177772601932188E-13,
					"rotationY": -9.939232241423287E-17,
					"rotationZ": -2.4848080603558218E-17,
					"faces": {
						"north": { "texture": "#brick", "uv": [ 0.0, 8.0, 16.0, 16.0 ], "autoUv": false },
						"east": { "texture": "#brick", "uv": [ 0.0, 0.0, 10.0, 6.0 ], "enabled": false, "autoUv": false },
						"south": { "texture": "#brick", "uv": [ 0.0, 8.0, 16.0, 16.0 ], "autoUv": false },
						"west": { "texture": "#brick", "uv": [ 0.0, 0.0, 10.0, 6.0 ], "enabled": false, "autoUv": false },
						"up": { "texture": "#brick", "uv": [ 0.0, 8.0, 16.0, 16.0 ], "autoUv": false },
						"down": { "texture": "#brick", "uv": [ 0.0, 8.0, 16.0, 16.0 ], "autoUv": false }
					}
				},
				{
					"name": "Stone 16",
					"from": [ 8.0012, -8.0, -3.4972 ], 
					"to": [ 12.5012, -6.0, -0.9972 ], 
					"rotationOrigin": [ 8.0, -8.0, -3.5 ],
					"rotationX": -4.169834180636073E-10,
					"rotationY": -89.9802127184967,
					"rotationZ": -4.169834180636073E-10,
					"faces": {
						"north": { "texture": "#brick", "uv": [ 0.0, 8.0, 16.0, 16.0 ], "rotation": 180, "autoUv": false },
						"east": { "texture": "#brick", "uv": [ 0.0, 8.0, 16.0, 16.0 ], "enabled": false, "autoUv": false },
						"south": { "texture": "#brick", "uv": [ 0.0, 8.0, 16.0, 16.0 ], "rotation": 180, "autoUv": false },
						"west": { "texture": "#brick", "uv": [ 0.0, 8.0, 16.0, 16.0 ], "enabled": false, "autoUv": false },
						"up": { "texture": "#brick", "uv": [ 0.0, 8.0, 16.0, 16.0 ], "rotation": 180, "autoUv": false },
						"down": { "texture": "#brick", "uv": [ 0.0, 8.0, 16.0, 16.0 ], "rotation": 180, "autoUv": false }
					}
				},
				{
					"name": "Stone 17",
					"from": [ 8.0028, -8.0, -7.9972 ], 
					"to": [ 12.5028, -6.0, -5.4972 ], 
					"rotationOrigin": [ 8.0, -8.0, -8.0 ],
					"rotationX": -4.169834180636073E-10,
					"rotationY": -89.9802127184967,
					"rotationZ": -4.169834180636073E-10,
					"faces": {
						"north": { "texture": "#brick", "uv": [ 0.0, 8.0, 14.0, 16.0 ], "autoUv": false },
						"east": { "texture": "#brick", "uv": [ 2.0, 8.0, 14.0, 16.0 ], "enabled": false, "autoUv": false },
						"south": { "texture": "#brick", "uv": [ 0.0, 8.0, 16.0, 16.0 ], "autoUv": false },
						"west": { "texture": "#brick", "uv": [ 7.5, 8.0, 16.0, 16.0 ], "autoUv": false },
						"up": { "texture": "#brick", "uv": [ 0.0, 8.0, 16.0, 16.0 ], "autoUv": false },
						"down": { "texture": "#brick", "uv": [ 0.0, 8.0, 16.0, 16.0 ], "autoUv": false }
					}
				},
				{
					"name": "Stone 18",
					"from": [ -6.0009, -8.0, 2.9979 ], 
					"to": [ -1.5009, -6.0, 5.4979 ], 
					"rotationOrigin": [ -6.0, -8.0, 3.5 ],
					"rotationX": -4.169834180636073E-10,
					"rotationY": -89.9802127184967,
					"rotationZ": -4.169834180636073E-10,
					"faces": {
						"north": { "texture": "#brick", "uv": [ 0.0, 8.0, 16.0, 16.0 ], "autoUv": false },
						"east": { "texture": "#brick", "uv": [ 7.5, 8.0, 15.5, 16.0 ], "autoUv": false },
						"south": { "texture": "#brick", "uv": [ 0.0, 8.0, 14.0, 16.0 ], "autoUv": false },
						"west": { "texture": "#brick", "uv": [ 0.0, 8.0, 16.0, 16.0 ], "enabled": false, "autoUv": false },
						"up": { "texture": "#brick", "uv": [ 0.0, 8.0, 16.0, 15.5 ], "autoUv": false },
						"down": { "texture": "#brick", "uv": [ 0.0, 8.0, 16.0, 16.0 ], "autoUv": false }
					}
				},
				{
					"name": "Stone 19",
					"from": [ -4.9993, -8.0, -2.0016 ], 
					"to": [ 7.0E-4, -6.0, 0.4984 ], 
					"rotationOrigin": [ -5.5, -8.0, -2.0 ],
					"rotationX": -4.169834180636073E-10,
					"rotationY": -89.9802127184967,
					"rotationZ": -4.169834180636073E-10,
					"faces": {
						"north": { "texture": "#brick", "uv": [ 0.0, 8.0, 16.0, 16.0 ], "rotation": 180, "autoUv": false },
						"east": { "texture": "#brick", "uv": [ 0.0, 8.0, 16.0, 16.0 ], "enabled": false, "autoUv": false },
						"south": { "texture": "#brick", "uv": [ 0.0, 8.0, 16.0, 16.0 ], "autoUv": false },
						"west": { "texture": "#brick", "uv": [ 0.0, 8.0, 16.0, 16.0 ], "enabled": false, "autoUv": false },
						"up": { "texture": "#brick", "uv": [ 0.0, 8.0, 16.0, 16.0 ], "rotation": 180, "autoUv": false },
						"down": { "texture": "#brick", "uv": [ 0.0, 8.0, 16.0, 16.0 ], "rotation": 180, "autoUv": false }
					}
				},
				{
					"name": "Stone 21",
					"from": [ -8.0, -8.0, -8.0 ], 
					"to": [ -3.5, -6.0, -5.5 ], 
					"rotationOrigin": [ -8.0, -8.0, -8.0 ],
					"rotationX": -1.0177772601932188E-13,
					"rotationY": -9.939232241423287E-17,
					"rotationZ": -2.4848080603558218E-17,
					"faces": {
						"north": { "texture": "#brick", "uv": [ 0.0, 8.0, 14.0, 16.0 ], "autoUv": false },
						"east": { "texture": "#brick", "uv": [ 7.5, 8.0, 15.5, 16.0 ], "autoUv": false },
						"south": { "texture": "#brick", "uv": [ 0.0, 8.0, 14.5, 16.0 ], "autoUv": false },
						"west": { "texture": "#brick", "uv": [ 5.5, 8.0, 16.0, 16.0 ], "autoUv": false },
						"up": { "texture": "#brick", "uv": [ 0.0, 8.0, 14.0, 16.0 ], "autoUv": false },
						"down": { "texture": "#brick", "uv": [ 0.0, 8.0, 16.0, 16.0 ], "autoUv": false }
					}
				},
				{
					"name": "Stone 22",
					"from": [ 0.5, -8.0, -8.0 ], 
					"to": [ 5.5, -6.0, -5.5 ], 
					"rotationOrigin": [ 0.5, -8.0, -8.0 ],
					"rotationX": -1.0177772601932188E-13,
					"rotationY": -9.939232241423287E-17,
					"rotationZ": -2.4848080603558218E-17,
					"faces": {
						"north": { "texture": "#brick", "uv": [ 0.0, 8.0, 16.0, 16.0 ], "rotation": 180, "autoUv": false },
						"east": { "texture": "#brick", "uv": [ 0.0, 0.0, 10.0, 6.0 ], "enabled": false, "autoUv": false },
						"south": { "texture": "#brick", "uv": [ 0.0, 8.0, 16.0, 16.0 ], "rotation": 180, "autoUv": false },
						"west": { "texture": "#brick", "uv": [ 0.0, 0.0, 10.0, 6.0 ], "enabled": false, "autoUv": false },
						"up": { "texture": "#brick", "uv": [ 0.0, 8.0, 16.0, 16.0 ], "autoUv": false },
						"down": { "texture": "#brick", "uv": [ 0.0, 8.0, 16.0, 16.0 ], "autoUv": false }
					}
				},
				{
					"name": "Stone 20",
					"from": [ -5.4981, -8.0, -5.5019 ], 
					"to": [ -1.4981, -6.0, -3.0019 ], 
					"rotationOrigin": [ -5.5, -8.0, -5.5 ],
					"rotationX": -4.169834180636073E-10,
					"rotationY": -89.9802127184967,
					"rotationZ": -4.169834180636073E-10,
					"faces": {
						"north": { "texture": "#brick", "uv": [ 0.0, 8.0, 16.0, 16.0 ], "autoUv": false },
						"east": { "texture": "#brick", "uv": [ 2.0, 8.0, 14.0, 16.0 ], "enabled": false, "autoUv": false },
						"south": { "texture": "#brick", "uv": [ 0.0, 8.0, 16.0, 16.0 ], "autoUv": false },
						"west": { "texture": "#brick", "uv": [ 2.0, 8.0, 14.0, 16.0 ], "enabled": false, "autoUv": false },
						"up": { "texture": "#brick", "uv": [ 0.0, 8.0, 16.0, 16.0 ], "autoUv": false },
						"down": { "texture": "#brick", "uv": [ 0.0, 8.0, 16.0, 16.0 ], "autoUv": false }
					}
				},
				{
					"name": "Stone 23",
					"from": [ -3.5, -8.0, -8.0 ], 
					"to": [ 0.5, -6.0, -5.5 ], 
					"rotationOrigin": [ -3.5, -8.0, -8.0 ],
					"rotationX": -1.0177772601932188E-13,
					"rotationY": -9.939232241423287E-17,
					"rotationZ": -2.4848080603558218E-17,
					"faces": {
						"north": { "texture": "#brick", "uv": [ 0.0, 8.0, 16.0, 16.0 ], "autoUv": false },
						"east": { "texture": "#brick", "uv": [ 0.0, 0.0, 10.0, 6.0 ], "enabled": false, "autoUv": false },
						"south": { "texture": "#brick", "uv": [ 0.0, 8.0, 16.0, 16.0 ], "autoUv": false },
						"west": { "texture": "#brick", "uv": [ 0.0, 0.0, 10.0, 6.0 ], "enabled": false, "autoUv": false },
						"up": { "texture": "#brick", "uv": [ 0.0, 8.0, 16.0, 16.0 ], "autoUv": false },
						"down": { "texture": "#brick", "uv": [ 0.0, 8.0, 16.0, 16.0 ], "autoUv": false }
					}
				},
				{
					"name": "Stones25",
					"from": [ 0.0, 2.0, 0.0 ], 
					"to": [ 0.0, 2.0, 0.0 ], 
					"rotationOrigin": [ 0.0, 2.0, 0.0 ],
					"rotationX": -179.99998840933293,
					"rotationY": 5.0073481747048E-6,
					"rotationZ": 179.99999011607548,
					"faces": {
						"north": { "texture": "#tinder", "uv": [ 0.0, 0.0, 0.5, 0.5 ], "enabled": false },
						"east": { "texture": "#tinder", "uv": [ 0.0, 0.0, 0.5, 0.5 ], "enabled": false },
						"south": { "texture": "#tinder", "uv": [ 0.0, 0.0, 0.5, 0.5 ], "enabled": false },
						"west": { "texture": "#tinder", "uv": [ 0.0, 0.0, 0.5, 0.5 ], "enabled": false },
						"up": { "texture": "#tinder", "uv": [ 0.0, 0.0, 0.5, 0.5 ], "enabled": false },
						"down": { "texture": "#tinder", "uv": [ 0.0, 0.0, 0.5, 0.5 ], "enabled": false }
					},
					"children": [
						{
							"name": "Stone 26",
							"from": [ 3.5, -8.0, 5.5 ], 
							"to": [ 8.0, -6.0, 8.0 ], 
							"rotationOrigin": [ 3.5, -8.0, 5.5 ],
							"rotationX": -1.0177772601932188E-13,
							"rotationY": -9.939232241423287E-17,
							"rotationZ": -2.4848080603558218E-17,
							"faces": {
								"north": { "texture": "#brick", "uv": [ 0.0, 8.0, 16.0, 16.0 ], "autoUv": false },
								"east": { "texture": "#brick", "uv": [ 7.5, 8.0, 15.5, 16.0 ], "autoUv": false },
								"south": { "texture": "#brick", "uv": [ 0.0, 8.0, 14.0, 16.0 ], "autoUv": false },
								"west": { "texture": "#brick", "uv": [ 2.0, 8.0, 14.0, 16.0 ], "enabled": false, "autoUv": false },
								"up": { "texture": "#brick", "uv": [ 0.0, 8.0, 14.0, 16.0 ], "autoUv": false },
								"down": { "texture": "#brick", "uv": [ 0.0, 8.0, 16.0, 16.0 ], "autoUv": false }
							}
						},
						{
							"name": "Stone 27",
							"from": [ -0.5, -8.0, 5.5 ], 
							"to": [ 3.5, -6.0, 8.0 ], 
							"rotationOrigin": [ -0.5, -8.0, 5.5 ],
							"rotationX": -1.0177772601932188E-13,
							"rotationY": -9.939232241423287E-17,
							"rotationZ": -2.4848080603558218E-17,
							"faces": {
								"north": { "texture": "#brick", "uv": [ 0.0, 8.0, 16.0, 16.0 ], "rotation": 180, "autoUv": false },
								"east": { "texture": "#brick", "uv": [ 0.0, 0.0, 10.0, 6.0 ], "enabled": false, "autoUv": false },
								"south": { "texture": "#brick", "uv": [ 0.0, 8.0, 16.0, 16.0 ], "rotation": 180, "autoUv": false },
								"west": { "texture": "#brick", "uv": [ 0.0, 0.0, 10.0, 6.0 ], "enabled": false, "autoUv": false },
								"up": { "texture": "#brick", "uv": [ 0.0, 8.0, 16.0, 16.0 ], "autoUv": false },
								"down": { "texture": "#brick", "uv": [ 0.0, 8.0, 16.0, 16.0 ], "autoUv": false }
							}
						},
						{
							"name": "Stone 28",
							"from": [ 6.9998, -8.0, 1.0022 ], 
							"to": [ 11.4998, -6.0, 3.5022 ], 
							"rotationOrigin": [ 7.5, -8.0, 1.5 ],
							"rotationX": -4.169834180636073E-10,
							"rotationY": -89.9802127184967,
							"rotationZ": -4.169834180636073E-10,
							"faces": {
								"north": { "texture": "#brick", "uv": [ 0.0, 8.0, 16.0, 16.0 ], "autoUv": false },
								"east": { "texture": "#brick", "uv": [ 0.0, 8.0, 16.0, 16.0 ], "enabled": false, "autoUv": false },
								"south": { "texture": "#brick", "uv": [ 0.0, 8.0, 16.0, 16.0 ], "autoUv": false },
								"west": { "texture": "#brick", "uv": [ 0.0, 8.0, 16.0, 16.0 ], "enabled": false, "autoUv": false },
								"up": { "texture": "#brick", "uv": [ 0.0, 8.0, 16.0, 15.5 ], "autoUv": false },
								"down": { "texture": "#brick", "uv": [ 0.0, 8.0, 16.0, 16.0 ], "autoUv": false }
							}
						},
						{
							"name": "Stone 29",
							"from": [ -5.5, -8.0, 5.5 ], 
							"to": [ -0.5, -6.0, 8.0 ], 
							"rotationOrigin": [ -5.5, -8.0, 5.5 ],
							"rotationX": -1.0177772601932188E-13,
							"rotationY": -9.939232241423287E-17,
							"rotationZ": -2.4848080603558218E-17,
							"faces": {
								"north": { "texture": "#brick", "uv": [ 0.0, 8.0, 16.0, 16.0 ], "autoUv": false },
								"east": { "texture": "#brick", "uv": [ 0.0, 0.0, 10.0, 6.0 ], "enabled": false, "autoUv": false },
								"south": { "texture": "#brick", "uv": [ 0.0, 8.0, 16.0, 16.0 ], "autoUv": false },
								"west": { "texture": "#brick", "uv": [ 0.0, 0.0, 10.0, 6.0 ], "enabled": false, "autoUv": false },
								"up": { "texture": "#brick", "uv": [ 0.0, 8.0, 16.0, 16.0 ], "autoUv": false },
								"down": { "texture": "#brick", "uv": [ 0.0, 8.0, 16.0, 16.0 ], "autoUv": false }
							}
						},
						{
							"name": "Stone 30",
							"from": [ 8.0012, -8.0, -3.4972 ], 
							"to": [ 12.5012, -6.0, -0.9972 ], 
							"rotationOrigin": [ 8.0, -8.0, -3.5 ],
							"rotationX": -4.169834180636073E-10,
							"rotationY": -89.9802127184967,
							"rotationZ": -4.169834180636073E-10,
							"faces": {
								"north": { "texture": "#brick", "uv": [ 0.0, 8.0, 16.0, 16.0 ], "rotation": 180, "autoUv": false },
								"east": { "texture": "#brick", "uv": [ 0.0, 8.0, 16.0, 16.0 ], "enabled": false, "autoUv": false },
								"south": { "texture": "#brick", "uv": [ 0.0, 8.0, 16.0, 16.0 ], "rotation": 180, "autoUv": false },
								"west": { "texture": "#brick", "uv": [ 0.0, 8.0, 16.0, 16.0 ], "enabled": false, "autoUv": false },
								"up": { "texture": "#brick", "uv": [ 0.0, 8.0, 16.0, 16.0 ], "rotation": 180, "autoUv": false },
								"down": { "texture": "#brick", "uv": [ 0.0, 8.0, 16.0, 16.0 ], "rotation": 180, "autoUv": false }
							}
						},
						{
							"name": "Stone 31",
							"from": [ 8.0028, -8.0, -7.9972 ], 
							"to": [ 12.5028, -6.0, -5.4972 ], 
							"rotationOrigin": [ 8.0, -8.0, -8.0 ],
							"rotationX": -4.169834180636073E-10,
							"rotationY": -89.9802127184967,
							"rotationZ": -4.169834180636073E-10,
							"faces": {
								"north": { "texture": "#brick", "uv": [ 0.0, 8.0, 14.0, 16.0 ], "autoUv": false },
								"east": { "texture": "#brick", "uv": [ 2.0, 8.0, 14.0, 16.0 ], "enabled": false, "autoUv": false },
								"south": { "texture": "#brick", "uv": [ 0.0, 8.0, 16.0, 16.0 ], "autoUv": false },
								"west": { "texture": "#brick", "uv": [ 7.5, 8.0, 16.0, 16.0 ], "autoUv": false },
								"up": { "texture": "#brick", "uv": [ 0.0, 8.0, 16.0, 16.0 ], "autoUv": false },
								"down": { "texture": "#brick", "uv": [ 0.0, 8.0, 16.0, 16.0 ], "autoUv": false }
							}
						},
						{
							"name": "Stone 32",
							"from": [ -6.0009, -8.0, 2.9979 ], 
							"to": [ -1.5009, -6.0, 5.4979 ], 
							"rotationOrigin": [ -6.0, -8.0, 3.5 ],
							"rotationX": -4.169834180636073E-10,
							"rotationY": -89.9802127184967,
							"rotationZ": -4.169834180636073E-10,
							"faces": {
								"north": { "texture": "#brick", "uv": [ 0.0, 8.0, 16.0, 16.0 ], "autoUv": false },
								"east": { "texture": "#brick", "uv": [ 7.5, 8.0, 15.5, 16.0 ], "autoUv": false },
								"south": { "texture": "#brick", "uv": [ 0.0, 8.0, 14.0, 16.0 ], "autoUv": false },
								"west": { "texture": "#brick", "uv": [ 0.0, 8.0, 16.0, 16.0 ], "enabled": false, "autoUv": false },
								"up": { "texture": "#brick", "uv": [ 0.0, 8.0, 16.0, 15.5 ], "autoUv": false },
								"down": { "texture": "#brick", "uv": [ 0.0, 8.0, 16.0, 16.0 ], "autoUv": false }
							}
						},
						{
							"name": "Stone 33",
							"from": [ -4.9993, -8.0, -2.0016 ], 
							"to": [ 7.0E-4, -6.0, 0.4984 ], 
							"rotationOrigin": [ -5.5, -8.0, -2.0 ],
							"rotationX": -4.169834180636073E-10,
							"rotationY": -89.9802127184967,
							"rotationZ": -4.169834180636073E-10,
							"faces": {
								"north": { "texture": "#brick", "uv": [ 0.0, 8.0, 16.0, 16.0 ], "rotation": 180, "autoUv": false },
								"east": { "texture": "#brick", "uv": [ 0.0, 8.0, 16.0, 16.0 ], "enabled": false, "autoUv": false },
								"south": { "texture": "#brick", "uv": [ 0.0, 8.0, 16.0, 16.0 ], "autoUv": false },
								"west": { "texture": "#brick", "uv": [ 0.0, 8.0, 16.0, 16.0 ], "enabled": false, "autoUv": false },
								"up": { "texture": "#brick", "uv": [ 0.0, 8.0, 16.0, 16.0 ], "rotation": 180, "autoUv": false },
								"down": { "texture": "#brick", "uv": [ 0.0, 8.0, 16.0, 16.0 ], "rotation": 180, "autoUv": false }
							}
						},
						{
							"name": "Stone 34",
							"from": [ -8.0, -8.0, -8.0 ], 
							"to": [ -3.5, -6.0, -5.5 ], 
							"rotationOrigin": [ -8.0, -8.0, -8.0 ],
							"rotationX": -1.0177772601932188E-13,
							"rotationY": -9.939232241423287E-17,
							"rotationZ": -2.4848080603558218E-17,
							"faces": {
								"north": { "texture": "#brick", "uv": [ 0.0, 8.0, 14.0, 16.0 ], "autoUv": false },
								"east": { "texture": "#brick", "uv": [ 7.5, 8.0, 15.5, 16.0 ], "autoUv": false },
								"south": { "texture": "#brick", "uv": [ 0.0, 8.0, 14.5, 16.0 ], "autoUv": false },
								"west": { "texture": "#brick", "uv": [ 5.5, 8.0, 16.0, 16.0 ], "autoUv": false },
								"up": { "texture": "#brick", "uv": [ 0.0, 8.0, 14.0, 16.0 ], "autoUv": false },
								"down": { "texture": "#brick", "uv": [ 0.0, 8.0, 16.0, 16.0 ], "autoUv": false }
							}
						},
						{
							"name": "Stone 35",
							"from": [ 0.5, -8.0, -8.0 ], 
							"to": [ 5.5, -6.0, -5.5 ], 
							"rotationOrigin": [ 0.5, -8.0, -8.0 ],
							"rotationX": -1.0177772601932188E-13,
							"rotationY": -9.939232241423287E-17,
							"rotationZ": -2.4848080603558218E-17,
							"faces": {
								"north": { "texture": "#brick", "uv": [ 0.0, 8.0, 16.0, 16.0 ], "rotation": 180, "autoUv": false },
								"east": { "texture": "#brick", "uv": [ 0.0, 0.0, 10.0, 6.0 ], "enabled": false, "autoUv": false },
								"south": { "texture": "#brick", "uv": [ 0.0, 8.0, 16.0, 16.0 ], "rotation": 180, "autoUv": false },
								"west": { "texture": "#brick", "uv": [ 0.0, 0.0, 10.0, 6.0 ], "enabled": false, "autoUv": false },
								"up": { "texture": "#brick", "uv": [ 0.0, 8.0, 16.0, 16.0 ], "autoUv": false },
								"down": { "texture": "#brick", "uv": [ 0.0, 8.0, 16.0, 16.0 ], "autoUv": false }
							}
						},
						{
							"name": "Stone 36",
							"from": [ -5.4981, -8.0, -5.5019 ], 
							"to": [ -1.4981, -6.0, -3.0019 ], 
							"rotationOrigin": [ -5.5, -8.0, -5.5 ],
							"rotationX": -4.169834180636073E-10,
							"rotationY": -89.9802127184967,
							"rotationZ": -4.169834180636073E-10,
							"faces": {
								"north": { "texture": "#brick", "uv": [ 0.0, 8.0, 16.0, 16.0 ], "autoUv": false },
								"east": { "texture": "#brick", "uv": [ 2.0, 8.0, 14.0, 16.0 ], "enabled": false, "autoUv": false },
								"south": { "texture": "#brick", "uv": [ 0.0, 8.0, 16.0, 16.0 ], "autoUv": false },
								"west": { "texture": "#brick", "uv": [ 2.0, 8.0, 14.0, 16.0 ], "enabled": false, "autoUv": false },
								"up": { "texture": "#brick", "uv": [ 0.0, 8.0, 16.0, 16.0 ], "autoUv": false },
								"down": { "texture": "#brick", "uv": [ 0.0, 8.0, 16.0, 16.0 ], "autoUv": false }
							}
						},
						{
							"name": "Stone 37",
							"from": [ -3.5, -8.0, -8.0 ], 
							"to": [ 0.5, -6.0, -5.5 ], 
							"rotationOrigin": [ -3.5, -8.0, -8.0 ],
							"rotationX": -1.0177772601932188E-13,
							"rotationY": -9.939232241423287E-17,
							"rotationZ": -2.4848080603558218E-17,
							"faces": {
								"north": { "texture": "#brick", "uv": [ 0.0, 8.0, 16.0, 16.0 ], "autoUv": false },
								"east": { "texture": "#brick", "uv": [ 0.0, 0.0, 10.0, 6.0 ], "enabled": false, "autoUv": false },
								"south": { "texture": "#brick", "uv": [ 0.0, 8.0, 16.0, 16.0 ], "autoUv": false },
								"west": { "texture": "#brick", "uv": [ 0.0, 0.0, 10.0, 6.0 ], "enabled": false, "autoUv": false },
								"up": { "texture": "#brick", "uv": [ 0.0, 8.0, 16.0, 16.0 ], "autoUv": false },
								"down": { "texture": "#brick", "uv": [ 0.0, 8.0, 16.0, 16.0 ], "autoUv": false }
							}
						}
					]
				}
			]
		},
		{
			"name": "Metal",
			"from": [ 8.0, 8.0, 8.0 ], 
			"to": [ 8.0, 8.0, 8.0 ], 
			"rotationOrigin": [ 8.0, 8.0, 8.0 ],
			"rotationX": -1.707547096970472E-6,
			"rotationY": -1.6077454551211241E-9,
			"rotationZ": -4.0222564515191017E-10,
			"faces": {
				"north": { "texture": "#stone", "uv": [ 0.0, 0.0, 0.5, 0.5 ] },
				"east": { "texture": "#stone", "uv": [ 0.0, 0.0, 0.5, 0.5 ] },
				"south": { "texture": "#stone", "uv": [ 0.0, 0.0, 0.5, 0.5 ] },
				"west": { "texture": "#stone", "uv": [ 0.0, 0.0, 0.5, 0.5 ] },
				"up": { "texture": "#stone", "uv": [ 0.0, 0.0, 0.5, 0.5 ] },
				"down": { "texture": "#stone", "uv": [ 0.0, 0.0, 0.5, 0.5 ] }
			},
			"children": [
				{
					"name": "Wall 0",
					"from": [ -6.0, -4.0, 6.0 ], 
					"to": [ 6.0, 8.0, 7.0 ], 
					"rotationOrigin": [ -6.0, -4.0, 6.0 ],
					"faces": {
						"north": { "texture": "#stone", "uv": [ 0.0, 0.0, 16.0, 16.0 ], "autoUv": false },
						"east": { "texture": "#machinery-back", "uv": [ 0.0, 0.0, 0.5, 16.0 ], "autoUv": false },
						"south": { "texture": "#machinery-back", "uv": [ 1.0, 0.0, 15.0, 16.0 ], "autoUv": false },
						"west": { "texture": "#machinery-back", "uv": [ 0.0, 0.0, 0.5, 16.0 ], "autoUv": false },
						"up": { "texture": "#machinery-back", "uv": [ 2.0, 0.0, 14.0, 0.5 ], "autoUv": false },
						"down": { "texture": "#machinery-back", "uv": [ 2.0, 0.0, 14.0, 0.5 ], "autoUv": false }
					},
					"children": [
						{
							"name": "Wall 1",
							"from": [ -1.0, 0.0, -13.0 ], 
							"to": [ 0.0, 12.0, 1.0 ], 
							"rotationOrigin": [ -1.0, 0.0, -12.7 ],
							"rotationX": 1.1286632262994466E-20,
							"faces": {
								"north": { "texture": "#machinery-back", "uv": [ 1.0, 0.0, 0.0, 16.0 ], "autoUv": false },
								"east": { "texture": "#stone", "uv": [ 0.0, 0.0, 16.0, 16.0 ], "autoUv": false },
								"south": { "texture": "#machinery-back", "uv": [ 0.0, 0.0, 1.0, 16.0 ], "autoUv": false },
								"west": { "texture": "#machinery-back", "uv": [ 0.0, 0.0, 16.0, 16.0 ], "autoUv": false },
								"up": { "texture": "#machinery-back", "uv": [ 0.0, 0.0, 0.5, 15.5 ], "autoUv": false },
								"down": { "texture": "#machinery-back", "uv": [ 0.0, 0.0, 0.5, 16.0 ], "autoUv": false }
							}
						},
						{
							"name": "Wall 2",
							"from": [ 0.0, 0.0, -13.0 ], 
							"to": [ 12.0, 12.0, -12.0 ], 
							"rotationOrigin": [ 0.0, 0.0, -13.0 ],
							"rotationX": 5.643316131497233E-21,
							"faces": {
								"north": { "texture": "#machinery-back", "uv": [ 1.0, 0.0, 15.0, 16.0 ], "autoUv": false },
								"east": { "texture": "#machinery-back", "uv": [ 0.0, 0.0, 0.5, 16.0 ], "autoUv": false },
								"south": { "texture": "#stone", "uv": [ 0.0, 0.0, 16.0, 16.0 ], "autoUv": false },
								"west": { "texture": "#machinery-back", "uv": [ 0.0, 0.0, 0.5, 16.0 ], "autoUv": false },
								"up": { "texture": "#machinery-back", "uv": [ 2.0, 0.0, 14.0, 0.5 ], "autoUv": false },
								"down": { "texture": "#machinery-back", "uv": [ 2.0, 0.0, 14.0, 0.5 ], "autoUv": false }
							}
						},
						{
							"name": "Wall 3",
							"from": [ 13.0, 0.0, 1.0 ], 
							"to": [ 14.0, 12.0, 15.0 ], 
							"rotationOrigin": [ 13.0, 0.0, 1.0 ],
							"rotationX": -179.99999011687993,
							"rotationY": 5.008955855952477E-6,
							"rotationZ": -179.99999011687993,
							"faces": {
								"north": { "texture": "#machinery-back", "uv": [ 1.0, 0.0, 0.0, 16.0 ], "autoUv": false },
								"east": { "texture": "#stone", "uv": [ 0.0, 0.0, 16.0, 16.0 ], "autoUv": false },
								"south": { "texture": "#machinery-back", "uv": [ 0.0, 0.0, 1.0, 16.0 ], "autoUv": false },
								"west": { "texture": "#machinery-back", "uv": [ 0.0, 0.0, 16.0, 16.0 ], "autoUv": false },
								"up": { "texture": "#machinery-back", "uv": [ 0.0, 0.0, 0.5, 15.5 ], "autoUv": false },
								"down": { "texture": "#machinery-back", "uv": [ 0.0, 0.0, 0.5, 16.0 ], "autoUv": false }
							}
						}
					]
				}
			]
		},
		{
			"name": "Fuel",
			"from": [ 1.0, 0.01, 15.0 ], 
			"to": [ 1.0, 0.01, 15.0 ], 
			"rotationOrigin": [ 1.0, 0.01, 15.0 ],
			"rotationX": -89.99995407730475,
			"rotationY": -5.53150967326166E-16,
			"rotationZ": -4.904681010762025E-16,
			"faces": {
				"north": { "texture": "#tinder", "uv": [ 0.0, 0.0, 0.5, 0.5 ] },
				"east": { "texture": "#tinder", "uv": [ 0.0, 0.0, 0.5, 0.5 ] },
				"south": { "texture": "#tinder", "uv": [ 0.0, 0.0, 0.5, 0.5 ] },
				"west": { "texture": "#tinder", "uv": [ 0.0, 0.0, 0.5, 0.5 ] },
				"up": { "texture": "#tinder", "uv": [ 0.0, 0.0, 0.5, 0.5 ] },
				"down": { "texture": "#tinder", "uv": [ 0.0, 0.0, 0.5, 0.5 ] }
			},
			"children": [
				{
					"name": "Ashes",
					"from": [ 0.0, 0.0, 0.0 ], 
					"to": [ 14.0, 14.0, 0.05 ], 
					"renderPass": 2,
					"rotationOrigin": [ 7.0, 7.0, 7.99 ],
					"rotationX": -1.3660377589985859E-5,
					"faces": {
						"north": { "texture": "#ashes", "uv": [ 0.0, 0.0, 14.0, 14.0 ], "enabled": false },
						"east": { "texture": "#ashes", "uv": [ 0.0, 0.0, 0.5, 14.0 ], "enabled": false },
						"south": { "texture": "#ground", "uv": [ 1.0, 1.0, 15.0, 15.0 ] },
						"west": { "texture": "#ashes", "uv": [ 0.0, 0.0, 0.5, 14.0 ], "enabled": false },
						"up": { "texture": "#ashes", "uv": [ 0.0, 0.0, 14.0, 0.5 ], "enabled": false },
						"down": { "texture": "#ashes", "uv": [ 0.0, 0.0, 14.0, 0.5 ], "enabled": false }
					}
				},
				{
					"name": "Ember",
					"from": [ 6.0, 15.0, 5.99 ], 
					"to": [ 7.0, 16.0, 6.99 ], 
					"rotationOrigin": [ -1.0, 15.0, -0.01 ],
					"rotationX": 89.99997456787236,
					"faces": {
						"north": { "texture": "#tinder", "uv": [ 7.0, 4.0, 8.0, 5.0 ] },
						"east": { "texture": "#tinder", "uv": [ 6.0, 5.0, 7.0, 6.0 ] },
						"south": { "texture": "#tinder", "uv": [ 8.0, 6.0, 9.0, 7.0 ] },
						"west": { "texture": "#tinder", "uv": [ 7.0, 5.0, 8.0, 6.0 ] },
						"up": { "texture": "#tinder", "uv": [ 7.0, 5.0, 8.0, 6.0 ] },
						"down": { "texture": "#tinder", "uv": [ 0.0, 0.0, 1.0, 1.0 ], "enabled": false }
					}
				},
				{
					"name": "Ember1",
					"from": [ 8.0, 15.0, 7.99 ], 
					"to": [ 9.0, 16.0, 8.99 ], 
					"rotationOrigin": [ -1.0, 15.0, -0.01 ],
					"rotationX": 89.99997456787236,
					"faces": {
						"north": { "texture": "#tinder", "uv": [ 8.0, 4.0, 9.0, 5.0 ] },
						"east": { "texture": "#tinder", "uv": [ 7.0, 5.0, 8.0, 6.0 ] },
						"south": { "texture": "#tinder", "uv": [ 8.0, 4.0, 9.0, 5.0 ] },
						"west": { "texture": "#tinder", "uv": [ 6.0, 5.0, 7.0, 6.0 ] },
						"up": { "texture": "#tinder", "uv": [ 6.0, 6.0, 7.0, 7.0 ] },
						"down": { "texture": "#tinder", "uv": [ 0.0, 0.0, 1.0, 1.0 ], "enabled": false }
					}
				},
				{
					"name": "Ember2",
					"from": [ 6.0, 15.0, 8.99 ], 
					"to": [ 7.0, 16.0, 9.99 ], 
					"rotationOrigin": [ -1.0, 15.0, -0.01 ],
					"rotationX": 89.99997456787236,
					"faces": {
						"north": { "texture": "#tinder", "uv": [ 7.0, 4.0, 8.0, 5.0 ] },
						"east": { "texture": "#tinder", "uv": [ 7.0, 4.0, 8.0, 5.0 ] },
						"south": { "texture": "#tinder", "uv": [ 8.0, 5.0, 9.0, 6.0 ] },
						"west": { "texture": "#tinder", "uv": [ 8.0, 4.0, 9.0, 5.0 ] },
						"up": { "texture": "#tinder", "uv": [ 8.0, 5.0, 9.0, 6.0 ] },
						"down": { "texture": "#tinder", "uv": [ 0.0, 0.0, 1.0, 1.0 ], "enabled": false }
					}
				},
				{
					"name": "Ember3",
					"from": [ 6.0, 15.0, 6.99 ], 
					"to": [ 8.0, 17.0, 8.99 ], 
					"rotationOrigin": [ -1.0, 15.0, -0.01 ],
					"rotationX": 89.99997456787236,
					"faces": {
						"north": { "texture": "#tinder", "uv": [ 6.0, 5.0, 8.0, 7.0 ] },
						"east": { "texture": "#tinder", "uv": [ 7.0, 7.0, 9.0, 9.0 ] },
						"south": { "texture": "#tinder", "uv": [ 7.0, 4.0, 9.0, 6.0 ] },
						"west": { "texture": "#tinder", "uv": [ 6.0, 4.0, 8.0, 6.0 ] },
						"up": { "texture": "#tinder", "uv": [ 7.0, 5.0, 9.0, 7.0 ] },
						"down": { "texture": "#tinder", "uv": [ 0.0, 0.0, 2.0, 2.0 ], "enabled": false }
					}
				}
			]
		},
		{
			"name": "Logs",
			"from": [ 6.8, -0.3, 5.0 ], 
			"to": [ 7.8, 0.7, 6.0 ], 
			"rotationOrigin": [ 6.8, -0.3, 5.0 ],
			"rotationX": -2.945105146539455E-10,
			"rotationY": -89.9802127184967,
			"rotationZ": -2.9445964334183344E-10,
			"faces": {
				"north": { "texture": "#log", "uv": [ 0.0, 0.0, 1.0, 1.0 ] },
				"east": { "texture": "#log", "uv": [ 0.0, 0.0, 1.0, 1.0 ] },
				"south": { "texture": "#log", "uv": [ 0.0, 0.0, 1.0, 1.0 ] },
				"west": { "texture": "#log", "uv": [ 0.0, 0.0, 1.0, 1.0 ] },
				"up": { "texture": "#log", "uv": [ 0.0, 0.0, 1.0, 1.0 ] },
				"down": { "texture": "#log", "uv": [ 0.0, 0.0, 1.0, 1.0 ] }
			},
			"children": [
				{
					"name": "Log-S",
					"from": [ 4.9997, 1.3, 0.8017 ], 
					"to": [ 10.9997, 3.3, 2.8017 ], 
					"rotationOrigin": [ 4.9997, 1.3, 0.8017 ],
					"rotationX": -179.99998770120885,
					"rotationY": 45.019782304818136,
					"rotationZ": -157.49999358035953,
					"faces": {
						"north": { "texture": "#log", "uv": [ 7.0, 14.0, 13.0, 16.0 ] },
						"east": { "texture": "#log", "uv": [ 14.0, 14.0, 16.0, 16.0 ] },
						"south": { "texture": "#log", "uv": [ 7.0, 14.0, 13.0, 16.0 ] },
						"west": { "texture": "#log", "uv": [ 14.0, 14.0, 16.0, 16.0 ] },
						"up": { "texture": "#log", "uv": [ 6.0, 7.0, 12.0, 9.0 ] },
						"down": { "texture": "#log", "uv": [ 6.5, 13.5, 12.5, 15.5 ] }
					}
				},
				{
					"name": "Log-N",
					"from": [ -1.4994, 0.3, -1.9003 ], 
					"to": [ 4.5006, 2.3, 0.0997 ], 
					"rotationOrigin": [ -0.9994, 0.3, -1.7003 ],
					"rotationY": 44.98020796664902,
					"faces": {
						"north": { "texture": "#log", "uv": [ 6.0, 7.0, 12.0, 9.0 ] },
						"east": { "texture": "#log", "uv": [ 14.0, 14.0, 16.0, 16.0 ] },
						"south": { "texture": "#log", "uv": [ 8.0, 5.0, 14.0, 7.0 ] },
						"west": { "texture": "#log", "uv": [ 14.0, 14.0, 16.0, 16.0 ] },
						"up": { "texture": "#log", "uv": [ 7.0, 7.0, 13.0, 9.0 ] },
						"down": { "texture": "#log", "uv": [ 8.0, 7.0, 14.0, 9.0 ] }
					}
				},
				{
					"name": "Log-E",
					"from": [ 0.0, 0.0, 0.0 ], 
					"to": [ 5.0, 2.0, 2.0 ], 
					"rotationOrigin": [ 0.0, 0.0, 0.0 ],
					"rotationY": -0.019793887521617794,
					"faces": {
						"north": { "texture": "#log", "uv": [ 6.0, 7.0, 11.0, 9.0 ] },
						"east": { "texture": "#log", "uv": [ 14.0, 14.0, 16.0, 16.0 ] },
						"south": { "texture": "#log", "uv": [ 8.0, 5.0, 13.0, 7.0 ] },
						"west": { "texture": "#log", "uv": [ 14.0, 14.0, 16.0, 16.0 ] },
						"up": { "texture": "#log", "uv": [ 7.0, 7.0, 12.0, 9.0 ] },
						"down": { "texture": "#log", "uv": [ 8.0, 7.0, 13.0, 9.0 ] }
					}
				}
			]
		}
	],
	"animations": [
		{
			"name": "Rota",
			"code": "Rota",
			"quantityframes": 61,
			"onActivityStopped": "EaseOut",
			"onAnimationEnd": "Repeat",
			"keyframes": [
				{
					"frame": 0,
					"elements": {
						"Metal": { "rotationX": 0.0, "rotationY": -180.0, "rotationZ": 0.0 }
					}
				},
				{
					"frame": 30,
					"elements": {
						"Metal": { "rotationX": 0.0, "rotationY": 0.0, "rotationZ": 0.0 }
					}
				},
				{
					"frame": 60,
					"elements": {
						"Metal": { "rotationX": 0.0, "rotationY": 179.0, "rotationZ": 0.0 }
					}
				}
			]
		},

		{
			"name": "Rota",
			"code": "Rota",
			"quantityframes": 61,
			"onActivityStopped": "EaseOut",
			"onAnimationEnd": "Repeat",
			"keyframes": [
				{
					"frame": 0,
					"elements": {
						"Metal": { "rotationX": 0.0, "rotationY": -180.0, "rotationZ": 0.0 }
					}
				},
				{
					"frame": 30,
					"elements": {
						"Metal": { "rotationX": 0.0, "rotationY": 0.0, "rotationZ": 0.0 }
					}
				},
				{
					"frame": 60,
					"elements": {
						"Metal": { "rotationX": 0.0, "rotationY": 179.0, "rotationZ": 0.0 }
					}
				}
			]
		},

		{
			"name": "Rota",
			"code": "Rota",
			"quantityframes": 61,
			"onActivityStopped": "EaseOut",
			"onAnimationEnd": "Repeat",
			"keyframes": [
				{
					"frame": 0,
					"elements": {
						"Metal": { "rotationX": 0.0, "rotationY": -180.0, "rotationZ": 0.0 }
					}
				},
				{
					"frame": 30,
					"elements": {
						"Metal": { "rotationX": 0.0, "rotationY": 0.0, "rotationZ": 0.0 }
					}
				},
				{
					"frame": 60,
					"elements": {
						"Metal": { "rotationX": 0.0, "rotationY": 179.0, "rotationZ": 0.0 }
					}
				}
			]
		},

		{
			"name": "Rota",
			"code": "Rota",
			"quantityframes": 61,
			"onActivityStopped": "EaseOut",
			"onAnimationEnd": "Repeat",
			"keyframes": [
				{
					"frame": 0,
					"elements": {
						"Metal": { "rotationX": 0.0, "rotationY": -180.0, "rotationZ": 0.0 }
					}
				},
				{
					"frame": 30,
					"elements": {
						"Metal": { "rotationX": 0.0, "rotationY": 0.0, "rotationZ": 0.0 }
					}
				},
				{
					"frame": 60,
					"elements": {
						"Metal": { "rotationX": 0.0, "rotationY": 179.0, "rotationZ": 0.0 }
					}
				}
			]
		}
	]
}