{
	"code": "handplaner",
	"class": "ItemHandPlaner",

	"drawtype": "json",
	"shape": { "base": "handplaner" },
	variantgroups: [
		{ code: "material", states: ["copper", "tinbronze", "bismuthbronze", "blackbronze", "iron", "meteoriciron", "steel" ] },
	],
	textures: {
		metal: { base: "game:block/metal/ingot/{material}" }
	},
	"attributes": {

		"toolrackTransform": {
			"translation": {
				"x": 0,
				"y": 0.61,
				"z": 0
			},
			"rotation": {
				"x": 5,
				"y": 180,
				"z": -1
			},
			"scale": 1.25
		}
	},

	damagedby: ["blockbreaking", "attacking"],
	"enabled": true,
	"heldTpHitAnimation": "idle",
	"creativeinventory": {
		
		"chiseltools": [ "*" ]
		
	},

	guiTransform: {
		translation: { x: 0, y: 0, z: 0 },
		rotation: { x: 9, y: 137, z: -53 },
		origin: { x: 0.44, y: 0, z: 0.38 },
		scale: 2.92
	},
	fpHandTransform: {
		translation: { x: -0.1, y: 0.2, z: 0 },
		rotation: { x: 90, y: 99, z: -42 },
		origin: { x: 0.5, y: 0, z: 0.5 },
		scale: 2.15
	},
	groundTransform: {
		translation: { x: 0, y: 0, z: 0 },
		rotation: { x: 0, y: 0, z: 0 },
		origin: { x: 0.5, y: 0, z: 0.5 },
		scale: 4.31
	},
	tpHandTransform: {
		translation: { x: -0.78, y: -0.09, z: -0.67 },
		rotation: { x: 9, y: -1, z: -16 },
		origin: { x: 0.5, y: 0, z: 0.5 },
		scale: 0.76
	},
		"durabilitybytype": {
		"handplaner-copper": 600,
		"handplaner-tinbronze": 1000,
		"handplaner-bismuthbronze": 1200,
		"handplaner-blackbronze": 1400,
		"handplaner-iron": 2000,
		"handplaner-meteoriciron": 2800,
		"handplaner-steel": 5000
	}
	
}