{
	"editor": {
		"allAngles": false,
		"entityTextureMode": false
	},
	"textureWidth": 16,
	"textureHeight": 16,
	"textureSizes": {
	},
	"textures": {
		"sides2": "block/wood/acacia/cabinet",
		"lid": "block/wood/acacia/detail",
		"lead": "block/metal/lead"
	},
	"elements": [
		{
			"name": "Main E",
			"from": [ 0.0, 1.0, 1.0 ], 
			"to": [ 0.0, 1.0, 1.0 ], 
			"rotationOrigin": [ 0.0, 1.0, 1.0 ],
			"faces": {
				"north": { "texture": "#sides2", "uv": [ 0.0, 0.0, 0.5, 0.5 ], "enabled": false },
				"east": { "texture": "#sides2", "uv": [ 0.0, 0.0, 0.5, 0.5 ], "enabled": false },
				"south": { "texture": "#sides2", "uv": [ 0.0, 0.0, 0.5, 0.5 ], "enabled": false },
				"west": { "texture": "#sides2", "uv": [ 0.0, 0.0, 0.5, 0.5 ], "enabled": false },
				"up": { "texture": "#sides2", "uv": [ 0.0, 0.0, 0.5, 0.5 ], "enabled": false },
				"down": { "texture": "#sides2", "uv": [ 0.0, 0.0, 0.5, 0.5 ], "enabled": false }
			},
			"children": [
				{
					"name": "Frame E",
					"from": [ 15.0, 1.0, 1.0 ], 
					"to": [ 15.5, 13.0, 12.0 ], 
					"rotationOrigin": [ 15.0, 1.0, 1.0 ],
					"faces": {
						"north": { "texture": "#sides2", "uv": [ 0.0, 0.0, 0.5, 12.0 ], "enabled": false },
						"east": { "texture": "#sides2", "uv": [ 0.0, 0.0, 16.0, 16.0 ], "autoUv": false },
						"south": { "texture": "#sides2", "uv": [ 0.0, 0.0, 0.5, 12.0 ], "enabled": false },
						"west": { "texture": "#sides2", "uv": [ 0.0, 0.0, 16.0, 16.0 ], "autoUv": false },
						"up": { "texture": "#lid", "uv": [ 0.0, 0.0, 16.0, 2.5 ], "rotation": 90, "enabled": false, "autoUv": false },
						"down": { "texture": "#sides2", "uv": [ 0.0, 0.0, 0.5, 11.0 ], "enabled": false }
					},
					"children": [
						{
							"name": "Frame E Inside",
							"from": [ -0.3, 0.0, 0.5 ], 
							"to": [ 0.0, 11.5, 10.5 ], 
							"faces": {
								"north": { "texture": "#sides2", "uv": [ 0.0, 0.0, 0.5, 11.5 ], "enabled": false },
								"east": { "texture": "#sides2", "uv": [ 0.0, 0.0, 10.0, 11.5 ], "enabled": false },
								"south": { "texture": "#sides2", "uv": [ 0.0, 0.0, 0.5, 11.5 ], "enabled": false },
								"west": { "texture": "#lead", "uv": [ 0.0, 0.0, 16.0, 16.0 ], "autoUv": false },
								"up": { "texture": "#lead", "uv": [ 0.0, 0.0, 16.0, 1.0 ], "rotation": 90, "autoUv": false },
								"down": { "texture": "#sides2", "uv": [ 0.0, 0.0, 0.5, 11.0 ], "enabled": false, "autoUv": false }
							}
						},
						{
							"name": "Frame E Outside B",
							"from": [ 0.0, -1.0, 0.0 ], 
							"to": [ 1.0, 0.0, 11.0 ], 
							"rotationOrigin": [ 0.0, -1.0, 0.0 ],
							"faces": {
								"north": { "texture": "#lid", "uv": [ 0.0, 0.0, 16.0, 2.5 ], "rotation": 90, "enabled": false, "autoUv": false },
								"east": { "texture": "#lid", "uv": [ 0.0, 0.0, 16.0, 2.5 ], "autoUv": false },
								"south": { "texture": "#lid", "uv": [ 0.0, 0.0, 16.0, 2.5 ], "rotation": 90, "enabled": false, "autoUv": false },
								"west": { "texture": "#lid", "uv": [ 0.0, 0.0, 16.0, 2.5 ], "autoUv": false },
								"up": { "texture": "#lid", "uv": [ 0.0, 0.0, 16.0, 2.5 ], "rotation": 90, "autoUv": false },
								"down": { "texture": "#lid", "uv": [ 0.0, 0.0, 16.0, 2.5 ], "rotation": 90, "autoUv": false }
							}
						},
						{
							"name": "Frame E Outside T",
							"from": [ 0.0, 12.0, 0.0 ], 
							"to": [ 1.0, 13.0, 11.0 ], 
							"rotationOrigin": [ 0.0, 12.0, 0.0 ],
							"faces": {
								"north": { "texture": "#lid", "uv": [ 0.0, 0.0, 16.0, 2.5 ], "rotation": 90, "enabled": false, "autoUv": false },
								"east": { "texture": "#lid", "uv": [ 0.0, 0.0, 16.0, 2.5 ], "autoUv": false },
								"south": { "texture": "#lid", "uv": [ 0.0, 0.0, 16.0, 2.5 ], "rotation": 90, "enabled": false, "autoUv": false },
								"west": { "texture": "#lid", "uv": [ 0.0, 0.0, 16.0, 2.5 ], "autoUv": false },
								"up": { "texture": "#lid", "uv": [ 0.0, 0.0, 16.0, 2.5 ], "rotation": 90, "autoUv": false },
								"down": { "texture": "#lid", "uv": [ 0.0, 0.0, 16.0, 2.5 ], "rotation": 90, "autoUv": false }
							}
						}
					]
				},
				{
					"name": "Floor",
					"from": [ 1.0, 0.0, 1.0 ], 
					"to": [ 15.0, 1.0, 12.0 ], 
					"rotationOrigin": [ 1.0, 0.0, 1.0 ],
					"faces": {
						"north": { "texture": "#sides2", "uv": [ 0.0, 0.0, 14.0, 1.0 ], "enabled": false },
						"east": { "texture": "#sides2", "uv": [ 0.0, 0.0, 11.0, 1.0 ], "enabled": false },
						"south": { "texture": "#sides2", "uv": [ 0.0, 0.0, 14.0, 1.0 ], "enabled": false },
						"west": { "texture": "#sides2", "uv": [ 0.0, 0.0, 11.0, 1.0 ], "enabled": false },
						"up": { "texture": "#sides2", "uv": [ 0.0, 0.0, 14.0, 11.0 ] },
						"down": { "texture": "#sides2", "uv": [ 0.0, 0.0, 14.0, 11.0 ] }
					}
				},
				{
					"name": "Frame N",
					"from": [ 1.0, 1.0, 0.5 ], 
					"to": [ 15.0, 13.0, 1.0 ], 
					"rotationOrigin": [ 1.0, 1.0, 0.0 ],
					"faces": {
						"north": { "texture": "#sides2", "uv": [ 0.0, 0.0, 16.0, 16.0 ], "autoUv": false },
						"east": { "texture": "#sides2", "uv": [ 0.0, 0.0, 0.5, 12.0 ], "enabled": false },
						"south": { "texture": "#sides2", "uv": [ 0.0, 0.0, 16.0, 16.0 ], "autoUv": false },
						"west": { "texture": "#sides2", "uv": [ 0.0, 0.0, 0.5, 12.0 ], "enabled": false },
						"up": { "texture": "#lid", "uv": [ 0.0, 0.0, 16.0, 2.5 ], "enabled": false, "autoUv": false },
						"down": { "texture": "#sides2", "uv": [ 0.0, 0.0, 14.0, 0.5 ], "enabled": false }
					},
					"children": [
						{
							"name": "Frame N Inside",
							"from": [ 0.0, 0.0, 0.5 ], 
							"to": [ 14.0, 11.5, 1.0 ], 
							"rotationOrigin": [ 0.0, 0.0, 0.5 ],
							"faces": {
								"north": { "texture": "#lead", "uv": [ 0.0, 0.0, 14.0, 11.5 ], "enabled": false },
								"east": { "texture": "#lead", "uv": [ 0.0, 0.0, 0.5, 11.5 ], "enabled": false },
								"south": { "texture": "#lead", "uv": [ 0.0, 0.0, 16.0, 16.0 ], "autoUv": false },
								"west": { "texture": "#lead", "uv": [ 0.0, 0.0, 0.5, 11.5 ], "enabled": false },
								"up": { "texture": "#lead", "uv": [ 0.0, 0.0, 16.0, 1.0 ], "autoUv": false },
								"down": { "texture": "#lead", "uv": [ 0.0, 0.0, 14.0, 0.5 ], "enabled": false }
							}
						},
						{
							"name": "Frame N Outside",
							"from": [ 0.0, 12.0, -0.5 ], 
							"to": [ 14.0, 13.0, 0.5 ], 
							"rotationOrigin": [ 0.0, 12.0, -0.5 ],
							"faces": {
								"north": { "texture": "#lid", "uv": [ 0.0, 0.0, 16.0, 2.5 ], "autoUv": false },
								"east": { "texture": "#lid", "uv": [ 0.0, 0.0, 14.5, 2.5 ], "enabled": false, "autoUv": false },
								"south": { "texture": "#lid", "uv": [ 0.0, 0.0, 16.0, 2.5 ], "autoUv": false },
								"west": { "texture": "#lid", "uv": [ 0.0, 0.0, 14.5, 2.0 ], "enabled": false, "autoUv": false },
								"up": { "texture": "#lid", "uv": [ 0.0, 0.0, 16.0, 2.5 ], "autoUv": false },
								"down": { "texture": "#lid", "uv": [ 0.0, 0.0, 16.0, 2.5 ], "autoUv": false }
							}
						},
						{
							"name": "Frame N Outside B",
							"from": [ 0.0, -1.0, -0.5 ], 
							"to": [ 14.0, 0.0, 0.5 ], 
							"rotationOrigin": [ 0.0, -1.0, -0.5 ],
							"faces": {
								"north": { "texture": "#lid", "uv": [ 0.0, 0.0, 16.0, 2.5 ], "autoUv": false },
								"east": { "texture": "#lid", "uv": [ 0.0, 0.0, 14.5, 2.5 ], "enabled": false, "autoUv": false },
								"south": { "texture": "#lid", "uv": [ 0.0, 0.0, 16.0, 2.5 ], "autoUv": false },
								"west": { "texture": "#lid", "uv": [ 0.0, 0.0, 14.5, 2.0 ], "enabled": false, "autoUv": false },
								"up": { "texture": "#lid", "uv": [ 0.0, 0.0, 16.0, 2.5 ], "autoUv": false },
								"down": { "texture": "#lid", "uv": [ 0.0, 0.0, 16.0, 2.5 ], "autoUv": false }
							}
						}
					]
				},
				{
					"name": "Frame W",
					"from": [ 0.5, 1.0, 1.0 ], 
					"to": [ 1.0, 13.0, 12.0 ], 
					"rotationOrigin": [ 0.0, 1.0, 1.0 ],
					"faces": {
						"north": { "texture": "#sides2", "uv": [ 0.0, 0.0, 0.5, 12.0 ], "enabled": false },
						"east": { "texture": "#sides2", "uv": [ 0.0, 0.0, 16.0, 16.0 ], "autoUv": false },
						"south": { "texture": "#sides2", "uv": [ 0.0, 0.0, 0.5, 12.0 ], "enabled": false },
						"west": { "texture": "#sides2", "uv": [ 0.0, 0.0, 16.0, 16.0 ], "autoUv": false },
						"up": { "texture": "#lid", "uv": [ 0.0, 0.0, 16.0, 2.5 ], "rotation": 90, "enabled": false, "autoUv": false },
						"down": { "texture": "#sides2", "uv": [ 0.0, 0.0, 0.5, 11.0 ], "enabled": false }
					},
					"children": [
						{
							"name": "Frame W Inside",
							"from": [ 0.5, 0.0, 0.5 ], 
							"to": [ 0.8, 11.5, 10.5 ], 
							"rotationOrigin": [ 0.5, 0.0, 0.0 ],
							"faces": {
								"north": { "texture": "#sides2", "uv": [ 0.0, 0.0, 0.5, 11.5 ], "enabled": false },
								"east": { "texture": "#lead", "uv": [ 0.0, 0.0, 15.5, 16.0 ], "autoUv": false },
								"south": { "texture": "#sides2", "uv": [ 0.0, 0.0, 0.5, 11.5 ], "enabled": false },
								"west": { "texture": "#lead", "uv": [ 0.0, 0.0, 16.0, 16.0 ], "enabled": false, "autoUv": false },
								"up": { "texture": "#lead", "uv": [ 0.0, 0.0, 16.0, 1.0 ], "rotation": 270, "autoUv": false },
								"down": { "texture": "#sides2", "uv": [ 0.0, 0.0, 0.5, 11.0 ], "enabled": false, "autoUv": false }
							}
						},
						{
							"name": "Frame W Outside T",
							"from": [ -0.5, 12.0, 0.0 ], 
							"to": [ 0.5, 13.0, 11.0 ], 
							"rotationOrigin": [ -0.5, 12.0, 0.0 ],
							"faces": {
								"north": { "texture": "#lid", "uv": [ 0.0, 0.0, 16.0, 2.5 ], "rotation": 90, "enabled": false, "autoUv": false },
								"east": { "texture": "#lid", "uv": [ 0.0, 0.0, 16.0, 2.5 ], "autoUv": false },
								"south": { "texture": "#lid", "uv": [ 0.0, 0.0, 16.0, 2.5 ], "rotation": 90, "enabled": false, "autoUv": false },
								"west": { "texture": "#lid", "uv": [ 0.0, 0.0, 16.0, 2.5 ], "autoUv": false },
								"up": { "texture": "#lid", "uv": [ 0.0, 0.0, 16.0, 2.5 ], "rotation": 90, "autoUv": false },
								"down": { "texture": "#lid", "uv": [ 0.0, 0.0, 16.0, 2.5 ], "rotation": 90, "autoUv": false }
							}
						},
						{
							"name": "Frame W Outside B",
							"from": [ -0.5, -1.0, 0.0 ], 
							"to": [ 0.5, 0.0, 11.0 ], 
							"rotationOrigin": [ -0.5, -1.0, 0.0 ],
							"faces": {
								"north": { "texture": "#lid", "uv": [ 0.0, 0.0, 16.0, 2.5 ], "rotation": 90, "enabled": false, "autoUv": false },
								"east": { "texture": "#lid", "uv": [ 0.0, 0.0, 16.0, 2.5 ], "autoUv": false },
								"south": { "texture": "#lid", "uv": [ 0.0, 0.0, 16.0, 2.5 ], "rotation": 90, "enabled": false, "autoUv": false },
								"west": { "texture": "#lid", "uv": [ 0.0, 0.0, 16.0, 2.5 ], "autoUv": false },
								"up": { "texture": "#lid", "uv": [ 0.0, 0.0, 16.0, 2.5 ], "rotation": 90, "autoUv": false },
								"down": { "texture": "#lid", "uv": [ 0.0, 0.0, 16.0, 2.5 ], "rotation": 90, "autoUv": false }
							}
						}
					]
				},
				{
					"name": "Frame S",
					"from": [ 1.0, 1.0, 12.0 ], 
					"to": [ 15.0, 13.0, 12.5 ], 
					"rotationOrigin": [ 1.0, 1.0, 12.0 ],
					"faces": {
						"north": { "texture": "#sides2", "uv": [ 0.0, 0.0, 16.0, 16.0 ], "autoUv": false },
						"east": { "texture": "#sides2", "uv": [ 0.0, 0.0, 0.5, 11.0 ], "enabled": false },
						"south": { "texture": "#sides2", "uv": [ 0.0, 0.0, 16.0, 16.0 ], "autoUv": false },
						"west": { "texture": "#sides2", "uv": [ 0.0, 0.0, 0.5, 11.0 ], "enabled": false },
						"up": { "texture": "#lid", "uv": [ 0.0, 0.0, 16.0, 2.5 ], "enabled": false, "autoUv": false },
						"down": { "texture": "#sides2", "uv": [ 0.0, 0.0, 14.0, 0.5 ], "enabled": false }
					},
					"children": [
						{
							"name": "Frame S Inside",
							"from": [ 0.0, 0.0, -0.5 ], 
							"to": [ 14.0, 11.5, 0.0 ], 
							"rotationOrigin": [ 0.0, 0.0, -1.0 ],
							"faces": {
								"north": { "texture": "#lead", "uv": [ 0.0, 0.0, 16.0, 16.0 ], "autoUv": false },
								"east": { "texture": "#lead", "uv": [ 0.0, 0.0, 0.5, 11.5 ], "enabled": false },
								"south": { "texture": "#lead", "uv": [ 0.0, 0.0, 16.0, 16.0 ], "enabled": false, "autoUv": false },
								"west": { "texture": "#lead", "uv": [ 0.0, 0.0, 0.5, 11.5 ], "enabled": false },
								"up": { "texture": "#lead", "uv": [ 0.0, 0.0, 16.0, 1.0 ], "autoUv": false },
								"down": { "texture": "#lead", "uv": [ 0.0, 0.0, 14.0, 0.5 ], "enabled": false }
							}
						},
						{
							"name": "Frame S Outside",
							"from": [ 0.0, 12.0, 0.0 ], 
							"to": [ 14.0, 13.0, 1.0 ], 
							"rotationOrigin": [ 0.0, 12.0, 0.0 ],
							"faces": {
								"north": { "texture": "#lid", "uv": [ 0.0, 0.0, 16.0, 2.5 ], "autoUv": false },
								"east": { "texture": "#lid", "uv": [ 0.0, 0.0, 14.5, 2.5 ], "enabled": false, "autoUv": false },
								"south": { "texture": "#lid", "uv": [ 0.0, 0.0, 16.0, 2.5 ], "autoUv": false },
								"west": { "texture": "#lid", "uv": [ 0.0, 0.0, 14.5, 2.0 ], "enabled": false, "autoUv": false },
								"up": { "texture": "#lid", "uv": [ 0.0, 0.0, 16.0, 2.5 ], "autoUv": false },
								"down": { "texture": "#lid", "uv": [ 0.0, 0.0, 16.0, 2.5 ], "autoUv": false }
							}
						},
						{
							"name": "Frame B S",
							"from": [ 0.0, -1.0, 0.0 ], 
							"to": [ 14.0, 0.0, 1.0 ], 
							"rotationOrigin": [ 0.0, -1.0, 0.0 ],
							"faces": {
								"north": { "texture": "#lid", "uv": [ 0.0, 0.0, 16.0, 2.5 ], "autoUv": false },
								"east": { "texture": "#lid", "uv": [ 0.0, 0.0, 14.5, 2.5 ], "enabled": false, "autoUv": false },
								"south": { "texture": "#lid", "uv": [ 0.0, 0.0, 16.0, 2.5 ], "autoUv": false },
								"west": { "texture": "#lid", "uv": [ 0.0, 0.0, 14.5, 2.0 ], "enabled": false, "autoUv": false },
								"up": { "texture": "#lid", "uv": [ 0.0, 0.0, 16.0, 2.5 ], "autoUv": false },
								"down": { "texture": "#lid", "uv": [ 0.0, 0.0, 16.0, 2.5 ], "autoUv": false }
							}
						}
					]
				},
				{
					"name": "S Support W",
					"from": [ 0.0, -1.0, 12.0 ], 
					"to": [ 1.0, 14.0, 13.0 ], 
					"rotationOrigin": [ 0.0, -1.0, 13.0 ],
					"faces": {
						"north": { "texture": "#lid", "uv": [ 0.0, 0.0, 16.0, 2.5 ], "rotation": 90, "autoUv": false },
						"east": { "texture": "#lid", "uv": [ 0.0, 0.2, 16.0, 2.5 ], "rotation": 90, "autoUv": false },
						"south": { "texture": "#lid", "uv": [ 0.0, 0.2, 16.0, 2.5 ], "rotation": 90, "autoUv": false },
						"west": { "texture": "#lid", "uv": [ 0.0, 0.2, 16.0, 2.5 ], "rotation": 270, "autoUv": false },
						"up": { "texture": "#lid", "uv": [ 1.5, 0.0, 3.0, 2.5 ], "autoUv": false },
						"down": { "texture": "#lid", "uv": [ 10.0, 10.0, 13.5, 13.5 ], "autoUv": false }
					},
					"children": [
						{
							"name": "Feet Support SW",
							"from": [ 1.3, -0.2, 0.9 ], 
							"to": [ 1.7, 0.2, 3.4 ], 
							"rotationOrigin": [ 1.0, 0.0, 0.5 ],
							"rotationX": -155.4999906675733,
							"rotationY": 4.55795587310515E-6,
							"rotationZ": 179.9999880396996,
							"faces": {
								"north": { "texture": "#lid", "uv": [ 5.0, 7.0, 5.5, 7.5 ] },
								"east": { "texture": "#lid", "uv": [ 5.0, 7.0, 5.5, 9.5 ], "rotation": 90 },
								"south": { "texture": "#lid", "uv": [ 5.0, 7.0, 5.5, 7.5 ], "rotation": 90 },
								"west": { "texture": "#lid", "uv": [ 5.0, 7.0, 5.5, 9.5 ], "rotation": 90 },
								"up": { "texture": "#lid", "uv": [ 5.0, 7.0, 5.5, 9.5 ] },
								"down": { "texture": "#lid", "uv": [ 5.0, 7.0, 5.5, 9.5 ] }
							}
						}
					]
				},
				{
					"name": "S Support E",
					"from": [ 15.0, -1.0, 12.0 ], 
					"to": [ 16.0, 14.0, 13.0 ], 
					"rotationOrigin": [ 15.0, -1.0, 13.0 ],
					"faces": {
						"north": { "texture": "#lid", "uv": [ 0.0, 0.2, 16.0, 2.5 ], "rotation": 90, "autoUv": false },
						"east": { "texture": "#lid", "uv": [ 0.0, 0.2, 16.0, 2.5 ], "rotation": 90, "autoUv": false },
						"south": { "texture": "#lid", "uv": [ 0.0, 0.2, 16.0, 2.5 ], "rotation": 90, "autoUv": false },
						"west": { "texture": "#lid", "uv": [ 0.0, 0.2, 16.0, 2.5 ], "rotation": 270, "autoUv": false },
						"up": { "texture": "#lid", "uv": [ 14.5, 0.0, 16.0, 2.5 ], "autoUv": false },
						"down": { "texture": "#lid", "uv": [ 10.0, 10.0, 13.5, 13.5 ], "autoUv": false }
					},
					"children": [
						{
							"name": "Feet Support SE",
							"from": [ 1.3, -0.2, 0.9 ], 
							"to": [ 1.7, 0.2, 3.4 ], 
							"rotationOrigin": [ 1.0, 0.0, 0.5 ],
							"rotationX": -155.4999906675733,
							"rotationY": 4.55795587310515E-6,
							"rotationZ": 179.9999880396996,
							"faces": {
								"north": { "texture": "#lid", "uv": [ 5.0, 7.0, 5.5, 7.5 ], "rotation": 90 },
								"east": { "texture": "#lid", "uv": [ 5.0, 7.0, 5.5, 9.5 ], "rotation": 90 },
								"south": { "texture": "#lid", "uv": [ 5.0, 7.0, 5.5, 7.5 ], "rotation": 90 },
								"west": { "texture": "#lid", "uv": [ 5.0, 7.0, 5.5, 9.5 ], "rotation": 90 },
								"up": { "texture": "#lid", "uv": [ 5.0, 7.0, 5.5, 9.5 ] },
								"down": { "texture": "#lid", "uv": [ 5.0, 7.0, 5.5, 9.5 ] }
							}
						}
					]
				},
				{
					"name": "NSupport E",
					"from": [ 15.0, -1.0, 0.0 ], 
					"to": [ 16.0, 14.0, 1.0 ], 
					"rotationOrigin": [ 15.0, -1.0, 1.0 ],
					"faces": {
						"north": { "texture": "#lid", "uv": [ 0.0, 0.2, 16.0, 2.5 ], "rotation": 270, "autoUv": false },
						"east": { "texture": "#lid", "uv": [ 0.0, 0.2, 16.0, 2.5 ], "rotation": 90, "autoUv": false },
						"south": { "texture": "#lid", "uv": [ 0.0, 0.2, 16.0, 2.2 ], "rotation": 90, "autoUv": false },
						"west": { "texture": "#lid", "uv": [ 0.0, 0.2, 16.0, 2.5 ], "rotation": 270, "autoUv": false },
						"up": { "texture": "#lid", "uv": [ 14.0, 0.0, 15.5, 2.5 ], "autoUv": false },
						"down": { "texture": "#lid", "uv": [ 10.0, 10.0, 13.5, 13.5 ], "autoUv": false }
					},
					"children": [
						{
							"name": "Feet Support NE",
							"from": [ 0.3, -0.2, 0.9 ], 
							"to": [ 0.7, 0.2, 3.4 ], 
							"rotationOrigin": [ 0.0, 0.0, 0.5 ],
							"rotationX": -24.499998387144192,
							"faces": {
								"north": { "texture": "#lid", "uv": [ 5.0, 7.0, 5.5, 7.5 ], "rotation": 90 },
								"east": { "texture": "#lid", "uv": [ 5.0, 7.0, 5.5, 9.5 ], "rotation": 90 },
								"south": { "texture": "#lid", "uv": [ 5.0, 7.0, 5.5, 7.5 ] },
								"west": { "texture": "#lid", "uv": [ 5.0, 7.0, 5.5, 9.5 ], "rotation": 90 },
								"up": { "texture": "#lid", "uv": [ 5.0, 7.0, 5.5, 9.5 ] },
								"down": { "texture": "#lid", "uv": [ 5.0, 7.0, 5.5, 9.5 ] }
							}
						}
					]
				},
				{
					"name": "N Support W",
					"from": [ 0.0, -1.0, 0.0 ], 
					"to": [ 1.0, 14.0, 1.0 ], 
					"rotationOrigin": [ 0.0, -1.0, 1.0 ],
					"faces": {
						"north": { "texture": "#lid", "uv": [ 0.0, 0.2, 16.0, 2.5 ], "rotation": 270, "autoUv": false },
						"east": { "texture": "#lid", "uv": [ 0.0, 0.2, 16.0, 2.5 ], "rotation": 90, "autoUv": false },
						"south": { "texture": "#lid", "uv": [ 0.0, 0.2, 16.0, 2.5 ], "rotation": 90, "autoUv": false },
						"west": { "texture": "#lid", "uv": [ 0.0, 0.2, 16.0, 2.5 ], "rotation": 270, "autoUv": false },
						"up": { "texture": "#lid", "uv": [ 11.0, 0.0, 12.5, 2.5 ], "autoUv": false },
						"down": { "texture": "#lid", "uv": [ 10.0, 10.0, 13.5, 13.5 ], "autoUv": false }
					},
					"children": [
						{
							"name": "Feet Support NW",
							"from": [ 0.3, -0.2, 0.9 ], 
							"to": [ 0.7, 0.2, 3.4 ], 
							"rotationOrigin": [ 0.0, 0.0, 0.5 ],
							"rotationX": -24.499998387144192,
							"faces": {
								"north": { "texture": "#lid", "uv": [ 5.0, 7.0, 5.5, 7.5 ], "rotation": 90 },
								"east": { "texture": "#lid", "uv": [ 5.0, 7.0, 5.5, 9.5 ], "rotation": 90 },
								"south": { "texture": "#lid", "uv": [ 5.0, 7.0, 5.5, 7.5 ], "rotation": 90 },
								"west": { "texture": "#lid", "uv": [ 5.0, 7.0, 5.5, 9.5 ], "rotation": 90 },
								"up": { "texture": "#lid", "uv": [ 5.0, 7.0, 5.5, 9.5 ] },
								"down": { "texture": "#lid", "uv": [ 5.0, 7.0, 5.5, 9.5 ] }
							}
						}
					]
				},
				{
					"name": "Lid",
					"from": [ 0.0, 14.0, 0.0 ], 
					"to": [ 16.0, 14.5, 13.0 ], 
					"rotationOrigin": [ 0.0, 14.0, 0.0 ],
					"faces": {
						"north": { "texture": "#lid", "uv": [ 0.0, 13.5, 16.0, 16.0 ], "autoUv": false },
						"east": { "texture": "#lid", "uv": [ 0.0, 13.5, 16.0, 16.0 ], "autoUv": false },
						"south": { "texture": "#lid", "uv": [ 0.0, 13.5, 16.0, 16.0 ], "autoUv": false },
						"west": { "texture": "#lid", "uv": [ 0.0, 13.5, 16.0, 16.0 ], "autoUv": false },
						"up": { "texture": "#sides2", "uv": [ 0.0, 0.0, 16.0, 15.5 ], "autoUv": false },
						"down": { "texture": "#sides2", "uv": [ 0.0, 0.0, 16.0, 16.0 ], "autoUv": false }
					},
					"children": [
						{
							"name": "Hing E",
							"from": [ 13.0, 0.5, 0.0 ], 
							"to": [ 14.0, 0.7, 0.6 ], 
							"rotationOrigin": [ 13.0, 1.0, 0.0 ],
							"faces": {
								"north": { "texture": "#lid", "uv": [ 5.0, 7.0, 7.5, 8.0 ], "autoUv": false },
								"east": { "texture": "#lid", "uv": [ 5.5, 7.0, 7.0, 9.5 ], "autoUv": false },
								"south": { "texture": "#lid", "uv": [ 5.0, 7.0, 7.5, 8.0 ], "autoUv": false },
								"west": { "texture": "#lid", "uv": [ 6.0, 7.0, 7.0, 9.5 ], "autoUv": false },
								"up": { "texture": "#lid", "uv": [ 5.0, 7.0, 7.5, 9.5 ], "autoUv": false },
								"down": { "texture": "#lid", "uv": [ 5.0, 7.0, 7.5, 9.5 ], "autoUv": false }
							},
							"children": [
								{
									"name": "Hing E 1",
									"from": [ 0.0, -0.7, 0.0 ], 
									"to": [ 1.0, -0.5, 0.6 ], 
									"rotationOrigin": [ 0.0, -0.5, 0.0 ],
									"faces": {
										"north": { "texture": "#lid", "uv": [ 5.0, 7.0, 7.5, 9.5 ], "autoUv": false },
										"east": { "texture": "#lid", "uv": [ 6.5, 7.0, 7.5, 9.5 ], "autoUv": false },
										"south": { "texture": "#lid", "uv": [ 5.0, 7.0, 7.5, 9.5 ], "autoUv": false },
										"west": { "texture": "#lid", "uv": [ 5.0, 7.0, 6.0, 9.5 ], "autoUv": false },
										"up": { "texture": "#lid", "uv": [ 5.0, 7.0, 7.5, 8.0 ], "autoUv": false },
										"down": { "texture": "#lid", "uv": [ 5.0, 7.0, 7.5, 8.0 ], "autoUv": false }
									}
								},
								{
									"name": "Hing E 2",
									"from": [ 0.0, -0.6, -0.2 ], 
									"to": [ 1.0, 0.1, 0.0 ], 
									"rotationOrigin": [ 0.0, 0.5, -1.0 ],
									"faces": {
										"north": { "texture": "#lid", "uv": [ 5.0, 7.0, 7.5, 9.5 ], "autoUv": false },
										"east": { "texture": "#lid", "uv": [ 5.0, 7.0, 6.5, 9.5 ], "autoUv": false },
										"south": { "texture": "#lid", "uv": [ 5.0, 7.0, 7.5, 9.5 ], "autoUv": false },
										"west": { "texture": "#lid", "uv": [ 6.0, 7.0, 7.0, 9.5 ], "autoUv": false },
										"up": { "texture": "#lid", "uv": [ 5.0, 7.0, 7.5, 8.0 ], "autoUv": false },
										"down": { "texture": "#lid", "uv": [ 5.0, 7.0, 7.5, 8.0 ], "autoUv": false }
									}
								}
							]
						},
						{
							"name": "Top",
							"from": [ 1.0, 0.5, 1.0 ], 
							"to": [ 15.0, 1.0, 12.0 ], 
							"rotationOrigin": [ 1.0, 0.0, 1.0 ],
							"faces": {
								"north": { "texture": "#lid", "uv": [ 0.0, 13.5, 16.0, 16.0 ], "autoUv": false },
								"east": { "texture": "#lid", "uv": [ 0.0, 13.5, 16.0, 16.0 ], "autoUv": false },
								"south": { "texture": "#lid", "uv": [ 0.0, 13.5, 16.0, 16.0 ], "autoUv": false },
								"west": { "texture": "#lid", "uv": [ 0.0, 13.5, 16.0, 16.0 ], "autoUv": false },
								"up": { "texture": "#sides2", "uv": [ 0.0, 0.0, 16.0, 15.5 ], "autoUv": false },
								"down": { "texture": "#sides2", "uv": [ 0.0, 0.0, 16.0, 16.0 ], "autoUv": false }
							}
						},
						{
							"name": "Seal",
							"from": [ 1.0, -0.5, 1.0 ], 
							"to": [ 15.0, 0.0, 12.0 ], 
							"rotationOrigin": [ 1.0, -1.0, 1.0 ],
							"faces": {
								"north": { "texture": "#lead", "uv": [ 0.0, 15.0, 16.0, 16.0 ], "rotation": 180, "autoUv": false },
								"east": { "texture": "#lead", "uv": [ 0.0, 15.0, 16.0, 16.0 ], "rotation": 180, "autoUv": false },
								"south": { "texture": "#lead", "uv": [ 0.0, 15.0, 16.0, 16.0 ], "rotation": 180, "autoUv": false },
								"west": { "texture": "#lead", "uv": [ 0.0, 15.0, 16.0, 16.0 ], "autoUv": false },
								"up": { "texture": "#lead", "uv": [ 0.0, 0.0, 16.0, 15.5 ], "enabled": false, "autoUv": false },
								"down": { "texture": "#lead", "uv": [ 0.0, 0.0, 16.0, 16.0 ], "autoUv": false }
							}
						},
						{
							"name": "Hing W",
							"from": [ 2.0, 0.5, 0.0 ], 
							"to": [ 3.0, 0.7, 0.6 ], 
							"rotationOrigin": [ 2.0, 1.0, 0.0 ],
							"faces": {
								"north": { "texture": "#lid", "uv": [ 5.0, 7.0, 7.5, 8.0 ], "autoUv": false },
								"east": { "texture": "#lid", "uv": [ 5.5, 7.0, 7.0, 9.5 ], "autoUv": false },
								"south": { "texture": "#lid", "uv": [ 5.0, 7.0, 7.5, 8.0 ], "autoUv": false },
								"west": { "texture": "#lid", "uv": [ 6.0, 7.0, 7.0, 9.5 ], "autoUv": false },
								"up": { "texture": "#lid", "uv": [ 5.0, 7.0, 7.5, 9.5 ], "autoUv": false },
								"down": { "texture": "#lid", "uv": [ 5.0, 7.0, 7.5, 9.5 ], "autoUv": false }
							},
							"children": [
								{
									"name": "Hing W 1",
									"from": [ 0.0, -0.7, 0.0 ], 
									"to": [ 1.0, -0.5, 0.6 ], 
									"rotationOrigin": [ 0.0, -0.5, 0.0 ],
									"faces": {
										"north": { "texture": "#lid", "uv": [ 5.0, 7.0, 7.5, 9.5 ], "autoUv": false },
										"east": { "texture": "#lid", "uv": [ 6.5, 7.0, 7.5, 9.5 ], "autoUv": false },
										"south": { "texture": "#lid", "uv": [ 5.0, 7.0, 7.5, 9.5 ], "autoUv": false },
										"west": { "texture": "#lid", "uv": [ 5.0, 7.0, 6.0, 9.5 ], "autoUv": false },
										"up": { "texture": "#lid", "uv": [ 5.0, 7.0, 7.5, 8.0 ], "autoUv": false },
										"down": { "texture": "#lid", "uv": [ 5.0, 7.0, 7.5, 8.0 ], "autoUv": false }
									}
								},
								{
									"name": "Hing W 2",
									"from": [ 0.0, -0.6, -0.2 ], 
									"to": [ 1.0, 0.1, 0.0 ], 
									"rotationOrigin": [ 0.0, 0.5, -1.0 ],
									"faces": {
										"north": { "texture": "#lid", "uv": [ 5.0, 7.0, 7.5, 9.5 ], "autoUv": false },
										"east": { "texture": "#lid", "uv": [ 5.0, 7.0, 6.5, 9.5 ], "autoUv": false },
										"south": { "texture": "#lid", "uv": [ 5.0, 7.0, 7.5, 9.5 ], "autoUv": false },
										"west": { "texture": "#lid", "uv": [ 6.0, 7.0, 7.0, 9.5 ], "autoUv": false },
										"up": { "texture": "#lid", "uv": [ 5.0, 7.0, 7.5, 8.0 ], "autoUv": false },
										"down": { "texture": "#lid", "uv": [ 5.0, 7.0, 7.5, 8.0 ], "autoUv": false }
									}
								}
							]
						}
					]
				},
				{
					"name": "Hing E B",
					"from": [ 13.0, 13.2, -0.2 ], 
					"to": [ 14.0, 13.8, 0.0 ], 
					"rotationOrigin": [ 13.0, 15.0, -2.0 ],
					"faces": {
						"north": { "texture": "#lid", "uv": [ 5.0, 7.0, 7.5, 9.5 ], "autoUv": false },
						"east": { "texture": "#lid", "uv": [ 5.0, 7.0, 6.0, 9.5 ], "autoUv": false },
						"south": { "texture": "#lid", "uv": [ 2.5, 7.0, 5.0, 9.5 ], "enabled": false, "autoUv": false },
						"west": { "texture": "#lid", "uv": [ 7.5, 7.0, 6.5, 9.5 ], "autoUv": false },
						"up": { "texture": "#lid", "uv": [ 5.0, 7.0, 7.5, 8.0 ], "autoUv": false },
						"down": { "texture": "#lid", "uv": [ 5.0, 8.5, 7.5, 9.5 ], "autoUv": false }
					}
				},
				{
					"name": "Hing W B",
					"from": [ 2.0, 13.2, -0.2 ], 
					"to": [ 3.0, 13.8, 0.0 ], 
					"rotationOrigin": [ 2.0, 15.0, -2.0 ],
					"faces": {
						"north": { "texture": "#lid", "uv": [ 5.0, 7.0, 7.5, 9.5 ], "autoUv": false },
						"east": { "texture": "#lid", "uv": [ 5.0, 7.0, 6.0, 9.5 ], "autoUv": false },
						"south": { "texture": "#lid", "uv": [ 2.5, 7.0, 5.0, 9.5 ], "enabled": false, "autoUv": false },
						"west": { "texture": "#lid", "uv": [ 7.5, 7.0, 6.5, 9.5 ], "autoUv": false },
						"up": { "texture": "#lid", "uv": [ 5.0, 7.0, 7.5, 8.0 ], "autoUv": false },
						"down": { "texture": "#lid", "uv": [ 5.0, 8.5, 7.5, 9.5 ], "autoUv": false }
					}
				}
			]
		},
		{
			"name": "Bars",
			"from": [ 8.0, 2.0, 1.0 ], 
			"to": [ 8.0, 2.0, 1.0 ], 
			"rotationOrigin": [ 8.0, 2.0, 1.0 ],
			"faces": {
				"north": { "texture": "#null", "uv": [ 0.0, 0.0, 0.5, 0.5 ] },
				"east": { "texture": "#null", "uv": [ 0.0, 0.0, 0.5, 0.5 ] },
				"south": { "texture": "#null", "uv": [ 0.0, 0.0, 0.5, 0.5 ] },
				"west": { "texture": "#null", "uv": [ 0.0, 0.0, 0.5, 0.5 ] },
				"up": { "texture": "#null", "uv": [ 0.0, 0.0, 0.5, 0.5 ] },
				"down": { "texture": "#null", "uv": [ 0.0, 0.0, 0.5, 0.5 ] }
			},
			"children": [
				{
					"name": "Wood Bar 2",
					"from": [ -6.7, 3.0, 1.5 ], 
					"to": [ 6.7, 3.3, 3.5 ], 
					"rotationOrigin": [ -7.0, 3.0, 3.0 ],
					"faces": {
						"north": { "texture": "#lid", "uv": [ 0.0, 13.5, 16.0, 16.0 ], "enabled": false, "autoUv": false },
						"east": { "texture": "#lid", "uv": [ 0.0, 0.0, 2.0, 0.5 ], "enabled": false },
						"south": { "texture": "#lid", "uv": [ 0.0, 13.5, 16.0, 16.0 ], "autoUv": false },
						"west": { "texture": "#lid", "uv": [ 0.0, 0.0, 2.0, 0.5 ], "enabled": false },
						"up": { "texture": "#lid", "uv": [ 0.0, 13.5, 16.0, 16.0 ], "autoUv": false },
						"down": { "texture": "#lid", "uv": [ 0.0, 0.0, 16.0, 2.5 ], "enabled": false, "autoUv": false }
					}
				},
				{
					"name": "Wood Bar 1",
					"from": [ -6.5, 3.0, 5.5 ], 
					"to": [ 6.8, 3.3, 7.5 ], 
					"rotationOrigin": [ -7.0, 3.0, 7.0 ],
					"faces": {
						"north": { "texture": "#lid", "uv": [ 0.0, 13.5, 16.0, 16.0 ], "autoUv": false },
						"east": { "texture": "#lid", "uv": [ 0.0, 0.0, 2.0, 0.5 ], "enabled": false },
						"south": { "texture": "#lid", "uv": [ 0.0, 13.5, 16.0, 16.0 ], "autoUv": false },
						"west": { "texture": "#lid", "uv": [ 0.0, 0.0, 2.0, 0.5 ], "enabled": false },
						"up": { "texture": "#lid", "uv": [ 0.0, 13.5, 16.0, 16.0 ], "autoUv": false },
						"down": { "texture": "#lid", "uv": [ 0.0, 13.5, 16.0, 16.0 ], "enabled": false, "autoUv": false }
					}
				},
				{
					"name": "Wood Bar 3",
					"from": [ -6.5, 3.0, 9.5 ], 
					"to": [ 6.8, 3.3, 11.5 ], 
					"rotationOrigin": [ -7.0, 3.0, 11.0 ],
					"faces": {
						"north": { "texture": "#lid", "uv": [ 0.0, 13.5, 16.0, 16.0 ], "autoUv": false },
						"east": { "texture": "#lid", "uv": [ 0.0, 0.0, 2.0, 0.5 ], "enabled": false },
						"south": { "texture": "#lid", "uv": [ 0.0, 0.0, 13.0, 0.5 ], "enabled": false },
						"west": { "texture": "#lid", "uv": [ 0.0, 0.0, 2.0, 0.5 ], "enabled": false },
						"up": { "texture": "#lid", "uv": [ 0.0, 13.5, 16.0, 16.0 ], "autoUv": false },
						"down": { "texture": "#lid", "uv": [ 0.0, 13.5, 16.0, 16.0 ], "autoUv": false }
					}
				}
			]
		},
		{
			"name": "Bars42",
			"from": [ 14.6, 7.0, 9.0 ], 
			"to": [ 14.6, 7.0, 9.0 ], 
			"rotationOrigin": [ 14.6, 7.0, 9.0 ],
			"rotationY": -90.0,
			"faces": {
				"north": { "texture": "#null", "uv": [ 0.0, 0.0, 0.5, 0.5 ] },
				"east": { "texture": "#null", "uv": [ 0.0, 0.0, 0.5, 0.5 ] },
				"south": { "texture": "#null", "uv": [ 0.0, 0.0, 0.5, 0.5 ] },
				"west": { "texture": "#null", "uv": [ 0.0, 0.0, 0.5, 0.5 ] },
				"up": { "texture": "#null", "uv": [ 0.0, 0.0, 0.5, 0.5 ] },
				"down": { "texture": "#null", "uv": [ 0.0, 0.0, 0.5, 0.5 ] }
			},
			"children": [
				{
					"name": "Wood Bar 43",
					"from": [ -6.5, 3.0, 1.5 ], 
					"to": [ 3.5, 3.3, 3.5 ], 
					"rotationOrigin": [ -7.0, 3.0, 3.0 ],
					"faces": {
						"north": { "texture": "#lid", "uv": [ 0.0, 13.5, 16.0, 16.0 ], "enabled": false, "autoUv": false },
						"east": { "texture": "#lid", "uv": [ 0.0, 0.0, 2.0, 0.5 ], "enabled": false },
						"south": { "texture": "#lid", "uv": [ 0.0, 13.5, 16.0, 16.0 ], "autoUv": false },
						"west": { "texture": "#lid", "uv": [ 0.0, 0.0, 2.0, 0.5 ], "enabled": false },
						"up": { "texture": "#lid", "uv": [ 0.0, 13.5, 16.0, 16.0 ], "autoUv": false },
						"down": { "texture": "#lid", "uv": [ 0.0, 0.0, 16.0, 2.5 ], "enabled": false, "autoUv": false }
					}
				},
				{
					"name": "Wood Bar 44",
					"from": [ -6.5, 3.0, 5.5 ], 
					"to": [ 3.5, 3.3, 7.5 ], 
					"rotationOrigin": [ -7.0, 3.0, 7.0 ],
					"faces": {
						"north": { "texture": "#lid", "uv": [ 0.0, 13.5, 16.0, 16.0 ], "autoUv": false },
						"east": { "texture": "#lid", "uv": [ 0.0, 0.0, 2.0, 0.5 ], "enabled": false },
						"south": { "texture": "#lid", "uv": [ 0.0, 13.5, 16.0, 16.0 ], "autoUv": false },
						"west": { "texture": "#lid", "uv": [ 0.0, 0.0, 2.0, 0.5 ], "enabled": false },
						"up": { "texture": "#lid", "uv": [ 0.0, 13.5, 16.0, 16.0 ], "autoUv": false },
						"down": { "texture": "#lid", "uv": [ 0.0, 13.5, 16.0, 16.0 ], "enabled": false, "autoUv": false }
					}
				},
				{
					"name": "Wood Bar 45",
					"from": [ -6.5, 3.0, 9.5 ], 
					"to": [ 3.5, 3.3, 11.5 ], 
					"rotationOrigin": [ -7.0, 3.0, 11.0 ],
					"faces": {
						"north": { "texture": "#lid", "uv": [ 0.0, 13.5, 16.0, 16.0 ], "autoUv": false },
						"east": { "texture": "#lid", "uv": [ 0.0, 0.0, 2.0, 0.5 ], "enabled": false },
						"south": { "texture": "#lid", "uv": [ 0.0, 0.0, 10.0, 0.5 ], "enabled": false },
						"west": { "texture": "#lid", "uv": [ 0.0, 0.0, 2.0, 0.5 ], "enabled": false },
						"up": { "texture": "#lid", "uv": [ 0.0, 13.5, 16.0, 16.0 ], "autoUv": false },
						"down": { "texture": "#lid", "uv": [ 0.0, 13.5, 16.0, 16.0 ], "autoUv": false }
					}
				}
			]
		}
	],
	"animations": [
		{
			"name": "lidopen",
			"code": "lidopen",
			"quantityframes": 20,
			"onActivityStopped": "EaseOut",
			"onAnimationEnd": "Hold",
			"keyframes": [
				{
					"frame": 0,
					"elements": {
						"Main E": {  },
						"Lid": { "offsetX": 0.0, "offsetY": 0.0, "offsetZ": 0.0, "rotationX": 0.0, "rotationY": 0.0, "rotationZ": 0.0 }
					}
				},
				{
					"frame": 3,
					"elements": {
						"Main E": {  },
						"Lid": { "offsetX": 0.0, "offsetY": 0.0, "offsetZ": 0.0, "rotationX": -10.0, "rotationY": 0.0, "rotationZ": 0.0 }
					}
				},
				{
					"frame": 7,
					"elements": {
						"Main E": {  },
						"Lid": { "offsetX": 0.0, "offsetY": 0.0, "offsetZ": 0.0, "rotationX": -15.0, "rotationY": 0.0, "rotationZ": 0.0 }
					}
				},
				{
					"frame": 19,
					"elements": {
						"Main E": {  },
						"Lid": { "offsetX": 0.0, "offsetY": -0.4, "offsetZ": 0.2, "rotationX": -60.0, "rotationY": 0.0, "rotationZ": 0.0 }
					}
				}
			]
		}
	]
}