{
	"editor": {
		"allAngles": false,
		"entityTextureMode": true
	},
	"textureWidth": 32,
	"textureHeight": 32,
	"textureSizes": {
	},
	"textures": {
		"book": "C:/Users/andy-/AppData/Roaming/Vintagestory/assets/survival/textures/item/lore/book"
	},
	"elements": [
		{
			"name": "Cube1",
			"from": [ 6.5, 0.0, 6.0 ], 
			"to": [ 9.5, 1.0, 11.0 ], 
			"uv": [ 16.0, 15.0 ],
			"rotationOrigin": [ 6.5, 0.0, 6.0 ],
			"faces": {
				"north": { "texture": "#book", "uv": [ 0.0, 0.0, 7.0, 3.0 ], "autoUv": false },
				"east": { "texture": "#book", "uv": [ 16.0, 20.0, 21.0, 21.0 ] },
				"south": { "texture": "#book", "uv": [ 21.0, 20.0, 24.0, 21.0 ] },
				"west": { "texture": "#book", "uv": [ 24.0, 20.0, 29.0, 21.0 ] },
				"up": { "texture": "#book", "uv": [ 16.0, 15.0, 19.0, 20.0 ] },
				"down": { "texture": "#book", "uv": [ 19.0, 15.0, 22.0, 20.0 ] }
			}
		}
	]}