{
  "code": "roof",
  "class": "BlockStairs",
  "attributes": {
    "canChisel": false,
    "chiselShapeFromCollisionBox": false,
    "partialAttachable": true,
    "handbook": {
      "excludeByType": {
        "*-brown-*": true,
        "*-red-*": true
      }
    }
  },
  "variantgroups": [
    {
      "code": "type",
      "states": [ "normal", "top", "corner", "flat", "innercorner" ]
    },
    {
      "code": "variant",
      "states": [ "blue", "brown", "fire", "red" ]
    },
    {
      "loadFromProperties": "block/rock"
    },
    {
      "loadFromProperties": "abstract/horizontalorientation"
    },
    {
      "code": "cover",
      "states": [ "free", "snow" ]
    }
  ],
  "shapeByType": {
    "*-north-*": {
      "base": "block/roof/types/brick-walls/roof-{cover}-{type}",
      "rotateY": 0
    },
    "*-west-*": {
      "base": "block/roof/types/brick-walls/roof-{cover}-{type}",
      "rotateY": 90
    },
    "*-south-*": {
      "base": "block/roof/types/brick-walls/roof-{cover}-{type}",
      "rotateY": 180
    },
    "*-east-*": {
      "base": "block/roof/types/brick-walls/roof-{cover}-{type}",
      "rotateY": 270
    }
  },
  "textures": {
    "shingles": { "base": "game:block/clay/shingles/{variant}" },
    "bricks": { "base": "game:block/stone/brick/{rock}*" },
    "log": { "base": "game:block/wood/firepit/log" },
    "snow": { "base": "game:block/snow/normal1" }
  },
  "creativeinventory": {
    "general": [ "roof-*-north-free" ],
    "decorative": [ "roof-*-north-free" ]
  },
  "blockmaterial": "Ceramic",
  "replaceable": 900,
  "resistance": 1.5,
  "emitSideAo": { "all": true },
  "lightAbsorption": 99,
  "sidesolid": {
    "all": false
  },
  "sideopaque": {
    "all": false
  },
  "sounds": {
    "place": "game:block/planks",
    "hit": "game:block/planks",
    "break": "game:block/planks",
    "walk": "game:walk/wood"
  },
  "combustibleProps": {
    "burnTemperature": 600,
    "burnDuration": 35
  },
  "materialDensity": 400,
  "collisionSelectionBoxesByType": {
    "*-flat-*": [
      {
        "x1": 0,
        "y1": 0,
        "z1": 0,
        "x2": 1,
        "y2": 1,
        "z2": 1,
        "rotateYByType": {
          "*-north-*": 180,
          "*-east-*": 90,
          "*-south-*": 0,
          "*-west-*": 270
        }
      }
    ],
    "*-top-*": [
      {
        "x1": 0,
        "y1": 0,
        "z1": 0,
        "x2": 1,
        "y2": 0.25,
        "z2": 1
      },
      {
        "x1": 0.125,
        "y1": 0.25,
        "z1": 0,
        "x2": 0.8625,
        "y2": 0.375,
        "z2": 1,
        "rotateYByType": {
          "*-north-*": 180,
          "*-south-*": 0,
          "*-east-*": 270,
          "*-west-*": 90
        }
      },
      {
        "x1": 0.6875,
        "y1": 0.375,
        "z1": 1,
        "x2": 0.3125,
        "y2": 0.4875,
        "z2": 0,
        "rotateYByType": {
          "*-north-*": 180,
          "*-south-*": 0,
          "*-east-*": 270,
          "*-west-*": 90
        }
      }
    ],
    "*-corner-*": [
      {
        "x1": 0,
        "y1": 0,
        "z1": 0,
        "x2": 1,
        "y2": 0.25,
        "z2": 1
      },
      {
        "x1": 0,
        "y1": 0.25,
        "z1": 0,
        "x2": 0.8,
        "y2": 0.5,
        "z2": 0.8,
        "rotateYByType": {
          "*-north-*": 0,
          "*-east-*": 270,
          "*-south-*": 180,
          "*-west-*": 90
        }
      },
      {
        "x1": 0,
        "y1": 0.5,
        "z1": 0,
        "x2": 0.625,
        "y2": 0.75,
        "z2": 0.625,
        "rotateYByType": {
          "*-north-*": 0,
          "*-east-*": 270,
          "*-south-*": 180,
          "*-west-*": 90
        }
      },
      {
        "x1": 0,
        "y1": 0.75,
        "z1": 0,
        "x2": 0.375,
        "y2": 1,
        "z2": 0.375,
        "rotateYByType": {
          "*-north-*": 0,
          "*-east-*": 270,
          "*-south-*": 180,
          "*-west-*": 90
        }
      }
    ],
    "*-normal-*": [
      {
        "x1": 0,
        "y1": 0,
        "z1": 0,
        "x2": 1,
        "y2": 0.25,
        "z2": 1
      },
      {
        "x1": 0,
        "y1": 0.25,
        "z1": 0,
        "x2": 1,
        "y2": 0.5,
        "z2": 0.75,
        "rotateYByType": {
          "*-north-*": 0,
          "*-east-*": 270,
          "*-south-*": 180,
          "*-west-*": 90
        }
      },
      {
        "x1": 0,
        "y1": 0.5,
        "z1": 0,
        "x2": 1,
        "y2": 0.75,
        "z2": 0.5,
        "rotateYByType": {
          "*-north-*": 0,
          "*-east-*": 270,
          "*-south-*": 180,
          "*-west-*": 90
        }
      },
      {
        "x1": 0,
        "y1": 0.75,
        "z1": 0.25,
        "x2": 1,
        "y2": 1,
        "z2": 0,
        "rotateYByType": {
          "*-north-*": 0,
          "*-east-*": 270,
          "*-south-*": 180,
          "*-west-*": 90
        }
      }
    ],
    "*-innercorner-*": [
      {
        "x1": 0,
        "y1": 0,
        "z1": 0,
        "x2": 1,
        "y2": 0.3125,
        "z2": 1
      },
      {
        "x1": 0,
        "y1": 0.3125,
        "z1": 0,
        "x2": 1,
        "y2": 0.5625,
        "z2": 0.625,
        "rotateYByType": {
          "*-north-*": 0,
          "*-east-*": 270,
          "*-south-*": 180,
          "*-west-*": 90
        }
      },
      {
        "x1": 0,
        "y1": 0.3125,
        "z1": 0.625,
        "x2": 0.625,
        "y2": 0.5625,
        "z2": 1,
        "rotateYByType": {
          "*-north-*": 0,
          "*-east-*": 270,
          "*-south-*": 180,
          "*-west-*": 90
        }
      },
      {
        "x1": 0,
        "y1": 0.5625,
        "z1": 0,
        "x2": 1,
        "y2": 0.75,
        "z2": 0.4375,
        "rotateYByType": {
          "*-north-*": 0,
          "*-east-*": 270,
          "*-south-*": 180,
          "*-west-*": 90
        }
      },
      {
        "x1": 0,
        "y1": 0.5625,
        "z1": 0.4375,
        "x2": 0.45,
        "y2": 0.75,
        "z2": 1,
        "rotateYByType": {
          "*-north-*": 0,
          "*-east-*": 270,
          "*-south-*": 180,
          "*-west-*": 90
        }
      },
      {
        "x1": 0.25,
        "y1": 0.75,
        "z1": 0,
        "x2": 1,
        "y2": 1,
        "z2": 0.25,
        "rotateYByType": {
          "*-north-*": 0,
          "*-east-*": 270,
          "*-south-*": 180,
          "*-west-*": 90
        }
      },
      {
        "x1": 0.75,
        "y1": 0.75,
        "z1": 0,
        "x2": 1,
        "y2": 1,
        "z2": 1,
        "rotateYByType": {
          "*-north-*": 180,
          "*-east-*": 90,
          "*-south-*": 0,
          "*-west-*": 270
        }
      }
    ]
  }
}