{
  "code": "roof",
  "class": "BlockStairs",
  "attributes": {
    "canChisel": false,
    "chiselShapeFromCollisionBox": false,
    "partialAttachable": true,
    "handbook": {
      "excludeByType": {
        "*-brown-*": true,
        "*-red-*": true
      }
    }
  },
  "variantgroups": [
    {
      "code": "type",
      "states": [ "hangover", "innercorner-hangover" ]
    },
    {
      "code": "variant",
      "states": [ "blue", "brown", "fire", "red" ]
    },
    { "loadFromProperties": "abstract/horizontalorientation" },
    {
      "code": "cover",
      "states": [ "free", "snow" ]
    }
  ],
  "shapeByType": {
    "*-north-*": {
      "base": "block/roof/types/brick-walls/roof-{cover}-{type}",
      "rotateY": 0
    },
    "*-west-*": {
      "base": "block/roof/types/brick-walls/roof-{cover}-{type}",
      "rotateY": 90
    },
    "*-south-*": {
      "base": "block/roof/types/brick-walls/roof-{cover}-{type}",
      "rotateY": 180
    },
    "*-east-*": {
      "base": "block/roof/types/brick-walls/roof-{cover}-{type}",
      "rotateY": 270
    }
  },
  "textures": {
    "shingles": { "base": "game:block/clay/shingles/{variant}" },
    "log": { "base": "game:block/wood/firepit/log" },
    "snow": { "base": "game:block/snow/normal1" }
  },
  "creativeinventory": {
    "general": [ "roof-*-north-free" ],
    "decorative": [ "roof-*-north-free" ]
  },
  "blockmaterial": "Ceramic",
  "replaceable": 900,
  "resistance": 1.5,
  "emitSideAo": {
    "all": false,
    "top": true
  },
  "lightAbsorption": 25,
  "sidesolid": {
    "all": false
  },
  "sideopaque": {
    "all": false
  },
  "sounds": {
    "place": "game:block/planks",
    "hit": "game:block/planks",
    "break": "game:block/planks",
    "walk": "game:walk/wood"
  },
  "combustibleProps": {
    "burnTemperature": 600,
    "burnDuration": 35
  },
  "materialDensity": 400,
  "collisionSelectionBoxesByType": {
    "*-hangover-*": [
      {
        "x1": 0,
        "y1": 0.75,
        "z1": 0.7,
        "x2": 1,
        "y2": 1,
        "z2": 1,
        "rotateYByType": {
          "*-north-*": 180,
          "*-east-*": 90,
          "*-south-*": 0,
          "*-west-*": 270
        }
      }
    ]
  }
}