{
	code: "detectorrails",
	"class": "BlockDetectorRail",
	behaviors: [ {name: "Unstable"} ],
	
	"attributesByType": {
		 "*-up-flat_ns": {"replace": "rustandrails:detectorrails-down-flat_ns"},
		 "*-up-flat_we": {"replace": "rustandrails:detectorrails-down-flat_we"},
		 "*-down-flat_ns": {"replace": "rustandrails:detectorrails-up-flat_ns"},
		 "*-down-flat_we": {"replace": "rustandrails:detectorrails-up-flat_we"}
	},
	
	variantgroups: [
		{ "code": "state", "states": ["up","down"]},
		{ code: "type", states: ["flat_ns", "flat_we"] }
	],
	creativeinventory: { "R&R": ["detectorrails-up-flat_ns"] },
		drops: [
		{ type: "block", code: "rustandrails:detectorrails-up-flat_ns" }
	],
	shapeByType: {
		
		"*-down-flat_we":  { "base": "rustandrails:block/rails/detectorrail-down-flat_ns",rotateY:90 },
		"*-down-flat_ns":  { base: "rustandrails:block/rails/detectorrail-down-flat_ns", rotateY: 0 },
		"*-up-flat_we":  { base: "rustandrails:block/rails/detectorrail-up-flat_ns", rotateY: 90 },
		"*-up-flat_ns":  { base: "rustandrails:block/rails/detectorrail-up-flat_ns", rotateY: 0 },
		"*": { base: "game:block/wood/rails/{type}" },
	},
	blockmaterial: "Wood",
	textures: {
		wood: { base: "game:block/wood/planks/generic" },
	},
	sidesolid: {
		all: false
	},
	sideopaque: {
		all: false
	},
	resistance: 0.5,
	lightAbsorption: 0,
	collisionbox: null,
	selectionbox: { x1: 0, y1: 0, z1: 0, x2: 1, y2: 0.125, z2: 1 },
	sounds: {
		"place": "block/planks",
		"hit": "block/planks",
		"break": "block/planks",
		"walk": "walk/wood"
	},
	guiTransform: {
		translation: { x: 0, y: 2, z: 0 },
		origin: { x: 0.5, y: 0.0625, z: 0.5 },
		scale: 1.3
	},
	tpHandTransform: {
		translation: { x: -1.2, y: -0.4, z: -1.3 },
		rotation: { x: -68, y: 0, z: 0 },
		origin: { x: 0.5, y: 0.1, z: 0.5 },
		scale: 0.4
	},
	groundTransform: {
		origin: { x: 0.5, y: 0, z: 0.5 },
		scale: 2
	},
	fpHandTransform: {
		translation: { x: 0, y: 0.1, z: 0 },
		rotation: { x: 0, y: -50, z: 67 },
		origin: { x: 0.5, y: 0.13, z: 0.5 }
	}
}