{
  "code": "verticalwoodenrails",
  "behaviors": [
	
		{
			"name": "HorizontalOrientable"
			
		}
	],
  "variantgroups": [
    
    {
      "code": "side",
      "states": [ "north", "east", "south", "west" ]
    }
  ],
  "shapebytype": {
    
    "*-north": {
      "base": "block/rails/raised_ns",
      "rotateY": 0
    },
    "*-east": {
      "base": "block/rails/raised_ns",
      "rotateY": 270
      
    },
    "*-west": {
      "base": "block/rails/raised_ns",
      "rotateY": 90
      
    },
    "*-south": {
      "base": "block/rails/raised_ns",
      "rotateY": 180
    }
  },
  "sidesolidByType": {
    "*": {
      "all": false,
      "down": false
    },
    
  },
  "sideopaqueByType": {
    "*": {
      "all": false
      
    }
  },
  textures: {
		wood: { base: "game:block/wood/planks/generic" },
	},
  "blockmaterial": "Wood",
 "creativeinventory": {
    "R&R": [ "*-north" ]
    
  },
  "replaceable": 300,
  "resistance": 2,
  "lightAbsorption": 1,
  "emitSideAo": {
    "all": false
  },
  
  
  
 
}