{
	"editor": {
		"allAngles": false,
		"entityTextureMode": false
	},
	"textureWidth": 16,
	"textureHeight": 16,
	"textureSizes": {
	},
	"textures": {
	},
	"elements": [
		{
			"name": "Middle",
			"from": [ 7.75, 1.19, 7.75 ], 
			"to": [ 8.23, 1.44, 8.23 ], 
			"rotationOrigin": [ 8.0, 1.2, 8.0 ],
			"rotationZ": 1.3660376775763903E-5,
			"faces": {
				"north": { "texture": "#brass", "uv": [ 2.0, 3.0, 6.0, 6.0 ], "rotation": 180, "autoUv": false },
				"east": { "texture": "#brass", "uv": [ 2.0, 3.0, 6.0, 6.0 ], "rotation": 180, "autoUv": false },
				"south": { "texture": "#brass", "uv": [ 2.0, 3.0, 6.0, 6.0 ], "rotation": 180, "autoUv": false },
				"west": { "texture": "#brass", "uv": [ 2.0, 3.0, 6.0, 6.0 ], "rotation": 180, "autoUv": false },
				"up": { "texture": "#brass", "uv": [ 2.0, 3.0, 6.0, 6.0 ], "autoUv": false },
				"down": { "texture": "#brass", "uv": [ 2.0, 3.0, 6.0, 6.0 ], "autoUv": false }
			},
			"children": [
				{
					"name": "Metal Middle ",
					"from": [ 0.06, 0.25, 0.06 ], 
					"to": [ 0.42, 0.49, 0.42 ], 
					"rotationOrigin": [ 0.0, -0.47, 0.0 ],
					"rotationZ": -8.14221953748806E-13,
					"faces": {
						"north": { "texture": "#brass", "uv": [ 3.0, 3.0, 6.0, 6.0 ], "autoUv": false },
						"east": { "texture": "#brass", "uv": [ 3.0, 3.0, 6.0, 6.0 ], "autoUv": false },
						"south": { "texture": "#brass", "uv": [ 3.0, 3.0, 6.0, 6.0 ], "autoUv": false },
						"west": { "texture": "#brass", "uv": [ 3.0, 3.0, 6.0, 6.0 ], "autoUv": false },
						"up": { "texture": "#brass", "uv": [ 3.0, 3.0, 6.0, 6.0 ], "autoUv": false },
						"down": { "texture": "#brass", "uv": [ 0.0, 0.0, 16.0, 16.0 ], "enabled": false, "autoUv": false }
					},
					"children": [
						{
							"name": "Bolt",
							"from": [ -0.18, 0.06, 0.156 ], 
							"to": [ 0.0, 0.12, 0.216 ], 
							"rotationOrigin": [ 0.0, 0.0, 0.0 ],
							"rotationZ": 1.3660376775763903E-5,
							"faces": {
								"north": { "texture": "#brass", "uv": [ 0.0, 0.0, 0.5, 0.5 ] },
								"east": { "texture": "#brass", "uv": [ 0.0, 0.0, 0.5, 0.5 ] },
								"south": { "texture": "#brass", "uv": [ 0.0, 0.0, 0.5, 0.5 ] },
								"west": { "texture": "#brass", "uv": [ 0.0, 0.0, 0.5, 0.5 ] },
								"up": { "texture": "#brass", "uv": [ 0.0, 0.0, 0.5, 0.5 ] },
								"down": { "texture": "#brass", "uv": [ 0.0, 0.0, 0.5, 0.5 ] }
							},
							"children": [
								{
									"name": "Bolt End",
									"from": [ -0.024, -0.012, -0.018 ], 
									"to": [ 0.0, 0.084, 0.078 ], 
									"rotationOrigin": [ 0.18, -0.18, -0.018 ],
									"faces": {
										"north": { "texture": "#brass", "uv": [ 0.0, 0.0, 0.5, 0.5 ] },
										"east": { "texture": "#brass", "uv": [ 0.0, 0.0, 0.5, 0.5 ] },
										"south": { "texture": "#brass", "uv": [ 0.0, 0.0, 0.5, 0.5 ] },
										"west": { "texture": "#brass", "uv": [ 0.0, 0.0, 0.5, 0.5 ] },
										"up": { "texture": "#brass", "uv": [ 0.0, 0.0, 0.5, 0.5 ] },
										"down": { "texture": "#brass", "uv": [ 0.0, 0.0, 0.5, 0.5 ] }
									}
								}
							]
						},
						{
							"name": "Middle6",
							"from": [ -0.24, -1.2, -0.24 ], 
							"to": [ 0.6, -0.48, 0.6 ], 
							"renderPass": 3,
							"rotationOrigin": [ -0.06, -0.48, -0.06 ],
							"rotationZ": 8.14221953748806E-13,
							"faces": {
								"north": { "texture": "#glass", "uv": [ 0.0, 1.0, 16.0, 15.0 ], "autoUv": false },
								"east": { "texture": "#glass", "uv": [ 0.0, 1.0, 16.0, 14.5 ], "autoUv": false },
								"south": { "texture": "#glass", "uv": [ 0.0, 1.0, 16.0, 15.0 ], "autoUv": false },
								"west": { "texture": "#glass", "uv": [ 0.0, 1.0, 16.0, 14.0 ], "autoUv": false },
								"up": { "texture": "#glass", "uv": [ 0.0, 0.0, 16.0, 16.0 ], "autoUv": false },
								"down": { "texture": "#glass", "uv": [ 0.0, 0.0, 16.0, 16.0 ], "autoUv": false }
							}
						},
						{
							"name": "Middle5",
							"from": [ -0.12, -0.48, -0.12 ], 
							"to": [ 0.48, -0.24, 0.48 ], 
							"renderPass": 3,
							"rotationOrigin": [ -0.06, -0.48, -0.06 ],
							"rotationZ": 8.14221953748806E-13,
							"faces": {
								"north": { "texture": "#glass", "uv": [ 0.0, 0.0, 16.0, 8.0 ], "autoUv": false },
								"east": { "texture": "#glass", "uv": [ 0.0, 0.0, 16.0, 8.0 ], "autoUv": false },
								"south": { "texture": "#glass", "uv": [ 0.0, 0.0, 16.0, 8.0 ], "autoUv": false },
								"west": { "texture": "#glass", "uv": [ 0.0, 0.0, 16.0, 8.0 ], "autoUv": false },
								"up": { "texture": "#glass", "uv": [ 0.0, 0.0, 16.0, 16.0 ], "autoUv": false },
								"down": { "texture": "#glass", "uv": [ 0.0, 0.0, 0.5, 0.5 ], "enabled": false }
							}
						},
						{
							"name": "Middle8",
							"from": [ -0.12, -1.476, -0.12 ], 
							"to": [ 0.48, -1.32, 0.48 ], 
							"renderPass": 3,
							"rotationOrigin": [ -0.06, -0.48, -0.06 ],
							"rotationZ": 8.14221953748806E-13,
							"faces": {
								"north": { "texture": "#glass", "uv": [ 0.0, 12.0, 16.0, 16.0 ], "autoUv": false },
								"east": { "texture": "#glass", "uv": [ 0.0, 12.0, 16.0, 16.0 ], "autoUv": false },
								"south": { "texture": "#glass", "uv": [ 0.0, 12.0, 16.0, 16.0 ], "rotation": 180, "autoUv": false },
								"west": { "texture": "#glass", "uv": [ 0.0, 12.0, 16.0, 16.0 ], "rotation": 180, "autoUv": false },
								"up": { "texture": "#glass", "uv": [ 0.0, 0.0, 0.5, 0.5 ], "enabled": false },
								"down": { "texture": "#glass", "uv": [ 0.0, 0.0, 16.0, 16.0 ], "autoUv": false }
							}
						},
						{
							"name": "Middle7",
							"from": [ -0.18, -1.32, -0.18 ], 
							"to": [ 0.54, -1.2, 0.54 ], 
							"renderPass": 3,
							"rotationOrigin": [ -0.06, -0.48, -0.06 ],
							"rotationZ": 8.14221953748806E-13,
							"faces": {
								"north": { "texture": "#glass", "uv": [ 0.0, 16.0, 16.0, 12.0 ], "rotation": 180, "autoUv": false },
								"east": { "texture": "#glass", "uv": [ 0.0, 16.0, 16.0, 12.0 ], "rotation": 180, "autoUv": false },
								"south": { "texture": "#glass", "uv": [ 0.0, 12.0, 16.0, 16.0 ], "rotation": 180, "autoUv": false },
								"west": { "texture": "#glass", "uv": [ 0.0, 16.0, 16.0, 12.0 ], "rotation": 180, "autoUv": false },
								"up": { "texture": "#glass", "uv": [ 0.0, 0.0, 0.5, 0.5 ], "enabled": false },
								"down": { "texture": "#glass", "uv": [ 2.0, 1.5, 15.0, 15.0 ], "autoUv": false }
							}
						}
					]
				},
				{
					"name": "Wires 0",
					"from": [ 0.18, 0.49, 0.18 ], 
					"to": [ 0.3, 2.89, 0.3 ], 
					"rotationOrigin": [ 0.0, 0.01, 0.0 ],
					"faces": {
						"north": { "texture": "#wires", "uv": [ 0.0, 0.0, 1.5, 16.0 ], "autoUv": false },
						"east": { "texture": "#wires", "uv": [ 0.0, 0.0, 1.5, 16.0 ], "autoUv": false },
						"south": { "texture": "#wires", "uv": [ 0.0, 0.0, 1.5, 16.0 ], "autoUv": false },
						"west": { "texture": "#wires", "uv": [ 0.0, 0.0, 1.5, 16.0 ], "autoUv": false },
						"up": { "texture": "#wires", "uv": [ 0.0, 0.0, 0.5, 0.5 ] },
						"down": { "texture": "#wires", "uv": [ 0.0, 0.0, 0.5, 0.5 ] }
					},
					"children": [
						{
							"name": "Wires 2",
							"from": [ 0.0, 4.8, 0.0 ], 
							"to": [ 0.12, 7.2, 0.12 ], 
							"rotationOrigin": [ -0.18, 4.32, -0.18 ],
							"faces": {
								"north": { "texture": "#wires", "uv": [ 0.0, 0.0, 1.5, 16.0 ], "autoUv": false },
								"east": { "texture": "#wires", "uv": [ 0.0, 0.0, 1.5, 16.0 ], "autoUv": false },
								"south": { "texture": "#wires", "uv": [ 0.0, 0.0, 1.5, 16.0 ], "autoUv": false },
								"west": { "texture": "#wires", "uv": [ 0.0, 0.0, 1.5, 16.0 ], "autoUv": false },
								"up": { "texture": "#wires", "uv": [ 0.0, 0.0, 0.5, 0.5 ] },
								"down": { "texture": "#wires", "uv": [ 0.0, 0.0, 0.5, 0.5 ] }
							}
						},
						{
							"name": "Wires 1",
							"from": [ 0.0, 2.4, 0.0 ], 
							"to": [ 0.12, 4.8, 0.12 ], 
							"rotationOrigin": [ -0.18, 1.92, -0.18 ],
							"faces": {
								"north": { "texture": "#wires", "uv": [ 0.0, 0.0, 1.5, 16.0 ], "autoUv": false },
								"east": { "texture": "#wires", "uv": [ 0.0, 0.0, 1.5, 16.0 ], "autoUv": false },
								"south": { "texture": "#wires", "uv": [ 0.0, 0.0, 1.5, 16.0 ], "autoUv": false },
								"west": { "texture": "#wires", "uv": [ 0.0, 0.0, 1.5, 16.0 ], "autoUv": false },
								"up": { "texture": "#wires", "uv": [ 0.0, 0.0, 0.5, 0.5 ] },
								"down": { "texture": "#wires", "uv": [ 0.0, 0.0, 0.5, 0.5 ] }
							}
						},
						{
							"name": "Wires 14",
							"from": [ 0.0, 7.2, 0.0 ], 
							"to": [ 0.12, 9.6, 0.12 ], 
							"rotationOrigin": [ -0.18, 6.72, -0.18 ],
							"faces": {
								"north": { "texture": "#wires", "uv": [ 0.0, 0.0, 1.5, 16.0 ], "autoUv": false },
								"east": { "texture": "#wires", "uv": [ 0.0, 0.0, 1.5, 16.0 ], "autoUv": false },
								"south": { "texture": "#wires", "uv": [ 0.0, 0.0, 1.5, 16.0 ], "autoUv": false },
								"west": { "texture": "#wires", "uv": [ 0.0, 0.0, 1.5, 16.0 ], "autoUv": false },
								"up": { "texture": "#wires", "uv": [ 0.0, 0.0, 0.5, 0.5 ] },
								"down": { "texture": "#wires", "uv": [ 0.0, 0.0, 0.5, 0.5 ] }
							}
						},
						{
							"name": "Wires 15",
							"from": [ 0.0, 9.6, 0.0 ], 
							"to": [ 0.12, 12.0, 0.12 ], 
							"rotationOrigin": [ -0.18, 9.12, -0.18 ],
							"faces": {
								"north": { "texture": "#wires", "uv": [ 0.0, 0.0, 1.5, 16.0 ], "autoUv": false },
								"east": { "texture": "#wires", "uv": [ 0.0, 0.0, 1.5, 16.0 ], "autoUv": false },
								"south": { "texture": "#wires", "uv": [ 0.0, 0.0, 1.5, 16.0 ], "autoUv": false },
								"west": { "texture": "#wires", "uv": [ 0.0, 0.0, 1.5, 16.0 ], "autoUv": false },
								"up": { "texture": "#wires", "uv": [ 0.0, 0.0, 0.5, 0.5 ] },
								"down": { "texture": "#wires", "uv": [ 0.0, 0.0, 0.5, 0.5 ] }
							}
						},
						{
							"name": "Wires 16",
							"from": [ 0.0, 12.0, 0.0 ], 
							"to": [ 0.12, 14.4, 0.12 ], 
							"rotationOrigin": [ -0.18, 11.52, -0.18 ],
							"faces": {
								"north": { "texture": "#wires", "uv": [ 0.0, 0.0, 1.5, 16.0 ], "autoUv": false },
								"east": { "texture": "#wires", "uv": [ 0.0, 0.0, 1.5, 16.0 ], "autoUv": false },
								"south": { "texture": "#wires", "uv": [ 0.0, 0.0, 1.5, 16.0 ], "autoUv": false },
								"west": { "texture": "#wires", "uv": [ 0.0, 0.0, 1.5, 16.0 ], "autoUv": false },
								"up": { "texture": "#wires", "uv": [ 0.0, 0.0, 0.5, 0.5 ] },
								"down": { "texture": "#wires", "uv": [ 0.0, 0.0, 0.5, 0.5 ] }
							}
						}
					]
				},
				{
					"name": "Cube1",
					"from": [ 0.15, -0.83, 0.198 ], 
					"to": [ 0.21, 0.01, 0.258 ], 
					"rotationOrigin": [ 0.0, -1.19, 0.0 ],
					"faces": {
						"north": { "texture": "#bulb", "uv": [ 0.0, 0.0, 0.5, 0.5 ] },
						"east": { "texture": "#bulb", "uv": [ 0.0, 0.0, 0.5, 0.5 ] },
						"south": { "texture": "#bulb", "uv": [ 0.0, 0.0, 0.5, 0.5 ] },
						"west": { "texture": "#bulb", "uv": [ 0.0, 0.0, 0.5, 0.5 ] },
						"up": { "texture": "#bulb", "uv": [ 0.0, 0.0, 0.5, 0.5 ] },
						"down": { "texture": "#bulb", "uv": [ 0.0, 0.0, 0.5, 0.5 ] }
					},
					"children": [
						{
							"name": "Cube10",
							"from": [ 0.12, 0.0, 0.0 ], 
							"to": [ 0.18, 0.84, 0.06 ], 
							"rotationOrigin": [ -0.12, -0.36, -0.18 ],
							"faces": {
								"north": { "texture": "#bulb", "uv": [ 0.0, 0.0, 0.5, 0.5 ] },
								"east": { "texture": "#bulb", "uv": [ 0.0, 0.0, 0.5, 0.5 ] },
								"south": { "texture": "#bulb", "uv": [ 0.0, 0.0, 0.5, 0.5 ] },
								"west": { "texture": "#bulb", "uv": [ 0.0, 0.0, 0.5, 0.5 ] },
								"up": { "texture": "#bulb", "uv": [ 0.0, 0.0, 0.5, 0.5 ] },
								"down": { "texture": "#bulb", "uv": [ 0.0, 0.0, 0.5, 0.5 ] }
							}
						}
					]
				}
			]
		}
	]}