{
  "code": "metalsheet",
  "class": "BlockSimpleCoating",
  "storageFlags": 5,
  "attributes": {

  },
  "attributesByType": {
    "*-temporalsteel-*": {
      "temporalCharge": 10000,
      "temporalTransformTo": "machines:metalsheet-chargedtemporalsteel",
      "temporalTransformBlockOrItem": "block"
    }
  },
  "behaviorsByType": {
     "*-temporalsteel-*": [
       {"name":"CBTemporalChargeable"}
     ]
  },
  "variantgroups": [
    {
      "code": "metal",
      "states": [ "temporalsteel","chargedtemporalsteel" ]
    },
    {
      "code": "side",
      "states": [ "north", "east", "south", "west", "up", "down" ]
    }
  ],
  "shapebytype": {
    "*-down": { "base": "game:block/basic/layers/1voxel" },
    "*-up": {
      "base": "game:block/basic/layers/1voxel",
      "rotateX": 180
    },
    "*-north": {
      "base": "game:block/basic/layers/1voxel",
      "rotateX": 90
    },
    "*-east": {
      "base": "game:block/basic/layers/1voxel",
      "rotateX": 90,
      "rotateY": 180,
      "rotateZ": 270
    },
    "*-west": {
      "base": "game:block/basic/layers/1voxel",
      "rotateX": 90,
      "rotateY": 0,
      "rotateZ": 270
    },
    "*-south": {
      "base": "game:block/basic/layers/1voxel",
      "rotateX": 270
    }
  },
  "sidesolidByType": {
    "*-down": {
      "all": false,
      "down": true
    },
    "*-up": {
      "all": false,
      "up": true
    },
    "*-north": {
      "all": false,
      "north": true
    },
    "*-east": {
      "all": false,
      "east": true
    },
    "*-west": {
      "all": false,
      "west": true
    },
    "*-south": {
      "all": false,
      "south": true
    }
  },
  "sideopaqueByType": {
    "*-down": {
      "all": false,
      "down": true
    },
    "*-up": {
      "all": false,
      "down": true
    },
    "*-north": {
      "all": false,
      "north": true
    },
    "*-east": {
      "all": false,
      "east": true
    },
    "*-west": {
      "all": false,
      "west": true
    },
    "*-south": {
      "all": false,
      "south": true
    }
  },
  "blockmaterial": "Metal",
 "creativeinventory": {
    "qptech-parts": [ "*-down" ]
    
  },
  "replaceable": 300,
  "resistance": 2,
  "lightAbsorption": 1,
  "emitSideAo": {
    "all": false
  },
  "textures": {
    "all": {
      "base": "block/metal/sheet/{metal}",
      "alternates": [
        { "base": "block/metal/sheet/{metal}" },
        { "base": "block/metal/sheet/{metal}" },
        { "base": "block/metal/sheet/{metal}" },
        { "base": "block/metal/sheet/{metal}" }
      ]
    }
  },
  "selectionbox": {
    "x1": 0,
    "y1": 0,
    "z1": 0,
    "x2": 1,
    "y2": 0.0625,
    "z2": 1,
    "rotateXByType": {
      "*-up": 180,
      "*-north": 90,
      "*-east": 90,
      "*-west": 90,
      "*-south": 270
    },
    "rotateYByType": {
      "*-east": 180,
      "*-west": 0
    },
    "rotateZByType": {
      "*-east": 270,
      "*-west": 270
    }
  },
  "collisionbox": {
    "x1": 0,
    "y1": 0,
    "z1": 0,
    "x2": 1,
    "y2": 0.0625,
    "z2": 1,
    "rotateXByType": {
      "*-up": 180,
      "*-north": 90,
      "*-east": 90,
      "*-west": 90,
      "*-south": 270
    },
    "rotateYByType": {
      "*-east": 180,
      "*-west": 0
    },
    "rotateZByType": {
      "*-east": 270,
      "*-west": 270
    }
  },
  "guiTransform": {
    "origin": {
      "x": 0.5,
      "y": 0.0625,
      "z": 0.5
    }
  },
  "combustiblePropsByType": {
    "metalsheet-temporalsteel": {
      "meltingPoint": 1400,
      "meltingDuration": 30,
      "smeltedRatio": 1,
      "smeltedStack": {
        "type": "item",
        "code": "ingot-temporalsteel"
      }
    },
    "metalsheet-chargedtemporalsteel": {
      "meltingPoint": 2500,
      "meltingDuration": 30,
      "smeltedRatio": 1,
      "smeltedStack": {
        "type": "item",
        "code": "ingot-chargedtemporalsteel"
      }
    }
  }
}