{
	code: "creature",
	class: "ItemCreature",
	maxstacksize: 64,
	variantgroups: [
		{ code: "type", states: [
			"minecart"
		] },
	],
	
	
	shapeByType: {
		"creature-minecart": { base: "rustandrails:block/rails/minecart" }
		
	},
	
	creativeinventory: { "general": ["*"], "R&R": ["*"]},
	materialDensity: 600,
	guiTransformByType: {
		
		"*": {
			rotate: true,
			translation: { x: 3, y: 0, z: 0 },
			rotation: { x: -11, y: -52, z: -180 },
			origin: { x: 0.5, y: 0.8, z: 0.5 },
			scale: 0.97
		}
	},
	
	fpHandTransformByType: {
		
		"*": {
			translation: { x: 0.2, y: 0, z: 0 },
			rotation: { x: -8, y: -63, z: -7 }
		}
	},
	
	
}