{
	code: "itemkiln",
	class: "ItemKiln",
	shape: { base: "item/stone/itemcampfire" },
	"textures": {
		"hay": { base: "block/grass/hay/normal-side"},
		"string": { base: "item/campfire/string"},
		"bundle": { base: "item/campfire/bundle"},
		"roge": { base: "item/campfire/roge"},
		"stone": { base: "game:block/stone/rock/shale1"}
	},
	creativeinventory: { "general": ["*"], "items": ["*"] },
	maxstacksize: 1,
	materialDensity: 258,
    "heldTpIdleAnimation": "holdbothhandslarge",
	"heldTpUseAnimation": "twohandplaceblock",
	groundTransform: {
		translation: { x: 0, y: 0, z: 0 },
		rotation: { x: 0, y: 0, z: 0 },
		origin: { x: 0.5, y: 0, z: 0.5 },
		scale: 6
	},
	guiTransform: {
		translation: { x: 0, y: 0, z: 0 },
		rotation: { x: 180, y: 43, z: 2 },
		origin: { x: 0.58, y: 0.25, z: 0.4 },
		scale: 2.45
	},
	fpHandTransform: {
		rotation: { x: -20, y: -180, z: 0 },
		origin: { x: 0.5, y: 0.3, z: 0.48 },
		scale: 2.3
	},
	tpHandTransform: {
		translation: { x: -1, y: -0.49, z: -0.2 },
		rotation: { x: -74, y: 0, z: -109 },
		scale: 0.9
	}
}