{
	ingredientPattern: "STS	MBL	SRS",
	ingredients: {
		"T": {
			"type": "item",
			"code": "screwdriver-*",
			"isTool": true
		},
		"P": {
			"type": "item",
			"code": "wire-*",
			"quantity": 1
		},
		"B": {
			"type": "block",
			"code": "machineryblock",
			"quantity": 1
		},
		"M": {
			"type": "item",
			"code": "motor-primitive",
			"quantity": 1
		},
		"S": {
			"type": "item",
			"code": "screw-brass",
			"quantity": 1
		},
		"R": {
			"type": "item",
			"code": "rod-brass",
			"quantity": 1
		},
		"L": {
			"type": "item",
			"code": "game:metalplate-iron",
			"quantity": 1
		}
	},
	width: 3,
	height: 3,
	output: {
		"type": "block",
		"code": "machines:logsplitter-lv-east",
		"quantity": 1
	}
}