{
	"editor": {
		"allAngles": false,
		"entityTextureMode": false
	},
	"textureWidth": 16,
	"textureHeight": 16,
	"textureSizes": {
		"cabinet-detail": [16,16],
		"cabinet-border": [16,16],
		"countertop": [16,16],
		"countertop-border": [16,16],
		"cabinet": [16,16]
	},
	"textures": {
		"sides2": "C:/Users/andy-/Documents/GitHub/qptech/mods/qptechfurniture/assets/furniture/textures/block/wood/cabinets/acacia/cabinet",
		"lid": "C:/Users/andy-/Documents/GitHub/qptech/mods/qptechfurniture/assets/furniture/textures/block/wood/cabinets/acacia/detail",
		"accessories": "C:/Users/andy-/Documents/GitHub/qptech/mods/qptechfurniture/assets/furniture/textures/block/wood/cabinets/acacia/countertop"
	},
	"elements": [
		{
			"name": "Frame",
			"from": [ 8.0, 8.0, 0.0 ], 
			"to": [ 8.0, 8.0, 0.0 ], 
			"rotationOrigin": [ 8.0, 8.0, 0.0 ],
			"faces": {
				"north": { "texture": "#shinybrass", "uv": [ 0.0, 0.0, 0.5, 0.5 ] },
				"east": { "texture": "#shinybrass", "uv": [ 0.0, 0.0, 0.5, 0.5 ] },
				"south": { "texture": "#shinybrass", "uv": [ 0.0, 0.0, 0.5, 0.5 ] },
				"west": { "texture": "#shinybrass", "uv": [ 0.0, 0.0, 0.5, 0.5 ] },
				"up": { "texture": "#shinybrass", "uv": [ 0.0, 0.0, 0.5, 0.5 ] },
				"down": { "texture": "#shinybrass", "uv": [ 0.0, 0.0, 0.5, 0.5 ] }
			},
			"children": [
				{
					"name": "Frame N",
					"from": [ -8.0, -6.0, 0.0 ], 
					"to": [ 7.0, 7.0, 1.0 ], 
					"rotationOrigin": [ -8.0, -6.0, 0.0 ],
					"faces": {
						"north": { "texture": "#sides2", "uv": [ 0.0, 0.0, 16.0, 16.0 ], "autoUv": false },
						"east": { "texture": "#sides2", "uv": [ 0.0, 0.0, 16.0, 16.0 ], "enabled": false, "autoUv": false },
						"south": { "texture": "#sides2", "uv": [ 0.0, 0.0, 17.5, 16.5 ], "enabled": false, "autoUv": false },
						"west": { "texture": "#sides2", "uv": [ 0.0, 0.0, 2.0, 16.0 ], "autoUv": false },
						"up": { "texture": "#sides2", "uv": [ 0.0, 0.0, 2.0, 16.0 ], "enabled": false, "autoUv": false },
						"down": { "texture": "#sides2", "uv": [ 0.0, 0.0, 2.0, 16.0 ], "enabled": false, "autoUv": false }
					}
				},
				{
					"name": "Frame E",
					"from": [ 7.0, -6.0, 0.0 ], 
					"to": [ 8.0, 7.0, 15.0 ], 
					"rotationOrigin": [ 7.0, -6.0, 0.0 ],
					"faces": {
						"north": { "texture": "#sides2", "uv": [ 13.0, 0.0, 15.5, 16.0 ], "autoUv": false },
						"east": { "texture": "#sides2", "uv": [ 16.0, 0.0, 0.0, 16.0 ], "autoUv": false },
						"south": { "texture": "#sides2", "uv": [ 0.0, 0.0, 16.0, 16.0 ], "enabled": false, "autoUv": false },
						"west": { "texture": "#sides2", "uv": [ 14.0, 0.0, 16.0, 16.0 ], "enabled": false, "autoUv": false },
						"up": { "texture": "#sides2", "uv": [ 0.0, 0.0, 16.0, 1.5 ], "enabled": false, "autoUv": false },
						"down": { "texture": "#sides2", "uv": [ 0.0, 0.0, 16.0, 1.5 ], "enabled": false, "autoUv": false }
					}
				},
				{
					"name": "Frame S",
					"from": [ -7.0, -6.0, 15.0 ], 
					"to": [ 8.0, 7.0, 16.0 ], 
					"rotationOrigin": [ -7.0, -6.0, 15.0 ],
					"faces": {
						"north": { "texture": "#sides2", "uv": [ 0.0, 0.0, 16.0, 16.0 ], "enabled": false, "autoUv": false },
						"east": { "texture": "#sides2", "uv": [ 14.0, 0.0, 16.0, 16.0 ], "autoUv": false },
						"south": { "texture": "#sides2", "uv": [ 0.0, 0.0, 16.0, 16.0 ], "autoUv": false },
						"west": { "texture": "#sides2", "uv": [ 0.0, 0.0, 16.0, 16.0 ], "enabled": false, "autoUv": false },
						"up": { "texture": "#sides2", "uv": [ 0.0, 0.0, 1.5, 16.0 ], "enabled": false, "autoUv": false },
						"down": { "texture": "#sides2", "uv": [ 0.0, 0.0, 1.5, 16.0 ], "enabled": false, "autoUv": false }
					}
				},
				{
					"name": "Frame S Front B",
					"from": [ -8.0, -8.0, 15.0 ], 
					"to": [ 8.0, -6.0, 16.0 ], 
					"rotationOrigin": [ -8.0, -8.0, 15.0 ],
					"faces": {
						"north": { "texture": "#lid", "uv": [ 0.0, 0.0, 16.0, 2.5 ], "autoUv": false },
						"east": { "texture": "#lid", "uv": [ 0.0, 0.0, 3.0, 2.5 ], "autoUv": false },
						"south": { "texture": "#lid", "uv": [ 0.0, 0.0, 16.0, 2.5 ], "autoUv": false },
						"west": { "texture": "#lid", "uv": [ 0.0, 0.0, 2.5, 2.5 ], "autoUv": false },
						"up": { "texture": "#lid", "uv": [ 0.0, 0.0, 16.0, 2.5 ], "rotation": 180, "autoUv": false },
						"down": { "texture": "#lid", "uv": [ 0.0, 0.0, 16.0, 2.5 ], "rotation": 180, "autoUv": false }
					}
				},
				{
					"name": "Countertop",
					"from": [ -8.0, 7.0, 0.0 ], 
					"to": [ 8.0, 8.0, 16.0 ], 
					"rotationOrigin": [ -8.0, 7.0, 0.0 ],
					"faces": {
						"north": { "texture": "#lid", "uv": [ 0.0, 3.0, 16.0, 5.0 ], "autoUv": false },
						"east": { "texture": "#lid", "uv": [ 0.0, 5.0, 16.0, 3.0 ], "rotation": 180, "autoUv": false },
						"south": { "texture": "#lid", "uv": [ 0.0, 3.0, 16.0, 5.0 ], "autoUv": false },
						"west": { "texture": "#lid", "uv": [ 0.0, 3.0, 16.0, 5.0 ], "autoUv": false },
						"up": { "texture": "#accessories", "uv": [ 0.0, 0.0, 16.0, 16.0 ], "autoUv": false },
						"down": { "texture": "#accessories", "uv": [ 0.0, 0.0, 16.0, 16.0 ], "autoUv": false }
					}
				},
				{
					"name": "Frame W",
					"from": [ -8.0, -6.0, 1.0 ], 
					"to": [ -7.0, 7.0, 16.0 ], 
					"rotationOrigin": [ -8.0, -6.0, 1.0 ],
					"faces": {
						"north": { "texture": "#sides2", "uv": [ 0.0, 0.0, 16.0, 16.0 ], "enabled": false, "autoUv": false },
						"east": { "texture": "#sides2", "uv": [ 14.5, 0.0, 16.0, 16.0 ], "enabled": false, "autoUv": false },
						"south": { "texture": "#sides2", "uv": [ 1.0, 0.0, 3.0, 16.0 ], "autoUv": false },
						"west": { "texture": "#sides2", "uv": [ 0.0, 0.0, 16.0, 16.0 ], "autoUv": false },
						"up": { "texture": "#sides2", "uv": [ 0.0, 0.0, 16.0, 1.5 ], "enabled": false, "autoUv": false },
						"down": { "texture": "#sides2", "uv": [ 0.0, 0.0, 16.0, 1.5 ], "enabled": false, "autoUv": false }
					}
				},
				{
					"name": "Floor",
					"from": [ -7.0, -8.0, 1.0 ], 
					"to": [ 7.0, -7.0, 15.0 ], 
					"rotationOrigin": [ -7.0, -8.0, 1.0 ],
					"faces": {
						"north": { "texture": "#countertop-border", "uv": [ 0.0, 0.0, 16.0, 2.0 ], "enabled": false, "autoUv": false },
						"east": { "texture": "#countertop-border", "uv": [ 0.0, 2.0, 16.0, 0.0 ], "enabled": false, "autoUv": false },
						"south": { "texture": "#countertop-border", "uv": [ 0.0, 0.0, 16.0, 2.0 ], "enabled": false, "autoUv": false },
						"west": { "texture": "#countertop-border", "uv": [ 0.0, 0.0, 16.0, 2.0 ], "enabled": false, "autoUv": false },
						"up": { "texture": "#accessories", "uv": [ 0.0, 0.0, 16.0, 16.0 ], "enabled": false, "autoUv": false },
						"down": { "texture": "#sides2", "uv": [ 0.0, 0.0, 16.0, 16.0 ], "autoUv": false }
					}
				},
				{
					"name": "Frame S Front W B",
					"from": [ -8.0, -8.0, 1.0 ], 
					"to": [ -7.0, -6.0, 15.0 ], 
					"rotationOrigin": [ -8.0, -8.0, 1.0 ],
					"faces": {
						"north": { "texture": "#lid", "uv": [ 0.0, 0.0, 16.0, 2.5 ], "autoUv": false },
						"east": { "texture": "#lid", "uv": [ 0.0, 0.0, 16.0, 2.5 ], "autoUv": false },
						"south": { "texture": "#lid", "uv": [ 0.0, 0.0, 16.0, 2.5 ], "rotation": 180, "autoUv": false },
						"west": { "texture": "#lid", "uv": [ 0.0, 0.0, 16.0, 2.5 ], "autoUv": false },
						"up": { "texture": "#lid", "uv": [ 0.0, 0.0, 16.0, 2.5 ], "rotation": 90, "autoUv": false },
						"down": { "texture": "#lid", "uv": [ 0.0, 0.0, 16.0, 2.5 ], "rotation": 270, "autoUv": false }
					}
				},
				{
					"name": "Frame S Front N B",
					"from": [ -8.0, -8.0, 0.0 ], 
					"to": [ 8.0, -6.0, 1.0 ], 
					"rotationOrigin": [ -8.0, -8.0, 0.0 ],
					"faces": {
						"north": { "texture": "#lid", "uv": [ 0.0, 0.0, 16.0, 2.5 ], "autoUv": false },
						"east": { "texture": "#lid", "uv": [ 0.0, 0.0, 2.5, 2.5 ], "autoUv": false },
						"south": { "texture": "#lid", "uv": [ 0.0, 0.0, 16.0, 2.5 ], "autoUv": false },
						"west": { "texture": "#lid", "uv": [ 0.0, 0.0, 1.5, 2.5 ], "autoUv": false },
						"up": { "texture": "#lid", "uv": [ 0.0, 0.0, 16.0, 2.5 ], "autoUv": false },
						"down": { "texture": "#lid", "uv": [ 0.0, 0.0, 16.0, 2.5 ], "rotation": 180, "autoUv": false }
					}
				},
				{
					"name": "Frame S Front E B",
					"from": [ 7.0, -8.0, 1.0 ], 
					"to": [ 8.0, -6.0, 15.0 ], 
					"rotationOrigin": [ 7.0, -8.0, 1.0 ],
					"faces": {
						"north": { "texture": "#lid", "uv": [ 0.0, 0.0, 16.0, 2.5 ], "autoUv": false },
						"east": { "texture": "#lid", "uv": [ 0.0, 0.0, 16.0, 2.5 ], "autoUv": false },
						"south": { "texture": "#lid", "uv": [ 0.0, 0.0, 16.0, 2.5 ], "rotation": 180, "autoUv": false },
						"west": { "texture": "#lid", "uv": [ 0.0, 0.0, 16.0, 2.5 ], "autoUv": false },
						"up": { "texture": "#lid", "uv": [ 0.0, 0.0, 16.0, 2.5 ], "rotation": 90, "autoUv": false },
						"down": { "texture": "#lid", "uv": [ 0.0, 0.0, 16.0, 2.5 ], "rotation": 90, "autoUv": false }
					}
				}
			]
		}
	]}